,File,HLA,Avg_Token_NLL,model_path
786,ESMMASK_epitope_FT_15_0.001_1e-06_AUG_6_HLAB2703_2_per_token_metrics.csv,B2703,4.410753263073275e-06,/global/scratch/users/sergiomar10/models/ESMC_Pretrain/HLAHLAB2703/ESMMASK_epitope_FT_15_0.001_1e-06_AUG_6_HLAB2703_2.pt
1135,ESMMASK_epitope_FT_25_0.001_5e-05_AUG_1_HLAA0201_1_per_token_metrics.csv,A0201,2.4580644147489035,/global/scratch/users/sergiomar10/models/ESMC_Pretrain/HLAHLAA0201/ESMMASK_epitope_FT_25_0.001_5e-05_AUG_1_HLAA0201_1.pt
1607,ESMMASK_epitope_FT_20_0.001_1e-06_AUG_6_HLAA1101_1_per_token_metrics.csv,A1101,3.0825121369450486,/global/scratch/users/sergiomar10/models/ESMC_Pretrain/HLAHLAA1101/ESMMASK_epitope_FT_20_0.001_1e-06_AUG_6_HLAA1101_1.pt
1134,ESMMASK_epitope_FT_25_0.001_1e-06_AUG_3_HLAA0201_2_per_token_metrics.csv,A0201,3.5571029501793086,/global/scratch/users/sergiomar10/models/ESMC_Pretrain/HLAHLAA0201/ESMMASK_epitope_FT_25_0.001_1e-06_AUG_3_HLAA0201_2.pt
31,ESMMASK_epitope_FT_25_0.001_5e-05_AUG_3_HLAA3101_2_per_token_metrics.csv,A3101,3.8005630278209566,/global/scratch/users/sergiomar10/models/ESMC_Pretrain/HLAHLAA3101/ESMMASK_epitope_FT_25_0.001_5e-05_AUG_3_HLAA3101_2.pt
1609,ESMMASK_epitope_FT_20_0.001_5e-05_AUG_3_HLAA1101_2_per_token_metrics.csv,A1101,3.843557553618195,/global/scratch/users/sergiomar10/models/ESMC_Pretrain/HLAHLAA1101/ESMMASK_epitope_FT_20_0.001_5e-05_AUG_3_HLAA1101_2.pt
1133,ESMMASK_epitope_FT_20_0.001_1e-06_AUG_3_HLAA0201_2_per_token_metrics.csv,A0201,3.947813235733003,/global/scratch/users/sergiomar10/models/ESMC_Pretrain/HLAHLAA0201/ESMMASK_epitope_FT_20_0.001_1e-06_AUG_3_HLAA0201_2.pt
33,ESMMASK_epitope_FT_25_0.001_5e-05_AUG_6_HLAA3101_2_per_token_metrics.csv,A3101,4.5768317300298795,/global/scratch/users/sergiomar10/models/ESMC_Pretrain/HLAHLAA3101/ESMMASK_epitope_FT_25_0.001_5e-05_AUG_6_HLAA3101_2.pt
1136,ESMMASK_epitope_FT_25_0.001_5e-05_AUG_1_HLAA0201_2_per_token_metrics.csv,A0201,4.6166443804373944,/global/scratch/users/sergiomar10/models/ESMC_Pretrain/HLAHLAA0201/ESMMASK_epitope_FT_25_0.001_5e-05_AUG_1_HLAA0201_2.pt
1446,ESMMASK_epitope_FT_25_0.001_5e-05_AUG_6_HLAA3002_2_per_token_metrics.csv,A3002,4.631337092302102,/global/scratch/users/sergiomar10/models/ESMC_Pretrain/HLAHLAA3002/ESMMASK_epitope_FT_25_0.001_5e-05_AUG_6_HLAA3002_2.pt
1600,ESMMASK_epitope_FT_20_0.001_1e-06_AUG_6_HLAA0301_2_per_token_metrics.csv,A0301,4.659470079363121,/global/scratch/users/sergiomar10/models/ESMC_Pretrain/HLAHLAA0301/ESMMASK_epitope_FT_20_0.001_1e-06_AUG_6_HLAA0301_2.pt
863,ESMMASK_epitope_FT_20_0.001_5e-05_AUG_1_HLAB0702_1_per_token_metrics.csv,B0702,4.781823316722397,/global/scratch/users/sergiomar10/models/ESMC_Pretrain/HLAHLAB0702/ESMMASK_epitope_FT_20_0.001_5e-05_AUG_1_HLAB0702_1.pt
1287,ESMMASK_epitope_FT_25_0.001_5e-05_AUG_3_HLAA0203_1_per_token_metrics.csv,A0203,4.796282277227683,/global/scratch/users/sergiomar10/models/ESMC_Pretrain/HLAHLAA0203/ESMMASK_epitope_FT_25_0.001_5e-05_AUG_3_HLAA0203_1.pt
1601,ESMMASK_epitope_FT_20_0.001_5e-05_AUG_3_HLAA0301_1_per_token_metrics.csv,A0301,4.8124923276188065,/global/scratch/users/sergiomar10/models/ESMC_Pretrain/HLAHLAA0301/ESMMASK_epitope_FT_20_0.001_5e-05_AUG_3_HLAA0301_1.pt
1455,ESMMASK_epitope_FT_25_0.001_1e-06_AUG_6_HLAB5801_2_per_token_metrics.csv,B5801,4.880498578325376,/global/scratch/users/sergiomar10/models/ESMC_Pretrain/HLAHLAB5801/ESMMASK_epitope_FT_25_0.001_1e-06_AUG_6_HLAB5801_2.pt
1130,ESMMASK_epitope_FT_15_0.001_1e-06_AUG_3_HLAA0201_1_per_token_metrics.csv,A0201,4.906624990545175,/global/scratch/users/sergiomar10/models/ESMC_Pretrain/HLAHLAA0201/ESMMASK_epitope_FT_15_0.001_1e-06_AUG_3_HLAA0201_1.pt
1599,ESMMASK_epitope_FT_20_0.001_1e-06_AUG_3_HLAA0301_2_per_token_metrics.csv,A0301,4.997072933972054,/global/scratch/users/sergiomar10/models/ESMC_Pretrain/HLAHLAA0301/ESMMASK_epitope_FT_20_0.001_1e-06_AUG_3_HLAA0301_2.pt
1558,ESMMASK_epitope_FT_20_0.001_1e-06_AUG_1_HLAA6802_1_per_token_metrics.csv,A6802,4.999037047627204,/global/scratch/users/sergiomar10/models/ESMC_Pretrain/HLAHLAA6802/ESMMASK_epitope_FT_20_0.001_1e-06_AUG_1_HLAA6802_1.pt
1267,ESMMASK_epitope_FT_25_0.001_5e-05_AUG_1_HLAB4402_2_per_token_metrics.csv,B4402,5.046711794541737,/global/scratch/users/sergiomar10/models/ESMC_Pretrain/HLAHLAB4402/ESMMASK_epitope_FT_25_0.001_5e-05_AUG_1_HLAB4402_2.pt
1565,ESMMASK_epitope_FT_25_0.001_5e-05_AUG_6_HLAA6802_2_per_token_metrics.csv,A6802,5.06149620559801,/global/scratch/users/sergiomar10/models/ESMC_Pretrain/HLAHLAA6802/ESMMASK_epitope_FT_25_0.001_5e-05_AUG_6_HLAA6802_2.pt
712,ESMMASK_epitope_FT_20_0.001_1e-06_AUG_1_HLAA2402_1_per_token_metrics.csv,A2402,5.068975426804948,/global/scratch/users/sergiomar10/models/ESMC_Pretrain/HLAHLAA2402/ESMMASK_epitope_FT_20_0.001_1e-06_AUG_1_HLAA2402_1.pt
489,ESMMASK_epitope_FT_25_0.001_5e-05_AUG_6_HLAA0202_1_per_token_metrics.csv,A0202,5.07965179551843,/global/scratch/users/sergiomar10/models/ESMC_Pretrain/HLAHLAA0202/ESMMASK_epitope_FT_25_0.001_5e-05_AUG_6_HLAA0202_1.pt
1285,ESMMASK_epitope_FT_20_0.001_5e-05_AUG_3_HLAA0203_1_per_token_metrics.csv,A0203,5.081388743736643,/global/scratch/users/sergiomar10/models/ESMC_Pretrain/HLAHLAA0203/ESMMASK_epitope_FT_20_0.001_5e-05_AUG_3_HLAA0203_1.pt
1642,ESMMASK_epitope_FT_25_0.001_1e-06_AUG_1_HLAA3001_2_per_token_metrics.csv,A3001,5.096935298508137,/global/scratch/users/sergiomar10/models/ESMC_Pretrain/HLAHLAA3001/ESMMASK_epitope_FT_25_0.001_1e-06_AUG_1_HLAA3001_2.pt
1610,ESMMASK_epitope_FT_25_0.001_5e-05_AUG_1_HLAA1101_1_per_token_metrics.csv,A1101,5.098859516010866,/global/scratch/users/sergiomar10/models/ESMC_Pretrain/HLAHLAA1101/ESMMASK_epitope_FT_25_0.001_5e-05_AUG_1_HLAA1101_1.pt
721,ESMMASK_epitope_FT_25_0.001_5e-05_AUG_6_HLAA2402_1_per_token_metrics.csv,A2402,5.121624164960621,/global/scratch/users/sergiomar10/models/ESMC_Pretrain/HLAHLAA2402/ESMMASK_epitope_FT_25_0.001_5e-05_AUG_6_HLAA2402_1.pt
30,ESMMASK_epitope_FT_20_0.001_5e-05_AUG_6_HLAA3101_2_per_token_metrics.csv,A3101,5.157507754027194,/global/scratch/users/sergiomar10/models/ESMC_Pretrain/HLAHLAA3101/ESMMASK_epitope_FT_20_0.001_5e-05_AUG_6_HLAA3101_2.pt
1560,ESMMASK_epitope_FT_20_0.001_5e-05_AUG_3_HLAA6802_2_per_token_metrics.csv,A6802,5.161827569274453,/global/scratch/users/sergiomar10/models/ESMC_Pretrain/HLAHLAA6802/ESMMASK_epitope_FT_20_0.001_5e-05_AUG_3_HLAA6802_2.pt
1284,ESMMASK_epitope_FT_20_0.001_1e-06_AUG_6_HLAA0203_1_per_token_metrics.csv,A0203,5.178454629900371,/global/scratch/users/sergiomar10/models/ESMC_Pretrain/HLAHLAA0203/ESMMASK_epitope_FT_20_0.001_1e-06_AUG_6_HLAA0203_1.pt
1762,ESMMASK_epitope_FT_25_0.001_5e-05_AUG_6_HLAA6801_2_per_token_metrics.csv,A6801,5.197213878942193,/global/scratch/users/sergiomar10/models/ESMC_Pretrain/HLAHLAA6801/ESMMASK_epitope_FT_25_0.001_5e-05_AUG_6_HLAA6801_2.pt
578,ESMMASK_epitope_FT_25_0.001_1e-06_AUG_3_HLAB2705_2_per_token_metrics.csv,B2705,5.22168345508032,/global/scratch/users/sergiomar10/models/ESMC_Pretrain/HLAHLAB2705/ESMMASK_epitope_FT_25_0.001_1e-06_AUG_3_HLAB2705_2.pt
484,ESMMASK_epitope_FT_20_0.001_5e-05_AUG_3_HLAA0202_1_per_token_metrics.csv,A0202,5.26854919767329,/global/scratch/users/sergiomar10/models/ESMC_Pretrain/HLAHLAA0202/ESMMASK_epitope_FT_20_0.001_5e-05_AUG_3_HLAA0202_1.pt
1608,ESMMASK_epitope_FT_20_0.001_5e-05_AUG_1_HLAA1101_1_per_token_metrics.csv,A1101,5.272692899571857,/global/scratch/users/sergiomar10/models/ESMC_Pretrain/HLAHLAA1101/ESMMASK_epitope_FT_20_0.001_5e-05_AUG_1_HLAA1101_1.pt
486,ESMMASK_epitope_FT_20_0.001_5e-05_AUG_6_HLAA0202_2_per_token_metrics.csv,A0202,5.283586325931904,/global/scratch/users/sergiomar10/models/ESMC_Pretrain/HLAHLAA0202/ESMMASK_epitope_FT_20_0.001_5e-05_AUG_6_HLAA0202_2.pt
1644,ESMMASK_epitope_FT_25_0.001_5e-05_AUG_6_HLAA3001_2_per_token_metrics.csv,A3001,5.292827243436228,/global/scratch/users/sergiomar10/models/ESMC_Pretrain/HLAHLAA3001/ESMMASK_epitope_FT_25_0.001_5e-05_AUG_6_HLAA3001_2.pt
1338,ESMMASK_epitope_FT_25_0.001_5e-05_AUG_3_HLAA0206_2_per_token_metrics.csv,A0206,5.3220193672989025,/global/scratch/users/sergiomar10/models/ESMC_Pretrain/HLAHLAA0206/ESMMASK_epitope_FT_25_0.001_5e-05_AUG_3_HLAA0206_2.pt
1604,ESMMASK_epitope_FT_25_0.001_5e-05_AUG_3_HLAA0301_2_per_token_metrics.csv,A0301,5.349375838676636,/global/scratch/users/sergiomar10/models/ESMC_Pretrain/HLAHLAA0301/ESMMASK_epitope_FT_25_0.001_5e-05_AUG_3_HLAA0301_2.pt
1137,ESMMASK_epitope_FT_25_0.001_5e-05_AUG_3_HLAA0201_2_per_token_metrics.csv,A0201,5.417645214875439,/global/scratch/users/sergiomar10/models/ESMC_Pretrain/HLAHLAA0201/ESMMASK_epitope_FT_25_0.001_5e-05_AUG_3_HLAA0201_2.pt
1438,ESMMASK_epitope_FT_15_0.001_1e-06_AUG_1_HLAA3002_1_per_token_metrics.csv,A3002,5.423893646235571,/global/scratch/users/sergiomar10/models/ESMC_Pretrain/HLAHLAA3002/ESMMASK_epitope_FT_15_0.001_1e-06_AUG_1_HLAA3002_1.pt
508,ESMMASK_epitope_FT_25_0.001_1e-06_AUG_3_HLAB4403_1_per_token_metrics.csv,B4403,5.440604232173646,/global/scratch/users/sergiomar10/models/ESMC_Pretrain/HLAHLAB4403/ESMMASK_epitope_FT_25_0.001_1e-06_AUG_3_HLAB4403_1.pt
269,ESMMASK_epitope_FT_25_0.001_5e-05_AUG_3_HLAA0101_2_per_token_metrics.csv,A0101,5.443155226017793,/global/scratch/users/sergiomar10/models/ESMC_Pretrain/HLAHLAA0101/ESMMASK_epitope_FT_25_0.001_5e-05_AUG_3_HLAA0101_2.pt
946,ESMMASK_epitope_FT_25_0.001_1e-06_AUG_6_HLAA2301_2_per_token_metrics.csv,A2301,5.472540158931685,/global/scratch/users/sergiomar10/models/ESMC_Pretrain/HLAHLAA2301/ESMMASK_epitope_FT_25_0.001_1e-06_AUG_6_HLAA2301_2.pt
861,ESMMASK_epitope_FT_20_0.001_1e-06_AUG_6_HLAB0702_1_per_token_metrics.csv,B0702,5.488096400712495,/global/scratch/users/sergiomar10/models/ESMC_Pretrain/HLAHLAB0702/ESMMASK_epitope_FT_20_0.001_1e-06_AUG_6_HLAB0702_1.pt
488,ESMMASK_epitope_FT_25_0.001_1e-06_AUG_6_HLAA0202_1_per_token_metrics.csv,A0202,5.496165125061836,/global/scratch/users/sergiomar10/models/ESMC_Pretrain/HLAHLAA0202/ESMMASK_epitope_FT_25_0.001_1e-06_AUG_6_HLAA0202_1.pt
862,ESMMASK_epitope_FT_20_0.001_1e-06_AUG_6_HLAB0702_2_per_token_metrics.csv,B0702,5.50116387321317,/global/scratch/users/sergiomar10/models/ESMC_Pretrain/HLAHLAB0702/ESMMASK_epitope_FT_20_0.001_1e-06_AUG_6_HLAB0702_2.pt
1280,ESMMASK_epitope_FT_20_0.001_5e-05_AUG_1_HLAB3501_1_per_token_metrics.csv,B3501,5.5231727730359195,/global/scratch/users/sergiomar10/models/ESMC_Pretrain/HLAHLAB3501/ESMMASK_epitope_FT_20_0.001_5e-05_AUG_1_HLAB3501_1.pt
868,ESMMASK_epitope_FT_25_0.001_5e-05_AUG_1_HLAB0702_1_per_token_metrics.csv,B0702,5.589896266812341,/global/scratch/users/sergiomar10/models/ESMC_Pretrain/HLAHLAB0702/ESMMASK_epitope_FT_25_0.001_5e-05_AUG_1_HLAB0702_1.pt
1511,ESMMASK_epitope_FT_20_0.001_1e-06_AUG_6_HLAB1503_1_per_token_metrics.csv,B1503,5.593078808268639,/global/scratch/users/sergiomar10/models/ESMC_Pretrain/HLAHLAB1503/ESMMASK_epitope_FT_20_0.001_1e-06_AUG_6_HLAB1503_1.pt
1602,ESMMASK_epitope_FT_25_0.001_1e-06_AUG_1_HLAA0301_1_per_token_metrics.csv,A0301,5.612212956453872,/global/scratch/users/sergiomar10/models/ESMC_Pretrain/HLAHLAA0301/ESMMASK_epitope_FT_25_0.001_1e-06_AUG_1_HLAA0301_1.pt
1336,ESMMASK_epitope_FT_20_0.001_5e-05_AUG_3_HLAA0206_1_per_token_metrics.csv,A0206,5.623606873340354,/global/scratch/users/sergiomar10/models/ESMC_Pretrain/HLAHLAA0206/ESMMASK_epitope_FT_20_0.001_5e-05_AUG_3_HLAA0206_1.pt
1641,ESMMASK_epitope_FT_20_0.001_5e-05_AUG_3_HLAA3001_1_per_token_metrics.csv,A3001,5.629319499671931,/global/scratch/users/sergiomar10/models/ESMC_Pretrain/HLAHLAA3001/ESMMASK_epitope_FT_20_0.001_5e-05_AUG_3_HLAA3001_1.pt
482,ESMMASK_epitope_FT_20_0.001_1e-06_AUG_6_HLAA0202_2_per_token_metrics.csv,A0202,5.6778554469183495,/global/scratch/users/sergiomar10/models/ESMC_Pretrain/HLAHLAA0202/ESMMASK_epitope_FT_20_0.001_1e-06_AUG_6_HLAA0202_2.pt
32,ESMMASK_epitope_FT_25_0.001_5e-05_AUG_6_HLAA3101_1_per_token_metrics.csv,A3101,5.685043915764373,/global/scratch/users/sergiomar10/models/ESMC_Pretrain/HLAHLAA3101/ESMMASK_epitope_FT_25_0.001_5e-05_AUG_6_HLAA3101_1.pt
1761,ESMMASK_epitope_FT_20_0.001_5e-05_AUG_3_HLAA6801_2_per_token_metrics.csv,A6801,5.700128855794569,/global/scratch/users/sergiomar10/models/ESMC_Pretrain/HLAHLAA6801/ESMMASK_epitope_FT_20_0.001_5e-05_AUG_3_HLAA6801_2.pt
1603,ESMMASK_epitope_FT_25_0.001_5e-05_AUG_1_HLAA0301_2_per_token_metrics.csv,A0301,5.706431749710939,/global/scratch/users/sergiomar10/models/ESMC_Pretrain/HLAHLAA0301/ESMMASK_epitope_FT_25_0.001_5e-05_AUG_1_HLAA0301_2.pt
1596,ESMMASK_epitope_FT_15_0.001_1e-06_AUG_6_HLAA0301_2_per_token_metrics.csv,A0301,5.751429646901499,/global/scratch/users/sergiomar10/models/ESMC_Pretrain/HLAHLAA0301/ESMMASK_epitope_FT_15_0.001_1e-06_AUG_6_HLAA0301_2.pt
720,ESMMASK_epitope_FT_25_0.001_5e-05_AUG_3_HLAA2402_2_per_token_metrics.csv,A2402,5.761665115075443,/global/scratch/users/sergiomar10/models/ESMC_Pretrain/HLAHLAA2402/ESMMASK_epitope_FT_25_0.001_5e-05_AUG_3_HLAA2402_2.pt
29,ESMMASK_epitope_FT_20_0.001_1e-06_AUG_6_HLAA3101_2_per_token_metrics.csv,A3101,5.776091236692835,/global/scratch/users/sergiomar10/models/ESMC_Pretrain/HLAHLAA3101/ESMMASK_epitope_FT_20_0.001_1e-06_AUG_6_HLAA3101_2.pt
1559,ESMMASK_epitope_FT_20_0.001_1e-06_AUG_6_HLAA6802_1_per_token_metrics.csv,A6802,5.787814522006761,/global/scratch/users/sergiomar10/models/ESMC_Pretrain/HLAHLAA6802/ESMMASK_epitope_FT_20_0.001_1e-06_AUG_6_HLAA6802_1.pt
718,ESMMASK_epitope_FT_25_0.001_1e-06_AUG_6_HLAA2402_1_per_token_metrics.csv,A2402,5.86612565960213,/global/scratch/users/sergiomar10/models/ESMC_Pretrain/HLAHLAA2402/ESMMASK_epitope_FT_25_0.001_1e-06_AUG_6_HLAA2402_1.pt
485,ESMMASK_epitope_FT_20_0.001_5e-05_AUG_3_HLAA0202_2_per_token_metrics.csv,A0202,5.877045937212686,/global/scratch/users/sergiomar10/models/ESMC_Pretrain/HLAHLAA0202/ESMMASK_epitope_FT_20_0.001_5e-05_AUG_3_HLAA0202_2.pt
1131,ESMMASK_epitope_FT_15_0.001_5e-05_AUG_1_HLAA0201_1_per_token_metrics.csv,A0201,5.895048484715378,/global/scratch/users/sergiomar10/models/ESMC_Pretrain/HLAHLAA0201/ESMMASK_epitope_FT_15_0.001_5e-05_AUG_1_HLAA0201_1.pt
714,ESMMASK_epitope_FT_20_0.001_1e-06_AUG_6_HLAA2402_1_per_token_metrics.csv,A2402,5.924323679706325,/global/scratch/users/sergiomar10/models/ESMC_Pretrain/HLAHLAA2402/ESMMASK_epitope_FT_20_0.001_1e-06_AUG_6_HLAA2402_1.pt
865,ESMMASK_epitope_FT_20_0.001_5e-05_AUG_6_HLAB0702_1_per_token_metrics.csv,B0702,5.969596643745027,/global/scratch/users/sergiomar10/models/ESMC_Pretrain/HLAHLAB0702/ESMMASK_epitope_FT_20_0.001_5e-05_AUG_6_HLAB0702_1.pt
487,ESMMASK_epitope_FT_25_0.001_1e-06_AUG_3_HLAA0202_1_per_token_metrics.csv,A0202,5.986034702893881,/global/scratch/users/sergiomar10/models/ESMC_Pretrain/HLAHLAA0202/ESMMASK_epitope_FT_25_0.001_1e-06_AUG_3_HLAA0202_1.pt
618,ESMMASK_epitope_FT_20_0.001_5e-05_AUG_1_HLAC0802_2_per_token_metrics.csv,C0802,5.989539507781635,/global/scratch/users/sergiomar10/models/ESMC_Pretrain/HLAHLAC0802/ESMMASK_epitope_FT_20_0.001_5e-05_AUG_1_HLAC0802_2.pt
1598,ESMMASK_epitope_FT_15_0.001_5e-05_AUG_6_HLAA0301_2_per_token_metrics.csv,A0301,6.0120014903226116,/global/scratch/users/sergiomar10/models/ESMC_Pretrain/HLAHLAA0301/ESMMASK_epitope_FT_15_0.001_5e-05_AUG_6_HLAA0301_2.pt
270,ESMMASK_epitope_FT_25_0.001_5e-05_AUG_6_HLAA0101_2_per_token_metrics.csv,A0101,6.023623313523525,/global/scratch/users/sergiomar10/models/ESMC_Pretrain/HLAHLAA0101/ESMMASK_epitope_FT_25_0.001_5e-05_AUG_6_HLAA0101_2.pt
866,ESMMASK_epitope_FT_25_0.001_1e-06_AUG_1_HLAB0702_2_per_token_metrics.csv,B0702,6.038583689436901,/global/scratch/users/sergiomar10/models/ESMC_Pretrain/HLAHLAB0702/ESMMASK_epitope_FT_25_0.001_1e-06_AUG_1_HLAB0702_2.pt
1759,ESMMASK_epitope_FT_20_0.001_1e-06_AUG_6_HLAA6801_1_per_token_metrics.csv,A6801,6.061374516984183,/global/scratch/users/sergiomar10/models/ESMC_Pretrain/HLAHLAA6801/ESMMASK_epitope_FT_20_0.001_1e-06_AUG_6_HLAA6801_1.pt
268,ESMMASK_epitope_FT_25_0.001_5e-05_AUG_1_HLAA0101_2_per_token_metrics.csv,A0101,6.084152945911841,/global/scratch/users/sergiomar10/models/ESMC_Pretrain/HLAHLAA0101/ESMMASK_epitope_FT_25_0.001_5e-05_AUG_1_HLAA0101_2.pt
511,ESMMASK_epitope_FT_25_0.001_5e-05_AUG_6_HLAB4403_2_per_token_metrics.csv,B4403,6.101679301528767,/global/scratch/users/sergiomar10/models/ESMC_Pretrain/HLAHLAB4403/ESMMASK_epitope_FT_25_0.001_5e-05_AUG_6_HLAB4403_2.pt
266,ESMMASK_epitope_FT_20_0.001_1e-06_AUG_6_HLAA0101_2_per_token_metrics.csv,A0101,6.125404256881356,/global/scratch/users/sergiomar10/models/ESMC_Pretrain/HLAHLAA0101/ESMMASK_epitope_FT_20_0.001_1e-06_AUG_6_HLAA0101_2.pt
262,ESMMASK_epitope_FT_15_0.001_5e-05_AUG_1_HLAA0101_1_per_token_metrics.csv,A0101,6.200648804243885,/global/scratch/users/sergiomar10/models/ESMC_Pretrain/HLAHLAA0101/ESMMASK_epitope_FT_15_0.001_5e-05_AUG_1_HLAA0101_1.pt
481,ESMMASK_epitope_FT_20_0.001_1e-06_AUG_6_HLAA0202_1_per_token_metrics.csv,A0202,6.22953359835692,/global/scratch/users/sergiomar10/models/ESMC_Pretrain/HLAHLAA0202/ESMMASK_epitope_FT_20_0.001_1e-06_AUG_6_HLAA0202_1.pt
1453,ESMMASK_epitope_FT_25_0.001_1e-06_AUG_1_HLAB5801_2_per_token_metrics.csv,B5801,6.251997153390444,/global/scratch/users/sergiomar10/models/ESMC_Pretrain/HLAHLAB5801/ESMMASK_epitope_FT_25_0.001_1e-06_AUG_1_HLAB5801_2.pt
715,ESMMASK_epitope_FT_20_0.001_5e-05_AUG_1_HLAA2402_1_per_token_metrics.csv,A2402,6.255517345192917,/global/scratch/users/sergiomar10/models/ESMC_Pretrain/HLAHLAA2402/ESMMASK_epitope_FT_20_0.001_5e-05_AUG_1_HLAA2402_1.pt
1555,ESMMASK_epitope_FT_25_0.001_5e-05_AUG_6_HLAB4001_1_per_token_metrics.csv,B4001,6.299292494806741,/global/scratch/users/sergiomar10/models/ESMC_Pretrain/HLAHLAB4001/ESMMASK_epitope_FT_25_0.001_5e-05_AUG_6_HLAB4001_1.pt
716,ESMMASK_epitope_FT_20_0.001_5e-05_AUG_1_HLAA2402_2_per_token_metrics.csv,A2402,6.318591211407976,/global/scratch/users/sergiomar10/models/ESMC_Pretrain/HLAHLAA2402/ESMMASK_epitope_FT_20_0.001_5e-05_AUG_1_HLAA2402_2.pt
1479,ESMMASK_epitope_FT_25_0.001_5e-05_AUG_3_HLAA3301_2_per_token_metrics.csv,A3301,6.366448864938239,/global/scratch/users/sergiomar10/models/ESMC_Pretrain/HLAHLAA3301/ESMMASK_epitope_FT_25_0.001_5e-05_AUG_3_HLAA3301_2.pt
869,ESMMASK_epitope_FT_25_0.001_5e-05_AUG_3_HLAB0702_1_per_token_metrics.csv,B0702,6.372870225454731,/global/scratch/users/sergiomar10/models/ESMC_Pretrain/HLAHLAB0702/ESMMASK_epitope_FT_25_0.001_5e-05_AUG_3_HLAB0702_1.pt
1675,ESMMASK_epitope_FT_20_0.001_1e-06_AUG_1_HLAB1501_1_per_token_metrics.csv,B1501,6.380079164037021,/global/scratch/users/sergiomar10/models/ESMC_Pretrain/HLAHLAB1501/ESMMASK_epitope_FT_20_0.001_1e-06_AUG_1_HLAB1501_1.pt
673,ESMMASK_epitope_FT_25_0.001_1e-06_AUG_3_HLAA6901_1_per_token_metrics.csv,A6901,6.411010359336861,/global/scratch/users/sergiomar10/models/ESMC_Pretrain/HLAHLAA6901/ESMMASK_epitope_FT_25_0.001_1e-06_AUG_3_HLAA6901_1.pt
1288,ESMMASK_epitope_FT_25_0.001_5e-05_AUG_6_HLAA0203_2_per_token_metrics.csv,A0203,6.411852711314573,/global/scratch/users/sergiomar10/models/ESMC_Pretrain/HLAHLAA0203/ESMMASK_epitope_FT_25_0.001_5e-05_AUG_6_HLAA0203_2.pt
1132,ESMMASK_epitope_FT_15_0.001_5e-05_AUG_3_HLAA0201_2_per_token_metrics.csv,A0201,6.472380728400126,/global/scratch/users/sergiomar10/models/ESMC_Pretrain/HLAHLAA0201/ESMMASK_epitope_FT_15_0.001_5e-05_AUG_3_HLAA0201_2.pt
1597,ESMMASK_epitope_FT_15_0.001_5e-05_AUG_1_HLAA0301_1_per_token_metrics.csv,A0301,6.504412898832193,/global/scratch/users/sergiomar10/models/ESMC_Pretrain/HLAHLAA0301/ESMMASK_epitope_FT_15_0.001_5e-05_AUG_1_HLAA0301_1.pt
1337,ESMMASK_epitope_FT_25_0.001_1e-06_AUG_3_HLAA0206_1_per_token_metrics.csv,A0206,6.530895554789592,/global/scratch/users/sergiomar10/models/ESMC_Pretrain/HLAHLAA0206/ESMMASK_epitope_FT_25_0.001_1e-06_AUG_3_HLAA0206_1.pt
1339,ESMMASK_epitope_FT_25_0.001_5e-05_AUG_6_HLAA0206_1_per_token_metrics.csv,A0206,6.550725681090637,/global/scratch/users/sergiomar10/models/ESMC_Pretrain/HLAHLAA0206/ESMMASK_epitope_FT_25_0.001_5e-05_AUG_6_HLAA0206_1.pt
713,ESMMASK_epitope_FT_20_0.001_1e-06_AUG_1_HLAA2402_2_per_token_metrics.csv,A2402,6.587411741802393,/global/scratch/users/sergiomar10/models/ESMC_Pretrain/HLAHLAA2402/ESMMASK_epitope_FT_20_0.001_1e-06_AUG_1_HLAA2402_2.pt
510,ESMMASK_epitope_FT_25_0.001_5e-05_AUG_6_HLAB4403_1_per_token_metrics.csv,B4403,6.595121767795216,/global/scratch/users/sergiomar10/models/ESMC_Pretrain/HLAHLAB4403/ESMMASK_epitope_FT_25_0.001_5e-05_AUG_6_HLAB4403_1.pt
1293,ESMMASK_epitope_FT_20_0.001_1e-06_AUG_1_HLAA2902_1_per_token_metrics.csv,A2902,6.595949310662865,/global/scratch/users/sergiomar10/models/ESMC_Pretrain/HLAHLAA2902/ESMMASK_epitope_FT_20_0.001_1e-06_AUG_1_HLAA2902_1.pt
1676,ESMMASK_epitope_FT_25_0.001_1e-06_AUG_6_HLAB1501_1_per_token_metrics.csv,B1501,6.599678769925224,/global/scratch/users/sergiomar10/models/ESMC_Pretrain/HLAHLAB1501/ESMMASK_epitope_FT_25_0.001_1e-06_AUG_6_HLAB1501_1.pt
1312,ESMMASK_epitope_FT_25_0.001_5e-05_AUG_6_HLAB5301_1_per_token_metrics.csv,B5301,6.648915201366795,/global/scratch/users/sergiomar10/models/ESMC_Pretrain/HLAHLAB5301/ESMMASK_epitope_FT_25_0.001_5e-05_AUG_6_HLAB5301_1.pt
1606,ESMMASK_epitope_FT_15_0.001_5e-05_AUG_1_HLAA1101_2_per_token_metrics.csv,A1101,6.651188434757357,/global/scratch/users/sergiomar10/models/ESMC_Pretrain/HLAHLAA1101/ESMMASK_epitope_FT_15_0.001_5e-05_AUG_1_HLAA1101_2.pt
1553,ESMMASK_epitope_FT_20_0.001_5e-05_AUG_6_HLAB4001_2_per_token_metrics.csv,B4001,6.6878240328102,/global/scratch/users/sergiomar10/models/ESMC_Pretrain/HLAHLAB4001/ESMMASK_epitope_FT_20_0.001_5e-05_AUG_6_HLAB4001_2.pt
579,ESMMASK_epitope_FT_25_0.001_5e-05_AUG_1_HLAB2705_1_per_token_metrics.csv,B2705,6.704939875340879,/global/scratch/users/sergiomar10/models/ESMC_Pretrain/HLAHLAB2705/ESMMASK_epitope_FT_25_0.001_5e-05_AUG_1_HLAB2705_1.pt
466,ESMMASK_epitope_FT_25_0.001_5e-05_AUG_1_HLAA2601_1_per_token_metrics.csv,A2601,6.782982691661544,/global/scratch/users/sergiomar10/models/ESMC_Pretrain/HLAHLAA2601/ESMMASK_epitope_FT_25_0.001_5e-05_AUG_1_HLAA2601_1.pt
1263,ESMMASK_epitope_FT_20_0.001_5e-05_AUG_3_HLAB4402_1_per_token_metrics.csv,B4402,6.788216026574142,/global/scratch/users/sergiomar10/models/ESMC_Pretrain/HLAHLAB4402/ESMMASK_epitope_FT_20_0.001_5e-05_AUG_3_HLAB4402_1.pt
1519,ESMMASK_epitope_FT_25_0.001_5e-05_AUG_6_HLAB1503_2_per_token_metrics.csv,B1503,6.799019045080824,/global/scratch/users/sergiomar10/models/ESMC_Pretrain/HLAHLAB1503/ESMMASK_epitope_FT_25_0.001_5e-05_AUG_6_HLAB1503_2.pt
1281,ESMMASK_epitope_FT_15_0.001_1e-06_AUG_1_HLAA0203_2_per_token_metrics.csv,A0203,6.809851369140949,/global/scratch/users/sergiomar10/models/ESMC_Pretrain/HLAHLAA0203/ESMMASK_epitope_FT_15_0.001_1e-06_AUG_1_HLAA0203_2.pt
719,ESMMASK_epitope_FT_25_0.001_5e-05_AUG_3_HLAA2402_1_per_token_metrics.csv,A2402,6.8471571426403335,/global/scratch/users/sergiomar10/models/ESMC_Pretrain/HLAHLAA2402/ESMMASK_epitope_FT_25_0.001_5e-05_AUG_3_HLAA2402_1.pt
943,ESMMASK_epitope_FT_20_0.001_5e-05_AUG_3_HLAA2301_1_per_token_metrics.csv,A2301,6.857063529800071,/global/scratch/users/sergiomar10/models/ESMC_Pretrain/HLAHLAA2301/ESMMASK_epitope_FT_20_0.001_5e-05_AUG_3_HLAA2301_1.pt
1564,ESMMASK_epitope_FT_25_0.001_5e-05_AUG_1_HLAA6802_1_per_token_metrics.csv,A6802,6.918177222311041,/global/scratch/users/sergiomar10/models/ESMC_Pretrain/HLAHLAA6802/ESMMASK_epitope_FT_25_0.001_5e-05_AUG_1_HLAA6802_1.pt
815,ESMMASK_epitope_FT_25_0.001_5e-05_AUG_6_HLAC0602_1_per_token_metrics.csv,C0602,6.9205179088315125,/global/scratch/users/sergiomar10/models/ESMC_Pretrain/HLAHLAC0602/ESMMASK_epitope_FT_25_0.001_5e-05_AUG_6_HLAC0602_1.pt
1634,ESMMASK_epitope_FT_20_0.001_5e-05_AUG_1_HLAB5401_2_per_token_metrics.csv,B5401,6.947017459336223,/global/scratch/users/sergiomar10/models/ESMC_Pretrain/HLAHLAB5401/ESMMASK_epitope_FT_20_0.001_5e-05_AUG_1_HLAB5401_2.pt
265,ESMMASK_epitope_FT_20_0.001_1e-06_AUG_3_HLAA0101_2_per_token_metrics.csv,A0101,6.988933227515721,/global/scratch/users/sergiomar10/models/ESMC_Pretrain/HLAHLAA0101/ESMMASK_epitope_FT_20_0.001_1e-06_AUG_3_HLAA0101_2.pt
134,ESMMASK_epitope_FT_20_0.001_1e-06_AUG_1_HLAB0801_1_per_token_metrics.csv,B0801,7.009539638602491,/global/scratch/users/sergiomar10/models/ESMC_Pretrain/HLAHLAB0801/ESMMASK_epitope_FT_20_0.001_1e-06_AUG_1_HLAB0801_1.pt
534,ESMMASK_epitope_FT_15_0.001_5e-05_AUG_1_HLAA3201_2_per_token_metrics.csv,A3201,7.047213537634173,/global/scratch/users/sergiomar10/models/ESMC_Pretrain/HLAHLAA3201/ESMMASK_epitope_FT_15_0.001_5e-05_AUG_1_HLAA3201_2.pt
1622,ESMMASK_epitope_FT_25_0.001_5e-05_AUG_3_HLAA2403_1_per_token_metrics.csv,A2403,7.056415886177855,/global/scratch/users/sergiomar10/models/ESMC_Pretrain/HLAHLAA2403/ESMMASK_epitope_FT_25_0.001_5e-05_AUG_3_HLAA2403_1.pt
1551,ESMMASK_epitope_FT_20_0.001_1e-06_AUG_6_HLAB4001_2_per_token_metrics.csv,B4001,7.062207364217979,/global/scratch/users/sergiomar10/models/ESMC_Pretrain/HLAHLAB4001/ESMMASK_epitope_FT_20_0.001_1e-06_AUG_6_HLAB4001_2.pt
1561,ESMMASK_epitope_FT_25_0.001_1e-06_AUG_1_HLAA6802_2_per_token_metrics.csv,A6802,7.091315740200953,/global/scratch/users/sergiomar10/models/ESMC_Pretrain/HLAHLAA6802/ESMMASK_epitope_FT_25_0.001_1e-06_AUG_1_HLAA6802_2.pt
541,ESMMASK_epitope_FT_25_0.001_5e-05_AUG_1_HLAA3201_2_per_token_metrics.csv,A3201,7.102462089497501,/global/scratch/users/sergiomar10/models/ESMC_Pretrain/HLAHLAA3201/ESMMASK_epitope_FT_25_0.001_5e-05_AUG_1_HLAA3201_2.pt
1605,ESMMASK_epitope_FT_15_0.001_1e-06_AUG_6_HLAA1101_1_per_token_metrics.csv,A1101,7.116299568627708,/global/scratch/users/sergiomar10/models/ESMC_Pretrain/HLAHLAA1101/ESMMASK_epitope_FT_15_0.001_1e-06_AUG_6_HLAA1101_1.pt
1513,ESMMASK_epitope_FT_25_0.001_1e-06_AUG_1_HLAB1503_1_per_token_metrics.csv,B1503,7.161659893924062,/global/scratch/users/sergiomar10/models/ESMC_Pretrain/HLAHLAB1503/ESMMASK_epitope_FT_25_0.001_1e-06_AUG_1_HLAB1503_1.pt
137,ESMMASK_epitope_FT_20_0.001_1e-06_AUG_6_HLAB0801_2_per_token_metrics.csv,B0801,7.232068515543044,/global/scratch/users/sergiomar10/models/ESMC_Pretrain/HLAHLAB0801/ESMMASK_epitope_FT_20_0.001_1e-06_AUG_6_HLAB0801_2.pt
27,ESMMASK_epitope_FT_15_0.001_1e-06_AUG_1_HLAA3101_1_per_token_metrics.csv,A3101,7.251536798246904,/global/scratch/users/sergiomar10/models/ESMC_Pretrain/HLAHLAA3101/ESMMASK_epitope_FT_15_0.001_1e-06_AUG_1_HLAA3101_1.pt
1677,ESMMASK_epitope_FT_25_0.001_5e-05_AUG_6_HLAB1501_2_per_token_metrics.csv,B1501,7.323176006938331,/global/scratch/users/sergiomar10/models/ESMC_Pretrain/HLAHLAB1501/ESMMASK_epitope_FT_25_0.001_5e-05_AUG_6_HLAB1501_2.pt
1295,ESMMASK_epitope_FT_20_0.001_1e-06_AUG_6_HLAA2902_2_per_token_metrics.csv,A2902,7.324715308066033,/global/scratch/users/sergiomar10/models/ESMC_Pretrain/HLAHLAA2902/ESMMASK_epitope_FT_20_0.001_1e-06_AUG_6_HLAA2902_2.pt
1310,ESMMASK_epitope_FT_25_0.001_1e-06_AUG_3_HLAB5301_2_per_token_metrics.csv,B5301,7.357525367269447,/global/scratch/users/sergiomar10/models/ESMC_Pretrain/HLAHLAB5301/ESMMASK_epitope_FT_25_0.001_1e-06_AUG_3_HLAB5301_2.pt
1328,ESMMASK_epitope_FT_25_0.001_1e-06_AUG_1_HLAB4506_1_per_token_metrics.csv,B4506,7.37434731629347,/global/scratch/users/sergiomar10/models/ESMC_Pretrain/HLAHLAB4506/ESMMASK_epitope_FT_25_0.001_1e-06_AUG_1_HLAB4506_1.pt
141,ESMMASK_epitope_FT_25_0.001_5e-05_AUG_3_HLAB0801_1_per_token_metrics.csv,B0801,7.378371799387496,/global/scratch/users/sergiomar10/models/ESMC_Pretrain/HLAHLAB0801/ESMMASK_epitope_FT_25_0.001_5e-05_AUG_3_HLAB0801_1.pt
1673,ESMMASK_epitope_FT_15_0.001_1e-06_AUG_6_HLAB1501_2_per_token_metrics.csv,B1501,7.430600554419907,/global/scratch/users/sergiomar10/models/ESMC_Pretrain/HLAHLAB1501/ESMMASK_epitope_FT_15_0.001_1e-06_AUG_6_HLAB1501_2.pt
1333,ESMMASK_epitope_FT_15_0.001_5e-05_AUG_3_HLAA0206_2_per_token_metrics.csv,A0206,7.443782530977471,/global/scratch/users/sergiomar10/models/ESMC_Pretrain/HLAHLAA0206/ESMMASK_epitope_FT_15_0.001_5e-05_AUG_3_HLAA0206_2.pt
1331,ESMMASK_epitope_FT_25_0.001_5e-05_AUG_6_HLAB4506_1_per_token_metrics.csv,B4506,7.48563961939368,/global/scratch/users/sergiomar10/models/ESMC_Pretrain/HLAHLAB4506/ESMMASK_epitope_FT_25_0.001_5e-05_AUG_6_HLAB4506_1.pt
483,ESMMASK_epitope_FT_20_0.001_5e-05_AUG_1_HLAA0202_1_per_token_metrics.csv,A0202,7.51104290398338,/global/scratch/users/sergiomar10/models/ESMC_Pretrain/HLAHLAA0202/ESMMASK_epitope_FT_20_0.001_5e-05_AUG_1_HLAA0202_1.pt
1546,ESMMASK_epitope_FT_15_0.001_1e-06_AUG_3_HLAB4001_1_per_token_metrics.csv,B4001,7.546085896252976,/global/scratch/users/sergiomar10/models/ESMC_Pretrain/HLAHLAB4001/ESMMASK_epitope_FT_15_0.001_1e-06_AUG_3_HLAB4001_1.pt
860,ESMMASK_epitope_FT_15_0.001_5e-05_AUG_6_HLAB0702_2_per_token_metrics.csv,B0702,7.5474990936660715,/global/scratch/users/sergiomar10/models/ESMC_Pretrain/HLAHLAB0702/ESMMASK_epitope_FT_15_0.001_5e-05_AUG_6_HLAB0702_2.pt
783,ESMMASK_epitope_FT_25_0.001_1e-06_AUG_6_HLAB5701_2_per_token_metrics.csv,B5701,7.562172044996956,/global/scratch/users/sergiomar10/models/ESMC_Pretrain/HLAHLAB5701/ESMMASK_epitope_FT_25_0.001_1e-06_AUG_6_HLAB5701_2.pt
1532,ESMMASK_epitope_FT_25_0.001_1e-06_AUG_3_HLAC0401_2_per_token_metrics.csv,C0401,7.628026871429029,/global/scratch/users/sergiomar10/models/ESMC_Pretrain/HLAHLAC0401/ESMMASK_epitope_FT_25_0.001_1e-06_AUG_3_HLAC0401_2.pt
263,ESMMASK_epitope_FT_15_0.001_5e-05_AUG_3_HLAA0101_2_per_token_metrics.csv,A0101,7.704272613642236,/global/scratch/users/sergiomar10/models/ESMC_Pretrain/HLAHLAA0101/ESMMASK_epitope_FT_15_0.001_5e-05_AUG_3_HLAA0101_2.pt
831,ESMMASK_epitope_FT_20_0.001_5e-05_AUG_6_HLAC0304_2_per_token_metrics.csv,C0304,7.766506099705657,/global/scratch/users/sergiomar10/models/ESMC_Pretrain/HLAHLAC0304/ESMMASK_epitope_FT_20_0.001_5e-05_AUG_6_HLAC0304_2.pt
1563,ESMMASK_epitope_FT_25_0.001_1e-06_AUG_6_HLAA6802_2_per_token_metrics.csv,A6802,7.794586660479472,/global/scratch/users/sergiomar10/models/ESMC_Pretrain/HLAHLAA6802/ESMMASK_epitope_FT_25_0.001_1e-06_AUG_6_HLAA6802_2.pt
1297,ESMMASK_epitope_FT_25_0.001_5e-05_AUG_1_HLAA2902_2_per_token_metrics.csv,A2902,7.806201065796798,/global/scratch/users/sergiomar10/models/ESMC_Pretrain/HLAHLAA2902/ESMMASK_epitope_FT_25_0.001_5e-05_AUG_1_HLAA2902_2.pt
477,ESMMASK_epitope_FT_15_0.001_1e-06_AUG_1_HLAA0202_1_per_token_metrics.csv,A0202,7.82726860175497,/global/scratch/users/sergiomar10/models/ESMC_Pretrain/HLAHLAA0202/ESMMASK_epitope_FT_15_0.001_1e-06_AUG_1_HLAA0202_1.pt
630,ESMMASK_epitope_FT_20_0.001_5e-05_AUG_6_HLAB5101_2_per_token_metrics.csv,B5101,7.919953225810567,/global/scratch/users/sergiomar10/models/ESMC_Pretrain/HLAHLAB5101/ESMMASK_epitope_FT_20_0.001_5e-05_AUG_6_HLAB5101_2.pt
113,ESMMASK_epitope_FT_25_0.001_5e-05_AUG_1_HLAB4601_1_per_token_metrics.csv,B4601,7.922980867475271,/global/scratch/users/sergiomar10/models/ESMC_Pretrain/HLAHLAB4601/ESMMASK_epitope_FT_25_0.001_5e-05_AUG_1_HLAB4601_1.pt
947,ESMMASK_epitope_FT_25_0.001_5e-05_AUG_6_HLAA2301_1_per_token_metrics.csv,A2301,8.02060189668908,/global/scratch/users/sergiomar10/models/ESMC_Pretrain/HLAHLAA2301/ESMMASK_epitope_FT_25_0.001_5e-05_AUG_6_HLAA2301_1.pt
1452,ESMMASK_epitope_FT_20_0.001_5e-05_AUG_3_HLAB5801_2_per_token_metrics.csv,B5801,8.030437245803736,/global/scratch/users/sergiomar10/models/ESMC_Pretrain/HLAHLAB5801/ESMMASK_epitope_FT_20_0.001_5e-05_AUG_3_HLAB5801_2.pt
782,ESMMASK_epitope_FT_25_0.001_1e-06_AUG_3_HLAB5701_2_per_token_metrics.csv,B5701,8.032655617316431,/global/scratch/users/sergiomar10/models/ESMC_Pretrain/HLAHLAB5701/ESMMASK_epitope_FT_25_0.001_1e-06_AUG_3_HLAB5701_2.pt
464,ESMMASK_epitope_FT_20_0.001_5e-05_AUG_3_HLAA2601_2_per_token_metrics.csv,A2601,8.0348797547432,/global/scratch/users/sergiomar10/models/ESMC_Pretrain/HLAHLAA2601/ESMMASK_epitope_FT_20_0.001_5e-05_AUG_3_HLAA2601_2.pt
1334,ESMMASK_epitope_FT_15_0.001_5e-05_AUG_6_HLAA0206_2_per_token_metrics.csv,A0206,8.042923724448372,/global/scratch/users/sergiomar10/models/ESMC_Pretrain/HLAHLAA0206/ESMMASK_epitope_FT_15_0.001_5e-05_AUG_6_HLAA0206_2.pt
1562,ESMMASK_epitope_FT_25_0.001_1e-06_AUG_3_HLAA6802_2_per_token_metrics.csv,A6802,8.099450637987603,/global/scratch/users/sergiomar10/models/ESMC_Pretrain/HLAHLAA6802/ESMMASK_epitope_FT_25_0.001_1e-06_AUG_3_HLAA6802_2.pt
867,ESMMASK_epitope_FT_25_0.001_1e-06_AUG_3_HLAB0702_1_per_token_metrics.csv,B0702,8.12465273903461,/global/scratch/users/sergiomar10/models/ESMC_Pretrain/HLAHLAB0702/ESMMASK_epitope_FT_25_0.001_1e-06_AUG_3_HLAB0702_1.pt
780,ESMMASK_epitope_FT_20_0.001_5e-05_AUG_6_HLAB5701_1_per_token_metrics.csv,B5701,8.126864646562263,/global/scratch/users/sergiomar10/models/ESMC_Pretrain/HLAHLAB5701/ESMMASK_epitope_FT_20_0.001_5e-05_AUG_6_HLAB5701_1.pt
1283,ESMMASK_epitope_FT_15_0.001_5e-05_AUG_6_HLAA0203_2_per_token_metrics.csv,A0203,8.12866958622736,/global/scratch/users/sergiomar10/models/ESMC_Pretrain/HLAHLAA0203/ESMMASK_epitope_FT_15_0.001_5e-05_AUG_6_HLAA0203_2.pt
1269,ESMMASK_epitope_FT_25_0.001_5e-05_AUG_6_HLAB4402_1_per_token_metrics.csv,B4402,8.142778063068238,/global/scratch/users/sergiomar10/models/ESMC_Pretrain/HLAHLAB4402/ESMMASK_epitope_FT_25_0.001_5e-05_AUG_6_HLAB4402_1.pt
1671,ESMMASK_epitope_FT_15_0.001_1e-06_AUG_1_HLAB1501_2_per_token_metrics.csv,B1501,8.147587389987974,/global/scratch/users/sergiomar10/models/ESMC_Pretrain/HLAHLAB1501/ESMMASK_epitope_FT_15_0.001_1e-06_AUG_1_HLAB1501_2.pt
941,ESMMASK_epitope_FT_20_0.001_1e-06_AUG_1_HLAA2301_1_per_token_metrics.csv,A2301,8.156795792220004,/global/scratch/users/sergiomar10/models/ESMC_Pretrain/HLAHLAA2301/ESMMASK_epitope_FT_20_0.001_1e-06_AUG_1_HLAA2301_1.pt
1276,ESMMASK_epitope_FT_15_0.001_1e-06_AUG_6_HLAB3501_2_per_token_metrics.csv,B3501,8.17570917703702,/global/scratch/users/sergiomar10/models/ESMC_Pretrain/HLAHLAB3501/ESMMASK_epitope_FT_15_0.001_1e-06_AUG_6_HLAB3501_2.pt
142,ESMMASK_epitope_FT_25_0.001_5e-05_AUG_6_HLAB0801_1_per_token_metrics.csv,B0801,8.176325240178098,/global/scratch/users/sergiomar10/models/ESMC_Pretrain/HLAHLAB0801/ESMMASK_epitope_FT_25_0.001_5e-05_AUG_6_HLAB0801_1.pt
854,ESMMASK_epitope_FT_25_0.001_1e-06_AUG_1_HLAC1402_2_per_token_metrics.csv,C1402,8.240172371920199,/global/scratch/users/sergiomar10/models/ESMC_Pretrain/HLAHLAC1402/ESMMASK_epitope_FT_25_0.001_1e-06_AUG_1_HLAC1402_2.pt
28,ESMMASK_epitope_FT_20_0.001_1e-06_AUG_3_HLAA3101_2_per_token_metrics.csv,A3101,8.25330053513497,/global/scratch/users/sergiomar10/models/ESMC_Pretrain/HLAHLAA3101/ESMMASK_epitope_FT_20_0.001_1e-06_AUG_3_HLAA3101_2.pt
1487,ESMMASK_epitope_FT_25_0.001_1e-06_AUG_6_HLAB4002_2_per_token_metrics.csv,B4002,8.286627257003632,/global/scratch/users/sergiomar10/models/ESMC_Pretrain/HLAHLAB4002/ESMMASK_epitope_FT_25_0.001_1e-06_AUG_6_HLAB4002_2.pt
1666,ESMMASK_epitope_FT_25_0.001_1e-06_AUG_1_HLAB4501_2_per_token_metrics.csv,B4501,8.34418849435968,/global/scratch/users/sergiomar10/models/ESMC_Pretrain/HLAHLAB4501/ESMMASK_epitope_FT_25_0.001_1e-06_AUG_1_HLAB4501_2.pt
465,ESMMASK_epitope_FT_25_0.001_1e-06_AUG_3_HLAA2601_1_per_token_metrics.csv,A2601,8.363460097757212,/global/scratch/users/sergiomar10/models/ESMC_Pretrain/HLAHLAA2601/ESMMASK_epitope_FT_25_0.001_1e-06_AUG_3_HLAA2601_1.pt
1533,ESMMASK_epitope_FT_25_0.001_1e-06_AUG_6_HLAC0401_2_per_token_metrics.csv,C0401,8.388478615500196,/global/scratch/users/sergiomar10/models/ESMC_Pretrain/HLAHLAC0401/ESMMASK_epitope_FT_25_0.001_1e-06_AUG_6_HLAC0401_2.pt
1265,ESMMASK_epitope_FT_25_0.001_1e-06_AUG_3_HLAB4402_1_per_token_metrics.csv,B4402,8.44900617681163,/global/scratch/users/sergiomar10/models/ESMC_Pretrain/HLAHLAB4402/ESMMASK_epitope_FT_25_0.001_1e-06_AUG_3_HLAB4402_1.pt
1266,ESMMASK_epitope_FT_25_0.001_1e-06_AUG_6_HLAB4402_2_per_token_metrics.csv,B4402,8.455883518626573,/global/scratch/users/sergiomar10/models/ESMC_Pretrain/HLAHLAB4402/ESMMASK_epitope_FT_25_0.001_1e-06_AUG_6_HLAB4402_2.pt
1282,ESMMASK_epitope_FT_15_0.001_5e-05_AUG_6_HLAA0203_1_per_token_metrics.csv,A0203,8.466939433662894,/global/scratch/users/sergiomar10/models/ESMC_Pretrain/HLAHLAA0203/ESMMASK_epitope_FT_15_0.001_5e-05_AUG_6_HLAA0203_1.pt
1643,ESMMASK_epitope_FT_25_0.001_5e-05_AUG_1_HLAA3001_1_per_token_metrics.csv,A3001,8.467839144290302,/global/scratch/users/sergiomar10/models/ESMC_Pretrain/HLAHLAA3001/ESMMASK_epitope_FT_25_0.001_5e-05_AUG_1_HLAA3001_1.pt
264,ESMMASK_epitope_FT_15_0.001_5e-05_AUG_6_HLAA0101_1_per_token_metrics.csv,A0101,8.490607240136026,/global/scratch/users/sergiomar10/models/ESMC_Pretrain/HLAHLAA0101/ESMMASK_epitope_FT_15_0.001_5e-05_AUG_6_HLAA0101_1.pt
832,ESMMASK_epitope_FT_25_0.001_1e-06_AUG_1_HLAC0304_2_per_token_metrics.csv,C0304,8.491315145758598,/global/scratch/users/sergiomar10/models/ESMC_Pretrain/HLAHLAC0304/ESMMASK_epitope_FT_25_0.001_1e-06_AUG_1_HLAC0304_2.pt
784,ESMMASK_epitope_FT_25_0.001_5e-05_AUG_1_HLAB5701_1_per_token_metrics.csv,B5701,8.555785194635076,/global/scratch/users/sergiomar10/models/ESMC_Pretrain/HLAHLAB5701/ESMMASK_epitope_FT_25_0.001_5e-05_AUG_1_HLAB5701_1.pt
1483,ESMMASK_epitope_FT_15_0.001_1e-06_AUG_6_HLAB4002_1_per_token_metrics.csv,B4002,8.60808986874128,/global/scratch/users/sergiomar10/models/ESMC_Pretrain/HLAHLAB4002/ESMMASK_epitope_FT_15_0.001_1e-06_AUG_6_HLAB4002_1.pt
1304,ESMMASK_epitope_FT_15_0.001_1e-06_AUG_6_HLAB5301_1_per_token_metrics.csv,B5301,8.613217061339082,/global/scratch/users/sergiomar10/models/ESMC_Pretrain/HLAHLAB5301/ESMMASK_epitope_FT_15_0.001_1e-06_AUG_6_HLAB5301_1.pt
1674,ESMMASK_epitope_FT_15_0.001_5e-05_AUG_6_HLAB1501_2_per_token_metrics.csv,B1501,8.61868929789269,/global/scratch/users/sergiomar10/models/ESMC_Pretrain/HLAHLAB1501/ESMMASK_epitope_FT_15_0.001_5e-05_AUG_6_HLAB1501_2.pt
1309,ESMMASK_epitope_FT_20_0.001_5e-05_AUG_6_HLAB5301_2_per_token_metrics.csv,B5301,8.63672404687281,/global/scratch/users/sergiomar10/models/ESMC_Pretrain/HLAHLAB5301/ESMMASK_epitope_FT_20_0.001_5e-05_AUG_6_HLAB5301_2.pt
1518,ESMMASK_epitope_FT_25_0.001_5e-05_AUG_3_HLAB1503_2_per_token_metrics.csv,B1503,8.669272715095667,/global/scratch/users/sergiomar10/models/ESMC_Pretrain/HLAHLAB1503/ESMMASK_epitope_FT_25_0.001_5e-05_AUG_3_HLAB1503_2.pt
540,ESMMASK_epitope_FT_25_0.001_5e-05_AUG_1_HLAA3201_1_per_token_metrics.csv,A3201,8.679424597633007,/global/scratch/users/sergiomar10/models/ESMC_Pretrain/HLAHLAA3201/ESMMASK_epitope_FT_25_0.001_5e-05_AUG_1_HLAA3201_1.pt
1311,ESMMASK_epitope_FT_25_0.001_1e-06_AUG_6_HLAB5301_1_per_token_metrics.csv,B5301,8.683421571641887,/global/scratch/users/sergiomar10/models/ESMC_Pretrain/HLAHLAB5301/ESMMASK_epitope_FT_25_0.001_1e-06_AUG_6_HLAB5301_1.pt
478,ESMMASK_epitope_FT_15_0.001_5e-05_AUG_1_HLAA0202_2_per_token_metrics.csv,A0202,8.688531430923364,/global/scratch/users/sergiomar10/models/ESMC_Pretrain/HLAHLAA0202/ESMMASK_epitope_FT_15_0.001_5e-05_AUG_1_HLAA0202_2.pt
1323,ESMMASK_epitope_FT_25_0.001_5e-05_AUG_6_HLAA0217_2_per_token_metrics.csv,A0217,8.729972039301263,/global/scratch/users/sergiomar10/models/ESMC_Pretrain/HLAHLAA0217/ESMMASK_epitope_FT_25_0.001_5e-05_AUG_6_HLAA0217_2.pt
675,ESMMASK_epitope_FT_25_0.001_5e-05_AUG_3_HLAA6901_2_per_token_metrics.csv,A6901,8.760944565821905,/global/scratch/users/sergiomar10/models/ESMC_Pretrain/HLAHLAA6901/ESMMASK_epitope_FT_25_0.001_5e-05_AUG_3_HLAA6901_2.pt
1556,ESMMASK_epitope_FT_15_0.001_5e-05_AUG_1_HLAA6802_2_per_token_metrics.csv,A6802,8.793643420556982,/global/scratch/users/sergiomar10/models/ESMC_Pretrain/HLAHLAA6802/ESMMASK_epitope_FT_15_0.001_5e-05_AUG_1_HLAA6802_2.pt
627,ESMMASK_epitope_FT_20_0.001_1e-06_AUG_3_HLAB5101_2_per_token_metrics.csv,B5101,8.838633085852322,/global/scratch/users/sergiomar10/models/ESMC_Pretrain/HLAHLAB5101/ESMMASK_epitope_FT_20_0.001_1e-06_AUG_3_HLAB5101_2.pt
1279,ESMMASK_epitope_FT_15_0.001_5e-05_AUG_6_HLAB3501_2_per_token_metrics.csv,B3501,8.862957803903058,/global/scratch/users/sergiomar10/models/ESMC_Pretrain/HLAHLAB3501/ESMMASK_epitope_FT_15_0.001_5e-05_AUG_6_HLAB3501_2.pt
1639,ESMMASK_epitope_FT_20_0.001_1e-06_AUG_6_HLAA3001_1_per_token_metrics.csv,A3001,8.86993525709564,/global/scratch/users/sergiomar10/models/ESMC_Pretrain/HLAHLAA3001/ESMMASK_epitope_FT_20_0.001_1e-06_AUG_6_HLAA3001_1.pt
1442,ESMMASK_epitope_FT_20_0.001_5e-05_AUG_3_HLAA3002_1_per_token_metrics.csv,A3002,8.874010190726269,/global/scratch/users/sergiomar10/models/ESMC_Pretrain/HLAHLAA3002/ESMMASK_epitope_FT_20_0.001_5e-05_AUG_3_HLAA3002_1.pt
136,ESMMASK_epitope_FT_20_0.001_1e-06_AUG_6_HLAB0801_1_per_token_metrics.csv,B0801,8.880538682392476,/global/scratch/users/sergiomar10/models/ESMC_Pretrain/HLAHLAB0801/ESMMASK_epitope_FT_20_0.001_1e-06_AUG_6_HLAB0801_1.pt
1554,ESMMASK_epitope_FT_25_0.001_1e-06_AUG_1_HLAB4001_1_per_token_metrics.csv,B4001,8.895533590394614,/global/scratch/users/sergiomar10/models/ESMC_Pretrain/HLAHLAB4001/ESMMASK_epitope_FT_25_0.001_1e-06_AUG_1_HLAB4001_1.pt
549,ESMMASK_epitope_FT_25_0.001_1e-06_AUG_1_HLAB1542_2_per_token_metrics.csv,B1542,8.958722474281581,/global/scratch/users/sergiomar10/models/ESMC_Pretrain/HLAHLAB1542/ESMMASK_epitope_FT_25_0.001_1e-06_AUG_1_HLAB1542_2.pt
942,ESMMASK_epitope_FT_20_0.001_5e-05_AUG_1_HLAA2301_1_per_token_metrics.csv,A2301,8.983775987371292,/global/scratch/users/sergiomar10/models/ESMC_Pretrain/HLAHLAA2301/ESMMASK_epitope_FT_20_0.001_5e-05_AUG_1_HLAA2301_1.pt
571,ESMMASK_epitope_FT_25_0.001_5e-05_AUG_6_HLAC1502_1_per_token_metrics.csv,C1502,8.99813265132651,/global/scratch/users/sergiomar10/models/ESMC_Pretrain/HLAHLAC1502/ESMMASK_epitope_FT_25_0.001_5e-05_AUG_6_HLAC1502_1.pt
1672,ESMMASK_epitope_FT_15_0.001_1e-06_AUG_6_HLAB1501_1_per_token_metrics.csv,B1501,9.050611125295644,/global/scratch/users/sergiomar10/models/ESMC_Pretrain/HLAHLAB1501/ESMMASK_epitope_FT_15_0.001_1e-06_AUG_6_HLAB1501_1.pt
717,ESMMASK_epitope_FT_25_0.001_1e-06_AUG_3_HLAA2402_1_per_token_metrics.csv,A2402,9.050890894013964,/global/scratch/users/sergiomar10/models/ESMC_Pretrain/HLAHLAA2402/ESMMASK_epitope_FT_25_0.001_1e-06_AUG_3_HLAA2402_1.pt
1485,ESMMASK_epitope_FT_20_0.001_1e-06_AUG_6_HLAB4002_2_per_token_metrics.csv,B4002,9.105020947377636,/global/scratch/users/sergiomar10/models/ESMC_Pretrain/HLAHLAB4002/ESMMASK_epitope_FT_20_0.001_1e-06_AUG_6_HLAB4002_2.pt
858,ESMMASK_epitope_FT_15_0.001_1e-06_AUG_3_HLAB0702_2_per_token_metrics.csv,B0702,9.147924742897072,/global/scratch/users/sergiomar10/models/ESMC_Pretrain/HLAHLAB0702/ESMMASK_epitope_FT_15_0.001_1e-06_AUG_3_HLAB0702_2.pt
711,ESMMASK_epitope_FT_15_0.001_5e-05_AUG_6_HLAA2402_2_per_token_metrics.csv,A2402,9.154035027474022,/global/scratch/users/sergiomar10/models/ESMC_Pretrain/HLAHLAA2402/ESMMASK_epitope_FT_15_0.001_5e-05_AUG_6_HLAA2402_2.pt
267,ESMMASK_epitope_FT_25_0.001_1e-06_AUG_6_HLAA0101_1_per_token_metrics.csv,A0101,9.17577225291584,/global/scratch/users/sergiomar10/models/ESMC_Pretrain/HLAHLAA0101/ESMMASK_epitope_FT_25_0.001_1e-06_AUG_6_HLAA0101_1.pt
1758,ESMMASK_epitope_FT_15_0.001_5e-05_AUG_1_HLAA6801_1_per_token_metrics.csv,A6801,9.184288197141576,/global/scratch/users/sergiomar10/models/ESMC_Pretrain/HLAHLAA6801/ESMMASK_epitope_FT_15_0.001_5e-05_AUG_1_HLAA6801_1.pt
140,ESMMASK_epitope_FT_25_0.001_5e-05_AUG_1_HLAB0801_2_per_token_metrics.csv,B0801,9.19828594552657,/global/scratch/users/sergiomar10/models/ESMC_Pretrain/HLAHLAB0801/ESMMASK_epitope_FT_25_0.001_5e-05_AUG_1_HLAB0801_2.pt
903,ESMMASK_epitope_FT_20_0.001_1e-06_AUG_1_HLAA3215_1_per_token_metrics.csv,A3215,9.22470383984702,/global/scratch/users/sergiomar10/models/ESMC_Pretrain/HLAHLAA3215/ESMMASK_epitope_FT_20_0.001_1e-06_AUG_1_HLAA3215_1.pt
261,ESMMASK_epitope_FT_15_0.001_1e-06_AUG_1_HLAA0101_2_per_token_metrics.csv,A0101,9.238775151906227,/global/scratch/users/sergiomar10/models/ESMC_Pretrain/HLAHLAA0101/ESMMASK_epitope_FT_15_0.001_1e-06_AUG_1_HLAA0101_2.pt
1481,ESMMASK_epitope_FT_15_0.001_1e-06_AUG_1_HLAB4002_2_per_token_metrics.csv,B4002,9.290303583391697,/global/scratch/users/sergiomar10/models/ESMC_Pretrain/HLAHLAB4002/ESMMASK_epitope_FT_15_0.001_1e-06_AUG_1_HLAB4002_2.pt
710,ESMMASK_epitope_FT_15_0.001_1e-06_AUG_3_HLAA2402_1_per_token_metrics.csv,A2402,9.307855660550345,/global/scratch/users/sergiomar10/models/ESMC_Pretrain/HLAHLAA2402/ESMMASK_epitope_FT_15_0.001_1e-06_AUG_3_HLAA2402_1.pt
1444,ESMMASK_epitope_FT_25_0.001_5e-05_AUG_1_HLAA3002_2_per_token_metrics.csv,A3002,9.31198405504531,/global/scratch/users/sergiomar10/models/ESMC_Pretrain/HLAHLAA3002/ESMMASK_epitope_FT_25_0.001_5e-05_AUG_1_HLAA3002_2.pt
628,ESMMASK_epitope_FT_20_0.001_1e-06_AUG_6_HLAB5101_1_per_token_metrics.csv,B5101,9.31921513602615,/global/scratch/users/sergiomar10/models/ESMC_Pretrain/HLAHLAB5101/ESMMASK_epitope_FT_20_0.001_1e-06_AUG_6_HLAB5101_1.pt
467,ESMMASK_epitope_FT_25_0.001_5e-05_AUG_1_HLAA2601_2_per_token_metrics.csv,A2601,9.36514773348078,/global/scratch/users/sergiomar10/models/ESMC_Pretrain/HLAHLAA2601/ESMMASK_epitope_FT_25_0.001_5e-05_AUG_1_HLAA2601_2.pt
1308,ESMMASK_epitope_FT_20_0.001_1e-06_AUG_6_HLAB5301_2_per_token_metrics.csv,B5301,9.409823880653974,/global/scratch/users/sergiomar10/models/ESMC_Pretrain/HLAHLAB5301/ESMMASK_epitope_FT_20_0.001_1e-06_AUG_6_HLAB5301_2.pt
507,ESMMASK_epitope_FT_20_0.001_5e-05_AUG_6_HLAB4403_2_per_token_metrics.csv,B4403,9.454782461649474,/global/scratch/users/sergiomar10/models/ESMC_Pretrain/HLAHLAB4403/ESMMASK_epitope_FT_20_0.001_5e-05_AUG_6_HLAB4403_2.pt
629,ESMMASK_epitope_FT_20_0.001_5e-05_AUG_3_HLAB5101_1_per_token_metrics.csv,B5101,9.464432313444812,/global/scratch/users/sergiomar10/models/ESMC_Pretrain/HLAHLAB5101/ESMMASK_epitope_FT_20_0.001_5e-05_AUG_3_HLAB5101_1.pt
1326,ESMMASK_epitope_FT_20_0.001_1e-06_AUG_3_HLAB4506_1_per_token_metrics.csv,B4506,9.475170838729017,/global/scratch/users/sergiomar10/models/ESMC_Pretrain/HLAHLAB4506/ESMMASK_epitope_FT_20_0.001_1e-06_AUG_3_HLAB4506_1.pt
804,ESMMASK_epitope_FT_15_0.001_1e-06_AUG_6_HLAB1517_2_per_token_metrics.csv,B1517,9.483229760205218,/global/scratch/users/sergiomar10/models/ESMC_Pretrain/HLAHLAB1517/ESMMASK_epitope_FT_15_0.001_1e-06_AUG_6_HLAB1517_2.pt
1756,ESMMASK_epitope_FT_25_0.001_5e-05_AUG_1_HLAB1801_1_per_token_metrics.csv,B1801,9.488611538212494,/global/scratch/users/sergiomar10/models/ESMC_Pretrain/HLAHLAB1801/ESMMASK_epitope_FT_25_0.001_5e-05_AUG_1_HLAB1801_1.pt
674,ESMMASK_epitope_FT_25_0.001_1e-06_AUG_6_HLAA6901_2_per_token_metrics.csv,A6901,9.537535072825206,/global/scratch/users/sergiomar10/models/ESMC_Pretrain/HLAHLAA6901/ESMMASK_epitope_FT_25_0.001_1e-06_AUG_6_HLAA6901_2.pt
1292,ESMMASK_epitope_FT_15_0.001_5e-05_AUG_1_HLAA2902_1_per_token_metrics.csv,A2902,9.562495701528539,/global/scratch/users/sergiomar10/models/ESMC_Pretrain/HLAHLAA2902/ESMMASK_epitope_FT_15_0.001_5e-05_AUG_1_HLAA2902_1.pt
1278,ESMMASK_epitope_FT_15_0.001_5e-05_AUG_6_HLAB3501_1_per_token_metrics.csv,B3501,9.57726873490172,/global/scratch/users/sergiomar10/models/ESMC_Pretrain/HLAHLAB3501/ESMMASK_epitope_FT_15_0.001_5e-05_AUG_6_HLAB3501_1.pt
1316,ESMMASK_epitope_FT_20_0.001_1e-06_AUG_6_HLAA0217_2_per_token_metrics.csv,A0217,9.579926515693234,/global/scratch/users/sergiomar10/models/ESMC_Pretrain/HLAHLAA0217/ESMMASK_epitope_FT_20_0.001_1e-06_AUG_6_HLAA0217_2.pt
479,ESMMASK_epitope_FT_15_0.001_5e-05_AUG_6_HLAA0202_1_per_token_metrics.csv,A0202,9.583624955119875,/global/scratch/users/sergiomar10/models/ESMC_Pretrain/HLAHLAA0202/ESMMASK_epitope_FT_15_0.001_5e-05_AUG_6_HLAA0202_1.pt
552,ESMMASK_epitope_FT_25_0.001_1e-06_AUG_6_HLAB1542_1_per_token_metrics.csv,B1542,9.764534803190989,/global/scratch/users/sergiomar10/models/ESMC_Pretrain/HLAHLAB1542/ESMMASK_epitope_FT_25_0.001_1e-06_AUG_6_HLAB1542_1.pt
1320,ESMMASK_epitope_FT_25_0.001_1e-06_AUG_6_HLAA0217_2_per_token_metrics.csv,A0217,9.767305744104087,/global/scratch/users/sergiomar10/models/ESMC_Pretrain/HLAHLAA0217/ESMMASK_epitope_FT_25_0.001_1e-06_AUG_6_HLAA0217_2.pt
632,ESMMASK_epitope_FT_25_0.001_5e-05_AUG_6_HLAB5101_1_per_token_metrics.csv,B5101,9.777588450339987,/global/scratch/users/sergiomar10/models/ESMC_Pretrain/HLAHLAB5101/ESMMASK_epitope_FT_25_0.001_5e-05_AUG_6_HLAB5101_1.pt
1536,ESMMASK_epitope_FT_25_0.001_5e-05_AUG_6_HLAC0401_1_per_token_metrics.csv,C0401,9.783348956243435,/global/scratch/users/sergiomar10/models/ESMC_Pretrain/HLAHLAC0401/ESMMASK_epitope_FT_25_0.001_5e-05_AUG_6_HLAC0401_1.pt
1631,ESMMASK_epitope_FT_15_0.001_5e-05_AUG_6_HLAB5401_1_per_token_metrics.csv,B5401,9.806040884212177,/global/scratch/users/sergiomar10/models/ESMC_Pretrain/HLAHLAB5401/ESMMASK_epitope_FT_15_0.001_5e-05_AUG_6_HLAB5401_1.pt
143,ESMMASK_epitope_FT_25_0.001_5e-05_AUG_6_HLAB0801_2_per_token_metrics.csv,B0801,9.842130992607965,/global/scratch/users/sergiomar10/models/ESMC_Pretrain/HLAHLAB0801/ESMMASK_epitope_FT_25_0.001_5e-05_AUG_6_HLAB0801_2.pt
135,ESMMASK_epitope_FT_20_0.001_1e-06_AUG_3_HLAB0801_1_per_token_metrics.csv,B0801,9.865840518953295,/global/scratch/users/sergiomar10/models/ESMC_Pretrain/HLAHLAB0801/ESMMASK_epitope_FT_20_0.001_1e-06_AUG_3_HLAB0801_1.pt
603,ESMMASK_epitope_FT_25_0.001_1e-06_AUG_6_HLAA3303_2_per_token_metrics.csv,A3303,9.899952986661125,/global/scratch/users/sergiomar10/models/ESMC_Pretrain/HLAHLAA3303/ESMMASK_epitope_FT_25_0.001_1e-06_AUG_6_HLAA3303_2.pt
574,ESMMASK_epitope_FT_15_0.001_1e-06_AUG_6_HLAB2705_2_per_token_metrics.csv,B2705,9.907578405146642,/global/scratch/users/sergiomar10/models/ESMC_Pretrain/HLAHLAB2705/ESMMASK_epitope_FT_15_0.001_1e-06_AUG_6_HLAB2705_2.pt
577,ESMMASK_epitope_FT_25_0.001_1e-06_AUG_3_HLAB2705_1_per_token_metrics.csv,B2705,9.912000037466724,/global/scratch/users/sergiomar10/models/ESMC_Pretrain/HLAHLAB2705/ESMMASK_epitope_FT_25_0.001_1e-06_AUG_3_HLAB2705_1.pt
1623,ESMMASK_epitope_FT_25_0.001_5e-05_AUG_3_HLAA2403_2_per_token_metrics.csv,A2403,9.928563795540795,/global/scratch/users/sergiomar10/models/ESMC_Pretrain/HLAHLAA2403/ESMMASK_epitope_FT_25_0.001_5e-05_AUG_3_HLAA2403_2.pt
676,ESMMASK_epitope_FT_25_0.001_5e-05_AUG_6_HLAA6901_1_per_token_metrics.csv,A6901,9.940670863270286,/global/scratch/users/sergiomar10/models/ESMC_Pretrain/HLAHLAA6901/ESMMASK_epitope_FT_25_0.001_5e-05_AUG_6_HLAA6901_1.pt
807,ESMMASK_epitope_FT_20_0.001_5e-05_AUG_3_HLAB1517_1_per_token_metrics.csv,B1517,9.964348068709485,/global/scratch/users/sergiomar10/models/ESMC_Pretrain/HLAHLAB1517/ESMMASK_epitope_FT_20_0.001_5e-05_AUG_3_HLAB1517_1.pt
576,ESMMASK_epitope_FT_20_0.001_5e-05_AUG_1_HLAB2705_1_per_token_metrics.csv,B2705,9.988631629489646,/global/scratch/users/sergiomar10/models/ESMC_Pretrain/HLAHLAB2705/ESMMASK_epitope_FT_20_0.001_5e-05_AUG_1_HLAB2705_1.pt
1454,ESMMASK_epitope_FT_25_0.001_1e-06_AUG_6_HLAB5801_1_per_token_metrics.csv,B5801,9.994970631046458,/global/scratch/users/sergiomar10/models/ESMC_Pretrain/HLAHLAB5801/ESMMASK_epitope_FT_25_0.001_1e-06_AUG_6_HLAB5801_1.pt
1463,ESMMASK_epitope_FT_25_0.001_1e-06_AUG_3_HLAB3901_2_per_token_metrics.csv,B3901,10.006323514203949,/global/scratch/users/sergiomar10/models/ESMC_Pretrain/HLAHLAB3901/ESMMASK_epitope_FT_25_0.001_1e-06_AUG_3_HLAB3901_2.pt
945,ESMMASK_epitope_FT_25_0.001_1e-06_AUG_3_HLAA2301_1_per_token_metrics.csv,A2301,10.013039007988352,/global/scratch/users/sergiomar10/models/ESMC_Pretrain/HLAHLAA2301/ESMMASK_epitope_FT_25_0.001_1e-06_AUG_3_HLAA2301_1.pt
631,ESMMASK_epitope_FT_25_0.001_5e-05_AUG_1_HLAB5101_1_per_token_metrics.csv,B5101,10.030842699678029,/global/scratch/users/sergiomar10/models/ESMC_Pretrain/HLAHLAB5101/ESMMASK_epitope_FT_25_0.001_5e-05_AUG_1_HLAB5101_1.pt
1332,ESMMASK_epitope_FT_25_0.001_5e-05_AUG_6_HLAB4506_2_per_token_metrics.csv,B4506,10.038241108431032,/global/scratch/users/sergiomar10/models/ESMC_Pretrain/HLAHLAB4506/ESMMASK_epitope_FT_25_0.001_5e-05_AUG_6_HLAB4506_2.pt
138,ESMMASK_epitope_FT_20_0.001_5e-05_AUG_6_HLAB0801_1_per_token_metrics.csv,B0801,10.079767323988468,/global/scratch/users/sergiomar10/models/ESMC_Pretrain/HLAHLAB0801/ESMMASK_epitope_FT_20_0.001_5e-05_AUG_6_HLAB0801_1.pt
1755,ESMMASK_epitope_FT_25_0.001_1e-06_AUG_6_HLAB1801_1_per_token_metrics.csv,B1801,10.083958056019837,/global/scratch/users/sergiomar10/models/ESMC_Pretrain/HLAHLAB1801/ESMMASK_epitope_FT_25_0.001_1e-06_AUG_6_HLAB1801_1.pt
1268,ESMMASK_epitope_FT_25_0.001_5e-05_AUG_3_HLAB4402_2_per_token_metrics.csv,B4402,10.118803633334247,/global/scratch/users/sergiomar10/models/ESMC_Pretrain/HLAHLAB4402/ESMMASK_epitope_FT_25_0.001_5e-05_AUG_3_HLAB4402_2.pt
1445,ESMMASK_epitope_FT_25_0.001_5e-05_AUG_3_HLAA3002_2_per_token_metrics.csv,A3002,10.170792790042986,/global/scratch/users/sergiomar10/models/ESMC_Pretrain/HLAHLAA3002/ESMMASK_epitope_FT_25_0.001_5e-05_AUG_3_HLAA3002_2.pt
1517,ESMMASK_epitope_FT_25_0.001_5e-05_AUG_3_HLAB1503_1_per_token_metrics.csv,B1503,10.237626987259151,/global/scratch/users/sergiomar10/models/ESMC_Pretrain/HLAHLAB1503/ESMMASK_epitope_FT_25_0.001_5e-05_AUG_3_HLAB1503_1.pt
1441,ESMMASK_epitope_FT_15_0.001_5e-05_AUG_3_HLAA3002_1_per_token_metrics.csv,A3002,10.252122252675132,/global/scratch/users/sergiomar10/models/ESMC_Pretrain/HLAHLAA3002/ESMMASK_epitope_FT_15_0.001_5e-05_AUG_3_HLAA3002_1.pt
1262,ESMMASK_epitope_FT_20_0.001_5e-05_AUG_1_HLAB4402_1_per_token_metrics.csv,B4402,10.262857522944357,/global/scratch/users/sergiomar10/models/ESMC_Pretrain/HLAHLAB4402/ESMMASK_epitope_FT_20_0.001_5e-05_AUG_1_HLAB4402_1.pt
1757,ESMMASK_epitope_FT_15_0.001_1e-06_AUG_1_HLAA6801_2_per_token_metrics.csv,A6801,10.28749323052956,/global/scratch/users/sergiomar10/models/ESMC_Pretrain/HLAHLAA6801/ESMMASK_epitope_FT_15_0.001_1e-06_AUG_1_HLAA6801_2.pt
1294,ESMMASK_epitope_FT_20_0.001_1e-06_AUG_3_HLAA2902_2_per_token_metrics.csv,A2902,10.32127743691805,/global/scratch/users/sergiomar10/models/ESMC_Pretrain/HLAHLAA2902/ESMMASK_epitope_FT_20_0.001_1e-06_AUG_3_HLAA2902_2.pt
1630,ESMMASK_epitope_FT_15_0.001_5e-05_AUG_1_HLAB5401_2_per_token_metrics.csv,B5401,10.379877454089232,/global/scratch/users/sergiomar10/models/ESMC_Pretrain/HLAHLAB5401/ESMMASK_epitope_FT_15_0.001_5e-05_AUG_1_HLAB5401_2.pt
1640,ESMMASK_epitope_FT_20_0.001_5e-05_AUG_1_HLAA3001_2_per_token_metrics.csv,A3001,10.405057376880753,/global/scratch/users/sergiomar10/models/ESMC_Pretrain/HLAHLAA3001/ESMMASK_epitope_FT_20_0.001_5e-05_AUG_1_HLAA3001_2.pt
1305,ESMMASK_epitope_FT_15_0.001_1e-06_AUG_6_HLAB5301_2_per_token_metrics.csv,B5301,10.4698782165257,/global/scratch/users/sergiomar10/models/ESMC_Pretrain/HLAHLAB5301/ESMMASK_epitope_FT_15_0.001_1e-06_AUG_6_HLAB5301_2.pt
379,ESMMASK_epitope_FT_25_0.001_5e-05_AUG_3_HLAB1402_2_per_token_metrics.csv,B1402,10.487245295196772,/global/scratch/users/sergiomar10/models/ESMC_Pretrain/HLAHLAB1402/ESMMASK_epitope_FT_25_0.001_5e-05_AUG_3_HLAB1402_2.pt
133,ESMMASK_epitope_FT_15_0.001_5e-05_AUG_3_HLAB0801_1_per_token_metrics.csv,B0801,10.500229870781407,/global/scratch/users/sergiomar10/models/ESMC_Pretrain/HLAHLAB0801/ESMMASK_epitope_FT_15_0.001_5e-05_AUG_3_HLAB0801_1.pt
1548,ESMMASK_epitope_FT_15_0.001_5e-05_AUG_1_HLAB4001_1_per_token_metrics.csv,B4001,10.501373424061114,/global/scratch/users/sergiomar10/models/ESMC_Pretrain/HLAHLAB4001/ESMMASK_epitope_FT_15_0.001_5e-05_AUG_1_HLAB4001_1.pt
771,ESMMASK_epitope_FT_20_0.001_5e-05_AUG_6_HLAA2602_1_per_token_metrics.csv,A2602,10.506696734953392,/global/scratch/users/sergiomar10/models/ESMC_Pretrain/HLAHLAA2602/ESMMASK_epitope_FT_20_0.001_5e-05_AUG_6_HLAA2602_1.pt
1261,ESMMASK_epitope_FT_20_0.001_1e-06_AUG_6_HLAB4402_2_per_token_metrics.csv,B4402,10.579383122906645,/global/scratch/users/sergiomar10/models/ESMC_Pretrain/HLAHLAB4402/ESMMASK_epitope_FT_20_0.001_1e-06_AUG_6_HLAB4402_2.pt
1636,ESMMASK_epitope_FT_15_0.001_5e-05_AUG_1_HLAA3001_2_per_token_metrics.csv,A3001,10.588308426094097,/global/scratch/users/sergiomar10/models/ESMC_Pretrain/HLAHLAA3001/ESMMASK_epitope_FT_15_0.001_5e-05_AUG_1_HLAA3001_2.pt
859,ESMMASK_epitope_FT_15_0.001_1e-06_AUG_6_HLAB0702_1_per_token_metrics.csv,B0702,10.59935207763153,/global/scratch/users/sergiomar10/models/ESMC_Pretrain/HLAHLAB0702/ESMMASK_epitope_FT_15_0.001_1e-06_AUG_6_HLAB0702_1.pt
808,ESMMASK_epitope_FT_25_0.001_1e-06_AUG_3_HLAB1517_1_per_token_metrics.csv,B1517,10.627415275685232,/global/scratch/users/sergiomar10/models/ESMC_Pretrain/HLAHLAB1517/ESMMASK_epitope_FT_25_0.001_1e-06_AUG_3_HLAB1517_1.pt
506,ESMMASK_epitope_FT_20_0.001_1e-06_AUG_6_HLAB4403_2_per_token_metrics.csv,B4403,10.664335303996834,/global/scratch/users/sergiomar10/models/ESMC_Pretrain/HLAHLAB4403/ESMMASK_epitope_FT_20_0.001_1e-06_AUG_6_HLAB4403_2.pt
147,ESMMASK_epitope_FT_15_0.001_5e-05_AUG_6_HLAC0702_2_per_token_metrics.csv,C0702,10.678098151295524,/global/scratch/users/sergiomar10/models/ESMC_Pretrain/HLAHLAC0702/ESMMASK_epitope_FT_15_0.001_5e-05_AUG_6_HLAC0702_2.pt
1661,ESMMASK_epitope_FT_15_0.001_5e-05_AUG_1_HLAB4501_1_per_token_metrics.csv,B4501,10.703766682110896,/global/scratch/users/sergiomar10/models/ESMC_Pretrain/HLAHLAB4501/ESMMASK_epitope_FT_15_0.001_5e-05_AUG_1_HLAB4501_1.pt
542,ESMMASK_epitope_FT_15_0.001_1e-06_AUG_6_HLAB1542_1_per_token_metrics.csv,B1542,10.707853221243232,/global/scratch/users/sergiomar10/models/ESMC_Pretrain/HLAHLAB1542/ESMMASK_epitope_FT_15_0.001_1e-06_AUG_6_HLAB1542_1.pt
1680,ESMMASK_epitope_FT_15_0.001_1e-06_AUG_6_HLAB3508_2_per_token_metrics.csv,B3508,10.716217408180336,/global/scratch/users/sergiomar10/models/ESMC_Pretrain/HLAHLAB3508/ESMMASK_epitope_FT_15_0.001_1e-06_AUG_6_HLAB3508_2.pt
550,ESMMASK_epitope_FT_25_0.001_1e-06_AUG_3_HLAB1542_1_per_token_metrics.csv,B1542,10.840962927078921,/global/scratch/users/sergiomar10/models/ESMC_Pretrain/HLAHLAB1542/ESMMASK_epitope_FT_25_0.001_1e-06_AUG_3_HLAB1542_1.pt
131,ESMMASK_epitope_FT_15_0.001_1e-06_AUG_3_HLAB0801_2_per_token_metrics.csv,B0801,10.952748978894396,/global/scratch/users/sergiomar10/models/ESMC_Pretrain/HLAHLAB0801/ESMMASK_epitope_FT_15_0.001_1e-06_AUG_3_HLAB0801_2.pt
1480,ESMMASK_epitope_FT_15_0.001_1e-06_AUG_1_HLAB4002_1_per_token_metrics.csv,B4002,10.963636537269167,/global/scratch/users/sergiomar10/models/ESMC_Pretrain/HLAHLAB4002/ESMMASK_epitope_FT_15_0.001_1e-06_AUG_1_HLAB4002_1.pt
779,ESMMASK_epitope_FT_20_0.001_5e-05_AUG_3_HLAB5701_1_per_token_metrics.csv,B5701,10.974744427469805,/global/scratch/users/sergiomar10/models/ESMC_Pretrain/HLAHLAB5701/ESMMASK_epitope_FT_20_0.001_5e-05_AUG_3_HLAB5701_1.pt
1264,ESMMASK_epitope_FT_20_0.001_5e-05_AUG_3_HLAB4402_2_per_token_metrics.csv,B4402,10.98468852247715,/global/scratch/users/sergiomar10/models/ESMC_Pretrain/HLAHLAB4402/ESMMASK_epitope_FT_20_0.001_5e-05_AUG_3_HLAB4402_2.pt
1451,ESMMASK_epitope_FT_20_0.001_1e-06_AUG_6_HLAB5801_2_per_token_metrics.csv,B5801,11.004017008756621,/global/scratch/users/sergiomar10/models/ESMC_Pretrain/HLAHLAB5801/ESMMASK_epitope_FT_20_0.001_1e-06_AUG_6_HLAB5801_2.pt
1557,ESMMASK_epitope_FT_15_0.001_5e-05_AUG_3_HLAA6802_1_per_token_metrics.csv,A6802,11.029199066448662,/global/scratch/users/sergiomar10/models/ESMC_Pretrain/HLAHLAA6802/ESMMASK_epitope_FT_15_0.001_5e-05_AUG_3_HLAA6802_1.pt
1440,ESMMASK_epitope_FT_15_0.001_1e-06_AUG_6_HLAA3002_2_per_token_metrics.csv,A3002,11.05669536578075,/global/scratch/users/sergiomar10/models/ESMC_Pretrain/HLAHLAA3002/ESMMASK_epitope_FT_15_0.001_1e-06_AUG_6_HLAA3002_2.pt
1528,ESMMASK_epitope_FT_20_0.001_5e-05_AUG_1_HLAC0401_1_per_token_metrics.csv,C0401,11.093028907067053,/global/scratch/users/sergiomar10/models/ESMC_Pretrain/HLAHLAC0401/ESMMASK_epitope_FT_20_0.001_5e-05_AUG_1_HLAC0401_1.pt
1552,ESMMASK_epitope_FT_20_0.001_5e-05_AUG_1_HLAB4001_1_per_token_metrics.csv,B4001,11.123695580916506,/global/scratch/users/sergiomar10/models/ESMC_Pretrain/HLAHLAB4001/ESMMASK_epitope_FT_20_0.001_5e-05_AUG_1_HLAB4001_1.pt
139,ESMMASK_epitope_FT_25_0.001_1e-06_AUG_3_HLAB0801_2_per_token_metrics.csv,B0801,11.161260375876866,/global/scratch/users/sergiomar10/models/ESMC_Pretrain/HLAHLAB0801/ESMMASK_epitope_FT_25_0.001_1e-06_AUG_3_HLAB0801_2.pt
1669,ESMMASK_epitope_FT_25_0.001_5e-05_AUG_3_HLAB4501_2_per_token_metrics.csv,B4501,11.164767370414404,/global/scratch/users/sergiomar10/models/ESMC_Pretrain/HLAHLAB4501/ESMMASK_epitope_FT_25_0.001_5e-05_AUG_3_HLAB4501_2.pt
1476,ESMMASK_epitope_FT_15_0.001_1e-06_AUG_6_HLAA3301_2_per_token_metrics.csv,A3301,11.229877210982158,/global/scratch/users/sergiomar10/models/ESMC_Pretrain/HLAHLAA3301/ESMMASK_epitope_FT_15_0.001_1e-06_AUG_6_HLAA3301_2.pt
1260,ESMMASK_epitope_FT_15_0.001_5e-05_AUG_6_HLAB4402_1_per_token_metrics.csv,B4402,11.32309150419418,/global/scratch/users/sergiomar10/models/ESMC_Pretrain/HLAHLAB4402/ESMMASK_epitope_FT_15_0.001_5e-05_AUG_6_HLAB4402_1.pt
545,ESMMASK_epitope_FT_20_0.001_1e-06_AUG_3_HLAB1542_2_per_token_metrics.csv,B1542,11.33838162632393,/global/scratch/users/sergiomar10/models/ESMC_Pretrain/HLAHLAB1542/ESMMASK_epitope_FT_20_0.001_1e-06_AUG_3_HLAB1542_2.pt
1335,ESMMASK_epitope_FT_20_0.001_1e-06_AUG_1_HLAA0206_2_per_token_metrics.csv,A0206,11.43395785831088,/global/scratch/users/sergiomar10/models/ESMC_Pretrain/HLAHLAA0206/ESMMASK_epitope_FT_20_0.001_1e-06_AUG_1_HLAA0206_2.pt
1635,ESMMASK_epitope_FT_25_0.001_1e-06_AUG_6_HLAB5401_2_per_token_metrics.csv,B5401,11.442633846171063,/global/scratch/users/sergiomar10/models/ESMC_Pretrain/HLAHLAB5401/ESMMASK_epitope_FT_25_0.001_1e-06_AUG_6_HLAB5401_2.pt
1460,ESMMASK_epitope_FT_20_0.001_1e-06_AUG_3_HLAB3901_1_per_token_metrics.csv,B3901,11.446225944466546,/global/scratch/users/sergiomar10/models/ESMC_Pretrain/HLAHLAB3901/ESMMASK_epitope_FT_20_0.001_1e-06_AUG_3_HLAB3901_1.pt
810,ESMMASK_epitope_FT_25_0.001_5e-05_AUG_3_HLAB1517_2_per_token_metrics.csv,B1517,11.488177096629991,/global/scratch/users/sergiomar10/models/ESMC_Pretrain/HLAHLAB1517/ESMMASK_epitope_FT_25_0.001_5e-05_AUG_3_HLAB1517_2.pt
1319,ESMMASK_epitope_FT_25_0.001_1e-06_AUG_1_HLAA0217_2_per_token_metrics.csv,A0217,11.504810453724513,/global/scratch/users/sergiomar10/models/ESMC_Pretrain/HLAHLAA0217/ESMMASK_epitope_FT_25_0.001_1e-06_AUG_1_HLAA0217_2.pt
1665,ESMMASK_epitope_FT_20_0.001_5e-05_AUG_1_HLAB4501_2_per_token_metrics.csv,B4501,11.522627363078584,/global/scratch/users/sergiomar10/models/ESMC_Pretrain/HLAHLAB4501/ESMMASK_epitope_FT_20_0.001_5e-05_AUG_1_HLAB4501_2.pt
509,ESMMASK_epitope_FT_25_0.001_5e-05_AUG_1_HLAB4403_2_per_token_metrics.csv,B4403,11.542624411278531,/global/scratch/users/sergiomar10/models/ESMC_Pretrain/HLAHLAB4403/ESMMASK_epitope_FT_25_0.001_5e-05_AUG_1_HLAB4403_2.pt
538,ESMMASK_epitope_FT_20_0.001_1e-06_AUG_6_HLAA3201_2_per_token_metrics.csv,A3201,11.58791266455996,/global/scratch/users/sergiomar10/models/ESMC_Pretrain/HLAHLAA3201/ESMMASK_epitope_FT_20_0.001_1e-06_AUG_6_HLAA3201_2.pt
620,ESMMASK_epitope_FT_25_0.001_1e-06_AUG_3_HLAC0802_2_per_token_metrics.csv,C0802,11.658223441271184,/global/scratch/users/sergiomar10/models/ESMC_Pretrain/HLAHLAC0802/ESMMASK_epitope_FT_25_0.001_1e-06_AUG_3_HLAC0802_2.pt
1678,ESMMASK_epitope_FT_15_0.001_1e-06_AUG_1_HLAB3508_1_per_token_metrics.csv,B3508,11.719359687741912,/global/scratch/users/sergiomar10/models/ESMC_Pretrain/HLAHLAB3508/ESMMASK_epitope_FT_15_0.001_1e-06_AUG_1_HLAB3508_1.pt
1534,ESMMASK_epitope_FT_25_0.001_5e-05_AUG_1_HLAC0401_2_per_token_metrics.csv,C0401,11.848180099981908,/global/scratch/users/sergiomar10/models/ESMC_Pretrain/HLAHLAC0401/ESMMASK_epitope_FT_25_0.001_5e-05_AUG_1_HLAC0401_2.pt
799,ESMMASK_epitope_FT_25_0.001_1e-06_AUG_3_HLAB8301_2_per_token_metrics.csv,B8301,11.865560599249768,/global/scratch/users/sergiomar10/models/ESMC_Pretrain/HLAHLAB8301/ESMMASK_epitope_FT_25_0.001_1e-06_AUG_3_HLAB8301_2.pt
1531,ESMMASK_epitope_FT_25_0.001_1e-06_AUG_1_HLAC0401_1_per_token_metrics.csv,C0401,11.870711939878394,/global/scratch/users/sergiomar10/models/ESMC_Pretrain/HLAHLAC0401/ESMMASK_epitope_FT_25_0.001_1e-06_AUG_1_HLAC0401_1.pt
1259,ESMMASK_epitope_FT_15_0.001_5e-05_AUG_1_HLAB4402_1_per_token_metrics.csv,B4402,11.897977095119632,/global/scratch/users/sergiomar10/models/ESMC_Pretrain/HLAHLAB4402/ESMMASK_epitope_FT_15_0.001_5e-05_AUG_1_HLAB4402_1.pt
1461,ESMMASK_epitope_FT_20_0.001_1e-06_AUG_6_HLAB3901_1_per_token_metrics.csv,B3901,11.902868898224193,/global/scratch/users/sergiomar10/models/ESMC_Pretrain/HLAHLAB3901/ESMMASK_epitope_FT_20_0.001_1e-06_AUG_6_HLAB3901_1.pt
1464,ESMMASK_epitope_FT_25_0.001_1e-06_AUG_6_HLAB3901_1_per_token_metrics.csv,B3901,11.923303618395737,/global/scratch/users/sergiomar10/models/ESMC_Pretrain/HLAHLAB3901/ESMMASK_epitope_FT_25_0.001_1e-06_AUG_6_HLAB3901_1.pt
597,ESMMASK_epitope_FT_20_0.001_1e-06_AUG_1_HLAA3303_1_per_token_metrics.csv,A3303,11.954313776062417,/global/scratch/users/sergiomar10/models/ESMC_Pretrain/HLAHLAA3303/ESMMASK_epitope_FT_20_0.001_1e-06_AUG_1_HLAA3303_1.pt
1475,ESMMASK_epitope_FT_15_0.001_1e-06_AUG_3_HLAA3301_1_per_token_metrics.csv,A3301,11.962546961779807,/global/scratch/users/sergiomar10/models/ESMC_Pretrain/HLAHLAA3301/ESMMASK_epitope_FT_15_0.001_1e-06_AUG_3_HLAA3301_1.pt
1670,ESMMASK_epitope_FT_25_0.001_5e-05_AUG_6_HLAB4501_2_per_token_metrics.csv,B4501,11.969303271670555,/global/scratch/users/sergiomar10/models/ESMC_Pretrain/HLAHLAB4501/ESMMASK_epitope_FT_25_0.001_5e-05_AUG_6_HLAB4501_2.pt
546,ESMMASK_epitope_FT_20_0.001_1e-06_AUG_6_HLAB1542_2_per_token_metrics.csv,B1542,12.001605322573926,/global/scratch/users/sergiomar10/models/ESMC_Pretrain/HLAHLAB1542/ESMMASK_epitope_FT_20_0.001_1e-06_AUG_6_HLAB1542_2.pt
797,ESMMASK_epitope_FT_20_0.001_5e-05_AUG_3_HLAB8301_1_per_token_metrics.csv,B8301,12.034319892711853,/global/scratch/users/sergiomar10/models/ESMC_Pretrain/HLAHLAB8301/ESMMASK_epitope_FT_20_0.001_5e-05_AUG_3_HLAB8301_1.pt
1510,ESMMASK_epitope_FT_20_0.001_1e-06_AUG_3_HLAB1503_2_per_token_metrics.csv,B1503,12.088320546629976,/global/scratch/users/sergiomar10/models/ESMC_Pretrain/HLAHLAB1503/ESMMASK_epitope_FT_20_0.001_1e-06_AUG_3_HLAB1503_2.pt
1330,ESMMASK_epitope_FT_25_0.001_5e-05_AUG_3_HLAB4506_2_per_token_metrics.csv,B4506,12.09357428829943,/global/scratch/users/sergiomar10/models/ESMC_Pretrain/HLAHLAB4506/ESMMASK_epitope_FT_25_0.001_5e-05_AUG_3_HLAB4506_2.pt
598,ESMMASK_epitope_FT_20_0.001_1e-06_AUG_3_HLAA3303_2_per_token_metrics.csv,A3303,12.127818946344874,/global/scratch/users/sergiomar10/models/ESMC_Pretrain/HLAHLAA3303/ESMMASK_epitope_FT_20_0.001_1e-06_AUG_3_HLAA3303_2.pt
1486,ESMMASK_epitope_FT_25_0.001_1e-06_AUG_1_HLAB4002_2_per_token_metrics.csv,B4002,12.195098684444904,/global/scratch/users/sergiomar10/models/ESMC_Pretrain/HLAHLAB4002/ESMMASK_epitope_FT_25_0.001_1e-06_AUG_1_HLAB4002_2.pt
851,ESMMASK_epitope_FT_20_0.001_1e-06_AUG_6_HLAC1402_2_per_token_metrics.csv,C1402,12.280778523381377,/global/scratch/users/sergiomar10/models/ESMC_Pretrain/HLAHLAC1402/ESMMASK_epitope_FT_20_0.001_1e-06_AUG_6_HLAC1402_2.pt
776,ESMMASK_epitope_FT_15_0.001_1e-06_AUG_6_HLAB5701_2_per_token_metrics.csv,B5701,12.391470700216402,/global/scratch/users/sergiomar10/models/ESMC_Pretrain/HLAHLAB5701/ESMMASK_epitope_FT_15_0.001_1e-06_AUG_6_HLAB5701_2.pt
1681,ESMMASK_epitope_FT_20_0.001_1e-06_AUG_3_HLAB3508_2_per_token_metrics.csv,B3508,12.393206673634603,/global/scratch/users/sergiomar10/models/ESMC_Pretrain/HLAHLAB3508/ESMMASK_epitope_FT_20_0.001_1e-06_AUG_3_HLAB3508_2.pt
1637,ESMMASK_epitope_FT_15_0.001_5e-05_AUG_3_HLAA3001_1_per_token_metrics.csv,A3001,12.422830160561837,/global/scratch/users/sergiomar10/models/ESMC_Pretrain/HLAHLAA3001/ESMMASK_epitope_FT_15_0.001_5e-05_AUG_3_HLAA3001_1.pt
1459,ESMMASK_epitope_FT_20_0.001_1e-06_AUG_1_HLAB3901_2_per_token_metrics.csv,B3901,12.483333138302713,/global/scratch/users/sergiomar10/models/ESMC_Pretrain/HLAHLAB3901/ESMMASK_epitope_FT_20_0.001_1e-06_AUG_1_HLAB3901_2.pt
756,ESMMASK_epitope_FT_20_0.001_1e-06_AUG_3_HLAC0303_1_per_token_metrics.csv,C0303,12.485285547646816,/global/scratch/users/sergiomar10/models/ESMC_Pretrain/HLAHLAC0303/ESMMASK_epitope_FT_20_0.001_1e-06_AUG_3_HLAC0303_1.pt
820,ESMMASK_epitope_FT_20_0.001_5e-05_AUG_3_HLAA0212_1_per_token_metrics.csv,A0212,12.53140535161254,/global/scratch/users/sergiomar10/models/ESMC_Pretrain/HLAHLAA0212/ESMMASK_epitope_FT_20_0.001_5e-05_AUG_3_HLAA0212_1.pt
539,ESMMASK_epitope_FT_20_0.001_5e-05_AUG_3_HLAA3201_2_per_token_metrics.csv,A3201,12.655491662601873,/global/scratch/users/sergiomar10/models/ESMC_Pretrain/HLAHLAA3201/ESMMASK_epitope_FT_20_0.001_5e-05_AUG_3_HLAA3201_2.pt
669,ESMMASK_epitope_FT_15_0.001_1e-06_AUG_1_HLAA6901_2_per_token_metrics.csv,A6901,12.695308876854762,/global/scratch/users/sergiomar10/models/ESMC_Pretrain/HLAHLAA6901/ESMMASK_epitope_FT_15_0.001_1e-06_AUG_1_HLAA6901_2.pt
809,ESMMASK_epitope_FT_25_0.001_5e-05_AUG_3_HLAB1517_1_per_token_metrics.csv,B1517,12.706462930510238,/global/scratch/users/sergiomar10/models/ESMC_Pretrain/HLAHLAB1517/ESMMASK_epitope_FT_25_0.001_5e-05_AUG_3_HLAB1517_1.pt
963,ESMMASK_epitope_FT_25_0.001_1e-06_AUG_3_HLAA0207_1_per_token_metrics.csv,A0207,12.784637578896119,/global/scratch/users/sergiomar10/models/ESMC_Pretrain/HLAHLAA0207/ESMMASK_epitope_FT_25_0.001_1e-06_AUG_3_HLAA0207_1.pt
1627,ESMMASK_epitope_FT_20_0.001_5e-05_AUG_6_HLAB1502_2_per_token_metrics.csv,B1502,12.798176447586998,/global/scratch/users/sergiomar10/models/ESMC_Pretrain/HLAHLAB1502/ESMMASK_epitope_FT_20_0.001_5e-05_AUG_6_HLAB1502_2.pt
548,ESMMASK_epitope_FT_20_0.001_5e-05_AUG_6_HLAB1542_2_per_token_metrics.csv,B1542,12.889191963791653,/global/scratch/users/sergiomar10/models/ESMC_Pretrain/HLAHLAB1542/ESMMASK_epitope_FT_20_0.001_5e-05_AUG_6_HLAB1542_2.pt
1277,ESMMASK_epitope_FT_15_0.001_5e-05_AUG_3_HLAB3501_1_per_token_metrics.csv,B3501,12.89496000085123,/global/scratch/users/sergiomar10/models/ESMC_Pretrain/HLAHLAB3501/ESMMASK_epitope_FT_15_0.001_5e-05_AUG_3_HLAB3501_1.pt
462,ESMMASK_epitope_FT_15_0.001_5e-05_AUG_6_HLAA2601_2_per_token_metrics.csv,A2601,12.894994883295965,/global/scratch/users/sergiomar10/models/ESMC_Pretrain/HLAHLAA2601/ESMMASK_epitope_FT_15_0.001_5e-05_AUG_6_HLAA2601_2.pt
1618,ESMMASK_epitope_FT_20_0.001_5e-05_AUG_1_HLAA2403_2_per_token_metrics.csv,A2403,12.909212299803942,/global/scratch/users/sergiomar10/models/ESMC_Pretrain/HLAHLAA2403/ESMMASK_epitope_FT_20_0.001_5e-05_AUG_1_HLAA2403_2.pt
1286,ESMMASK_epitope_FT_20_0.001_5e-05_AUG_6_HLAA0203_2_per_token_metrics.csv,A0203,12.94776381908329,/global/scratch/users/sergiomar10/models/ESMC_Pretrain/HLAHLAA0203/ESMMASK_epitope_FT_20_0.001_5e-05_AUG_6_HLAA0203_2.pt
1296,ESMMASK_epitope_FT_20_0.001_5e-05_AUG_3_HLAA2902_2_per_token_metrics.csv,A2902,12.952467940183482,/global/scratch/users/sergiomar10/models/ESMC_Pretrain/HLAHLAA2902/ESMMASK_epitope_FT_20_0.001_5e-05_AUG_3_HLAA2902_2.pt
672,ESMMASK_epitope_FT_20_0.001_5e-05_AUG_1_HLAA6901_2_per_token_metrics.csv,A6901,12.972444655150634,/global/scratch/users/sergiomar10/models/ESMC_Pretrain/HLAHLAA6901/ESMMASK_epitope_FT_20_0.001_5e-05_AUG_1_HLAA6901_2.pt
132,ESMMASK_epitope_FT_15_0.001_5e-05_AUG_1_HLAB0801_2_per_token_metrics.csv,B0801,13.159509207134699,/global/scratch/users/sergiomar10/models/ESMC_Pretrain/HLAHLAB0801/ESMMASK_epitope_FT_15_0.001_5e-05_AUG_1_HLAB0801_2.pt
459,ESMMASK_epitope_FT_15_0.001_1e-06_AUG_6_HLAA2601_1_per_token_metrics.csv,A2601,13.164739156893589,/global/scratch/users/sergiomar10/models/ESMC_Pretrain/HLAHLAA2601/ESMMASK_epitope_FT_15_0.001_1e-06_AUG_6_HLAA2601_1.pt
1633,ESMMASK_epitope_FT_20_0.001_1e-06_AUG_6_HLAB5401_1_per_token_metrics.csv,B5401,13.19503589670332,/global/scratch/users/sergiomar10/models/ESMC_Pretrain/HLAHLAB5401/ESMMASK_epitope_FT_20_0.001_1e-06_AUG_6_HLAB5401_1.pt
777,ESMMASK_epitope_FT_15_0.001_5e-05_AUG_3_HLAB5701_2_per_token_metrics.csv,B5701,13.203524470839424,/global/scratch/users/sergiomar10/models/ESMC_Pretrain/HLAHLAB5701/ESMMASK_epitope_FT_15_0.001_5e-05_AUG_3_HLAB5701_2.pt
1439,ESMMASK_epitope_FT_15_0.001_1e-06_AUG_3_HLAA3002_1_per_token_metrics.csv,A3002,13.241546504125113,/global/scratch/users/sergiomar10/models/ESMC_Pretrain/HLAHLAA3002/ESMMASK_epitope_FT_15_0.001_1e-06_AUG_3_HLAA3002_1.pt
939,ESMMASK_epitope_FT_15_0.001_5e-05_AUG_1_HLAA2301_1_per_token_metrics.csv,A2301,13.255735590605214,/global/scratch/users/sergiomar10/models/ESMC_Pretrain/HLAHLAA2301/ESMMASK_epitope_FT_15_0.001_5e-05_AUG_1_HLAA2301_1.pt
1474,ESMMASK_epitope_FT_15_0.001_1e-06_AUG_1_HLAA3301_1_per_token_metrics.csv,A3301,13.29407715268463,/global/scratch/users/sergiomar10/models/ESMC_Pretrain/HLAHLAA3301/ESMMASK_epitope_FT_15_0.001_1e-06_AUG_1_HLAA3301_1.pt
801,ESMMASK_epitope_FT_25_0.001_5e-05_AUG_6_HLAB8301_1_per_token_metrics.csv,B8301,13.331289556004908,/global/scratch/users/sergiomar10/models/ESMC_Pretrain/HLAHLAB8301/ESMMASK_epitope_FT_25_0.001_5e-05_AUG_6_HLAB8301_1.pt
1329,ESMMASK_epitope_FT_25_0.001_5e-05_AUG_1_HLAB4506_2_per_token_metrics.csv,B4506,13.382797460843486,/global/scratch/users/sergiomar10/models/ESMC_Pretrain/HLAHLAB4506/ESMMASK_epitope_FT_25_0.001_5e-05_AUG_1_HLAB4506_2.pt
1547,ESMMASK_epitope_FT_15_0.001_1e-06_AUG_6_HLAB4001_2_per_token_metrics.csv,B4001,13.535461802699652,/global/scratch/users/sergiomar10/models/ESMC_Pretrain/HLAHLAB4001/ESMMASK_epitope_FT_15_0.001_1e-06_AUG_6_HLAB4001_2.pt
1688,ESMMASK_epitope_FT_25_0.001_5e-05_AUG_3_HLAB3508_1_per_token_metrics.csv,B3508,13.543138328336,/global/scratch/users/sergiomar10/models/ESMC_Pretrain/HLAHLAB3508/ESMMASK_epitope_FT_25_0.001_5e-05_AUG_3_HLAB3508_1.pt
570,ESMMASK_epitope_FT_25_0.001_5e-05_AUG_3_HLAC1502_2_per_token_metrics.csv,C1502,13.596081852245545,/global/scratch/users/sergiomar10/models/ESMC_Pretrain/HLAHLAC1502/ESMMASK_epitope_FT_25_0.001_5e-05_AUG_3_HLAC1502_2.pt
800,ESMMASK_epitope_FT_25_0.001_5e-05_AUG_3_HLAB8301_1_per_token_metrics.csv,B8301,13.638203961093884,/global/scratch/users/sergiomar10/models/ESMC_Pretrain/HLAHLAB8301/ESMMASK_epitope_FT_25_0.001_5e-05_AUG_3_HLAB8301_1.pt
814,ESMMASK_epitope_FT_25_0.001_1e-06_AUG_1_HLAC0602_1_per_token_metrics.csv,C0602,13.660754324317061,/global/scratch/users/sergiomar10/models/ESMC_Pretrain/HLAHLAC0602/ESMMASK_epitope_FT_25_0.001_1e-06_AUG_1_HLAC0602_1.pt
1422,ESMMASK_epitope_FT_25_0.001_1e-06_AUG_1_HLAA6823_2_per_token_metrics.csv,A6823,13.676726036268615,/global/scratch/users/sergiomar10/models/ESMC_Pretrain/HLAHLAA6823/ESMMASK_epitope_FT_25_0.001_1e-06_AUG_1_HLAA6823_2.pt
1733,ESMMASK_epitope_FT_20_0.001_5e-05_AUG_6_HLAA0205_1_per_token_metrics.csv,A0205,13.677011448825942,/global/scratch/users/sergiomar10/models/ESMC_Pretrain/HLAHLAA0205/ESMMASK_epitope_FT_20_0.001_5e-05_AUG_6_HLAA0205_1.pt
1689,ESMMASK_epitope_FT_25_0.001_5e-05_AUG_6_HLAB3508_2_per_token_metrics.csv,B3508,13.768669324411652,/global/scratch/users/sergiomar10/models/ESMC_Pretrain/HLAHLAB3508/ESMMASK_epitope_FT_25_0.001_5e-05_AUG_6_HLAB3508_2.pt
1289,ESMMASK_epitope_FT_15_0.001_1e-06_AUG_3_HLAA2902_1_per_token_metrics.csv,A2902,13.776475219764139,/global/scratch/users/sergiomar10/models/ESMC_Pretrain/HLAHLAA2902/ESMMASK_epitope_FT_15_0.001_1e-06_AUG_3_HLAA2902_1.pt
781,ESMMASK_epitope_FT_20_0.001_5e-05_AUG_6_HLAB5701_2_per_token_metrics.csv,B5701,13.784170635275482,/global/scratch/users/sergiomar10/models/ESMC_Pretrain/HLAHLAB5701/ESMMASK_epitope_FT_20_0.001_5e-05_AUG_6_HLAB5701_2.pt
1655,ESMMASK_epitope_FT_25_0.001_5e-05_AUG_1_HLAA0216_1_per_token_metrics.csv,A0216,13.813011117577036,/global/scratch/users/sergiomar10/models/ESMC_Pretrain/HLAHLAA0216/ESMMASK_epitope_FT_25_0.001_5e-05_AUG_1_HLAA0216_1.pt
1449,ESMMASK_epitope_FT_15_0.001_5e-05_AUG_3_HLAB5801_2_per_token_metrics.csv,B5801,13.815761313515793,/global/scratch/users/sergiomar10/models/ESMC_Pretrain/HLAHLAB5801/ESMMASK_epitope_FT_15_0.001_5e-05_AUG_3_HLAB5801_2.pt
830,ESMMASK_epitope_FT_20_0.001_5e-05_AUG_6_HLAC0304_1_per_token_metrics.csv,C0304,13.81908944394225,/global/scratch/users/sergiomar10/models/ESMC_Pretrain/HLAHLAC0304/ESMMASK_epitope_FT_20_0.001_5e-05_AUG_6_HLAC0304_1.pt
1430,ESMMASK_epitope_FT_25_0.001_5e-05_AUG_6_HLAC1203_2_per_token_metrics.csv,C1203,13.866263820479528,/global/scratch/users/sergiomar10/models/ESMC_Pretrain/HLAHLAC1203/ESMMASK_epitope_FT_25_0.001_5e-05_AUG_6_HLAC1203_2.pt
1668,ESMMASK_epitope_FT_25_0.001_5e-05_AUG_1_HLAB4501_2_per_token_metrics.csv,B4501,13.88422007338111,/global/scratch/users/sergiomar10/models/ESMC_Pretrain/HLAHLAB4501/ESMMASK_epitope_FT_25_0.001_5e-05_AUG_1_HLAB4501_2.pt
604,ESMMASK_epitope_FT_25_0.001_5e-05_AUG_6_HLAA3303_1_per_token_metrics.csv,A3303,13.912234067919872,/global/scratch/users/sergiomar10/models/ESMC_Pretrain/HLAHLAA3303/ESMMASK_epitope_FT_25_0.001_5e-05_AUG_6_HLAA3303_1.pt
1462,ESMMASK_epitope_FT_20_0.001_1e-06_AUG_6_HLAB3901_2_per_token_metrics.csv,B3901,13.921294211727576,/global/scratch/users/sergiomar10/models/ESMC_Pretrain/HLAHLAB3901/ESMMASK_epitope_FT_20_0.001_1e-06_AUG_6_HLAB3901_2.pt
1530,ESMMASK_epitope_FT_20_0.001_5e-05_AUG_6_HLAC0401_2_per_token_metrics.csv,C0401,13.93310574328429,/global/scratch/users/sergiomar10/models/ESMC_Pretrain/HLAHLAC0401/ESMMASK_epitope_FT_20_0.001_5e-05_AUG_6_HLAC0401_2.pt
1616,ESMMASK_epitope_FT_20_0.001_1e-06_AUG_6_HLAA2403_1_per_token_metrics.csv,A2403,13.955193202032325,/global/scratch/users/sergiomar10/models/ESMC_Pretrain/HLAHLAA2403/ESMMASK_epitope_FT_20_0.001_1e-06_AUG_6_HLAA2403_1.pt
1752,ESMMASK_epitope_FT_15_0.001_5e-05_AUG_1_HLAB1801_1_per_token_metrics.csv,B1801,13.985608683803523,/global/scratch/users/sergiomar10/models/ESMC_Pretrain/HLAHLAB1801/ESMMASK_epitope_FT_15_0.001_5e-05_AUG_1_HLAB1801_1.pt
1427,ESMMASK_epitope_FT_25_0.001_1e-06_AUG_1_HLAC1203_1_per_token_metrics.csv,C1203,14.043229835224338,/global/scratch/users/sergiomar10/models/ESMC_Pretrain/HLAHLAC1203/ESMMASK_epitope_FT_25_0.001_1e-06_AUG_1_HLAC1203_1.pt
148,ESMMASK_epitope_FT_20_0.001_1e-06_AUG_1_HLAC0702_1_per_token_metrics.csv,C0702,14.081525270844013,/global/scratch/users/sergiomar10/models/ESMC_Pretrain/HLAHLAC0702/ESMMASK_epitope_FT_20_0.001_1e-06_AUG_1_HLAC0702_1.pt
128,ESMMASK_epitope_FT_20_0.001_5e-05_AUG_6_HLAC0102_1_per_token_metrics.csv,C0102,14.096993740924518,/global/scratch/users/sergiomar10/models/ESMC_Pretrain/HLAHLAC0102/ESMMASK_epitope_FT_20_0.001_5e-05_AUG_6_HLAC0102_1.pt
615,ESMMASK_epitope_FT_15_0.001_5e-05_AUG_1_HLAC0802_1_per_token_metrics.csv,C0802,14.106832091394017,/global/scratch/users/sergiomar10/models/ESMC_Pretrain/HLAHLAC0802/ESMMASK_epitope_FT_15_0.001_5e-05_AUG_1_HLAC0802_1.pt
1450,ESMMASK_epitope_FT_15_0.001_5e-05_AUG_6_HLAB5801_1_per_token_metrics.csv,B5801,14.158330877050567,/global/scratch/users/sergiomar10/models/ESMC_Pretrain/HLAHLAB5801/ESMMASK_epitope_FT_15_0.001_5e-05_AUG_6_HLAB5801_1.pt
307,ESMMASK_epitope_FT_20_0.001_1e-06_AUG_6_HLAC0501_2_per_token_metrics.csv,C0501,14.160179433615312,/global/scratch/users/sergiomar10/models/ESMC_Pretrain/HLAHLAC0501/ESMMASK_epitope_FT_20_0.001_1e-06_AUG_6_HLAC0501_2.pt
1322,ESMMASK_epitope_FT_25_0.001_5e-05_AUG_3_HLAA0217_1_per_token_metrics.csv,A0217,14.170820784296193,/global/scratch/users/sergiomar10/models/ESMC_Pretrain/HLAHLAA0217/ESMMASK_epitope_FT_25_0.001_5e-05_AUG_3_HLAA0217_1.pt
671,ESMMASK_epitope_FT_20_0.001_1e-06_AUG_1_HLAA6901_1_per_token_metrics.csv,A6901,14.221547660451485,/global/scratch/users/sergiomar10/models/ESMC_Pretrain/HLAHLAA6901/ESMMASK_epitope_FT_20_0.001_1e-06_AUG_1_HLAA6901_1.pt
1615,ESMMASK_epitope_FT_20_0.001_1e-06_AUG_1_HLAA2403_2_per_token_metrics.csv,A2403,14.228991190974883,/global/scratch/users/sergiomar10/models/ESMC_Pretrain/HLAHLAA2403/ESMMASK_epitope_FT_20_0.001_1e-06_AUG_1_HLAA2403_2.pt
1550,ESMMASK_epitope_FT_20_0.001_1e-06_AUG_6_HLAB4001_1_per_token_metrics.csv,B4001,14.286983817589856,/global/scratch/users/sergiomar10/models/ESMC_Pretrain/HLAHLAB4001/ESMMASK_epitope_FT_20_0.001_1e-06_AUG_6_HLAB4001_1.pt
584,ESMMASK_epitope_FT_25_0.001_1e-06_AUG_6_HLAA0211_2_per_token_metrics.csv,A0211,14.300982536561786,/global/scratch/users/sergiomar10/models/ESMC_Pretrain/HLAHLAA0211/ESMMASK_epitope_FT_25_0.001_1e-06_AUG_6_HLAA0211_2.pt
303,ESMMASK_epitope_FT_15_0.001_1e-06_AUG_6_HLAC0501_2_per_token_metrics.csv,C0501,14.303531592267214,/global/scratch/users/sergiomar10/models/ESMC_Pretrain/HLAHLAC0501/ESMMASK_epitope_FT_15_0.001_1e-06_AUG_6_HLAC0501_2.pt
826,ESMMASK_epitope_FT_15_0.001_5e-05_AUG_6_HLAC0304_1_per_token_metrics.csv,C0304,14.395716220525275,/global/scratch/users/sergiomar10/models/ESMC_Pretrain/HLAHLAC0304/ESMMASK_epitope_FT_15_0.001_5e-05_AUG_6_HLAC0304_1.pt
532,ESMMASK_epitope_FT_15_0.001_1e-06_AUG_1_HLAA3201_1_per_token_metrics.csv,A3201,14.429117445574102,/global/scratch/users/sergiomar10/models/ESMC_Pretrain/HLAHLAA3201/ESMMASK_epitope_FT_15_0.001_1e-06_AUG_1_HLAA3201_1.pt
585,ESMMASK_epitope_FT_25_0.001_5e-05_AUG_1_HLAA0211_1_per_token_metrics.csv,A0211,14.441155307395661,/global/scratch/users/sergiomar10/models/ESMC_Pretrain/HLAHLAA0211/ESMMASK_epitope_FT_25_0.001_5e-05_AUG_1_HLAA0211_1.pt
937,ESMMASK_epitope_FT_15_0.001_1e-06_AUG_1_HLAA2301_2_per_token_metrics.csv,A2301,14.471808782590028,/global/scratch/users/sergiomar10/models/ESMC_Pretrain/HLAHLAA2301/ESMMASK_epitope_FT_15_0.001_1e-06_AUG_1_HLAA2301_2.pt
535,ESMMASK_epitope_FT_15_0.001_5e-05_AUG_6_HLAA3201_2_per_token_metrics.csv,A3201,14.548820868225432,/global/scratch/users/sergiomar10/models/ESMC_Pretrain/HLAHLAA3201/ESMMASK_epitope_FT_15_0.001_5e-05_AUG_6_HLAA3201_2.pt
103,ESMMASK_epitope_FT_15_0.001_1e-06_AUG_6_HLAB4601_1_per_token_metrics.csv,B4601,14.702881518897811,/global/scratch/users/sergiomar10/models/ESMC_Pretrain/HLAHLAB4601/ESMMASK_epitope_FT_15_0.001_1e-06_AUG_6_HLAB4601_1.pt
1317,ESMMASK_epitope_FT_20_0.001_5e-05_AUG_3_HLAA0217_1_per_token_metrics.csv,A0217,14.710359008816953,/global/scratch/users/sergiomar10/models/ESMC_Pretrain/HLAHLAA0217/ESMMASK_epitope_FT_20_0.001_5e-05_AUG_3_HLAA0217_1.pt
1416,ESMMASK_epitope_FT_15_0.001_5e-05_AUG_1_HLAA6823_2_per_token_metrics.csv,A6823,14.714687884681755,/global/scratch/users/sergiomar10/models/ESMC_Pretrain/HLAHLAA6823/ESMMASK_epitope_FT_15_0.001_5e-05_AUG_1_HLAA6823_2.pt
1535,ESMMASK_epitope_FT_25_0.001_5e-05_AUG_3_HLAC0401_2_per_token_metrics.csv,C0401,14.776651939413199,/global/scratch/users/sergiomar10/models/ESMC_Pretrain/HLAHLAC0401/ESMMASK_epitope_FT_25_0.001_5e-05_AUG_3_HLAC0401_2.pt
1472,ESMMASK_epitope_FT_20_0.001_1e-06_AUG_6_HLAB2706_2_per_token_metrics.csv,B2706,14.817611147255661,/global/scratch/users/sergiomar10/models/ESMC_Pretrain/HLAHLAB2706/ESMMASK_epitope_FT_20_0.001_1e-06_AUG_6_HLAB2706_2.pt
1419,ESMMASK_epitope_FT_20_0.001_1e-06_AUG_1_HLAA6823_2_per_token_metrics.csv,A6823,14.888773339188143,/global/scratch/users/sergiomar10/models/ESMC_Pretrain/HLAHLAA6823/ESMMASK_epitope_FT_20_0.001_1e-06_AUG_1_HLAA6823_2.pt
855,ESMMASK_epitope_FT_25_0.001_1e-06_AUG_3_HLAC1402_1_per_token_metrics.csv,C1402,14.904609208319016,/global/scratch/users/sergiomar10/models/ESMC_Pretrain/HLAHLAC1402/ESMMASK_epitope_FT_25_0.001_1e-06_AUG_3_HLAC1402_1.pt
856,ESMMASK_epitope_FT_25_0.001_1e-06_AUG_6_HLAC1402_1_per_token_metrics.csv,C1402,14.925074081872783,/global/scratch/users/sergiomar10/models/ESMC_Pretrain/HLAHLAC1402/ESMMASK_epitope_FT_25_0.001_1e-06_AUG_6_HLAC1402_1.pt
1611,ESMMASK_epitope_FT_15_0.001_1e-06_AUG_1_HLAA2403_1_per_token_metrics.csv,A2403,14.94029044680709,/global/scratch/users/sergiomar10/models/ESMC_Pretrain/HLAHLAA2403/ESMMASK_epitope_FT_15_0.001_1e-06_AUG_1_HLAA2403_1.pt
1526,ESMMASK_epitope_FT_15_0.001_5e-05_AUG_3_HLAC0401_1_per_token_metrics.csv,C0401,14.94909472651759,/global/scratch/users/sergiomar10/models/ESMC_Pretrain/HLAHLAC0401/ESMMASK_epitope_FT_15_0.001_5e-05_AUG_3_HLAC0401_1.pt
1303,ESMMASK_epitope_FT_25_0.001_5e-05_AUG_6_HLAA8001_1_per_token_metrics.csv,A8001,14.960226238300296,/global/scratch/users/sergiomar10/models/ESMC_Pretrain/HLAHLAA8001/ESMMASK_epitope_FT_25_0.001_5e-05_AUG_6_HLAA8001_1.pt
553,ESMMASK_epitope_FT_20_0.001_1e-06_AUG_1_HLAA0219_2_per_token_metrics.csv,A0219,14.997567405579701,/global/scratch/users/sergiomar10/models/ESMC_Pretrain/HLAHLAA0219/ESMMASK_epitope_FT_20_0.001_1e-06_AUG_1_HLAA0219_2.pt
1447,ESMMASK_epitope_FT_15_0.001_1e-06_AUG_1_HLAB5801_2_per_token_metrics.csv,B5801,15.034505921940061,/global/scratch/users/sergiomar10/models/ESMC_Pretrain/HLAHLAB5801/ESMMASK_epitope_FT_15_0.001_1e-06_AUG_1_HLAB5801_2.pt
1660,ESMMASK_epitope_FT_15_0.001_1e-06_AUG_3_HLAB4501_1_per_token_metrics.csv,B4501,15.145334370923843,/global/scratch/users/sergiomar10/models/ESMC_Pretrain/HLAHLAB4501/ESMMASK_epitope_FT_15_0.001_1e-06_AUG_3_HLAB4501_1.pt
586,ESMMASK_epitope_FT_25_0.001_5e-05_AUG_1_HLAA0211_2_per_token_metrics.csv,A0211,15.164821206658546,/global/scratch/users/sergiomar10/models/ESMC_Pretrain/HLAHLAA0211/ESMMASK_epitope_FT_25_0.001_5e-05_AUG_1_HLAA0211_2.pt
1509,ESMMASK_epitope_FT_15_0.001_5e-05_AUG_3_HLAB1503_2_per_token_metrics.csv,B1503,15.224066988753735,/global/scratch/users/sergiomar10/models/ESMC_Pretrain/HLAHLAB1503/ESMMASK_epitope_FT_15_0.001_5e-05_AUG_3_HLAB1503_2.pt
798,ESMMASK_epitope_FT_20_0.001_5e-05_AUG_6_HLAB8301_2_per_token_metrics.csv,B8301,15.25683050852009,/global/scratch/users/sergiomar10/models/ESMC_Pretrain/HLAHLAB8301/ESMMASK_epitope_FT_20_0.001_5e-05_AUG_6_HLAB8301_2.pt
1300,ESMMASK_epitope_FT_20_0.001_1e-06_AUG_3_HLAA8001_2_per_token_metrics.csv,A8001,15.308846163464924,/global/scratch/users/sergiomar10/models/ESMC_Pretrain/HLAHLAA8001/ESMMASK_epitope_FT_20_0.001_1e-06_AUG_3_HLAA8001_2.pt
112,ESMMASK_epitope_FT_20_0.001_5e-05_AUG_3_HLAB4601_1_per_token_metrics.csv,B4601,15.346334199110673,/global/scratch/users/sergiomar10/models/ESMC_Pretrain/HLAHLAB4601/ESMMASK_epitope_FT_20_0.001_5e-05_AUG_3_HLAB4601_1.pt
857,ESMMASK_epitope_FT_25_0.001_5e-05_AUG_3_HLAC1402_1_per_token_metrics.csv,C1402,15.40138265617737,/global/scratch/users/sergiomar10/models/ESMC_Pretrain/HLAHLAC1402/ESMMASK_epitope_FT_25_0.001_5e-05_AUG_3_HLAC1402_1.pt
1549,ESMMASK_epitope_FT_15_0.001_5e-05_AUG_3_HLAB4001_2_per_token_metrics.csv,B4001,15.43034203448231,/global/scratch/users/sergiomar10/models/ESMC_Pretrain/HLAHLAB4001/ESMMASK_epitope_FT_15_0.001_5e-05_AUG_3_HLAB4001_2.pt
109,ESMMASK_epitope_FT_20_0.001_1e-06_AUG_6_HLAB4601_1_per_token_metrics.csv,B4601,15.440849796935982,/global/scratch/users/sergiomar10/models/ESMC_Pretrain/HLAHLAB4601/ESMMASK_epitope_FT_20_0.001_1e-06_AUG_6_HLAB4601_1.pt
846,ESMMASK_epitope_FT_15_0.001_1e-06_AUG_3_HLAC1402_2_per_token_metrics.csv,C1402,15.45439004850815,/global/scratch/users/sergiomar10/models/ESMC_Pretrain/HLAHLAC1402/ESMMASK_epitope_FT_15_0.001_1e-06_AUG_3_HLAC1402_2.pt
1318,ESMMASK_epitope_FT_25_0.001_1e-06_AUG_1_HLAA0217_1_per_token_metrics.csv,A0217,15.479566105294102,/global/scratch/users/sergiomar10/models/ESMC_Pretrain/HLAHLAA0217/ESMMASK_epitope_FT_25_0.001_1e-06_AUG_1_HLAA0217_1.pt
557,ESMMASK_epitope_FT_25_0.001_1e-06_AUG_6_HLAA0219_2_per_token_metrics.csv,A0219,15.484454757203247,/global/scratch/users/sergiomar10/models/ESMC_Pretrain/HLAHLAA0219/ESMMASK_epitope_FT_25_0.001_1e-06_AUG_6_HLAA0219_2.pt
573,ESMMASK_epitope_FT_15_0.001_1e-06_AUG_6_HLAB2705_1_per_token_metrics.csv,B2705,15.522702516717667,/global/scratch/users/sergiomar10/models/ESMC_Pretrain/HLAHLAB2705/ESMMASK_epitope_FT_15_0.001_1e-06_AUG_6_HLAB2705_1.pt
1754,ESMMASK_epitope_FT_20_0.001_1e-06_AUG_1_HLAB1801_2_per_token_metrics.csv,B1801,15.529635099573431,/global/scratch/users/sergiomar10/models/ESMC_Pretrain/HLAHLAB1801/ESMMASK_epitope_FT_20_0.001_1e-06_AUG_1_HLAB1801_2.pt
1620,ESMMASK_epitope_FT_25_0.001_1e-06_AUG_3_HLAA2403_2_per_token_metrics.csv,A2403,15.539902822356055,/global/scratch/users/sergiomar10/models/ESMC_Pretrain/HLAHLAA2403/ESMMASK_epitope_FT_25_0.001_1e-06_AUG_3_HLAA2403_2.pt
770,ESMMASK_epitope_FT_20_0.001_5e-05_AUG_3_HLAA2602_1_per_token_metrics.csv,A2602,15.707680871106277,/global/scratch/users/sergiomar10/models/ESMC_Pretrain/HLAHLAA2602/ESMMASK_epitope_FT_20_0.001_5e-05_AUG_3_HLAA2602_1.pt
1290,ESMMASK_epitope_FT_15_0.001_1e-06_AUG_6_HLAA2902_1_per_token_metrics.csv,A2902,15.709348518095364,/global/scratch/users/sergiomar10/models/ESMC_Pretrain/HLAHLAA2902/ESMMASK_epitope_FT_15_0.001_1e-06_AUG_6_HLAA2902_1.pt
848,ESMMASK_epitope_FT_15_0.001_5e-05_AUG_1_HLAC1402_1_per_token_metrics.csv,C1402,15.748231027611764,/global/scratch/users/sergiomar10/models/ESMC_Pretrain/HLAHLAC1402/ESMMASK_epitope_FT_15_0.001_5e-05_AUG_1_HLAC1402_1.pt
1632,ESMMASK_epitope_FT_15_0.001_5e-05_AUG_6_HLAB5401_2_per_token_metrics.csv,B5401,15.77212676755592,/global/scratch/users/sergiomar10/models/ESMC_Pretrain/HLAHLAB5401/ESMMASK_epitope_FT_15_0.001_5e-05_AUG_6_HLAB5401_2.pt
1274,ESMMASK_epitope_FT_25_0.001_5e-05_AUG_1_HLAA0250_2_per_token_metrics.csv,A0250,15.775385484099388,/global/scratch/users/sergiomar10/models/ESMC_Pretrain/HLAHLAA0250/ESMMASK_epitope_FT_25_0.001_5e-05_AUG_1_HLAA0250_2.pt
1667,ESMMASK_epitope_FT_25_0.001_1e-06_AUG_6_HLAB4501_1_per_token_metrics.csv,B4501,15.794499967839135,/global/scratch/users/sergiomar10/models/ESMC_Pretrain/HLAHLAB4501/ESMMASK_epitope_FT_25_0.001_1e-06_AUG_6_HLAB4501_1.pt
853,ESMMASK_epitope_FT_20_0.001_5e-05_AUG_6_HLAC1402_2_per_token_metrics.csv,C1402,15.871908270396528,/global/scratch/users/sergiomar10/models/ESMC_Pretrain/HLAHLAC1402/ESMMASK_epitope_FT_20_0.001_5e-05_AUG_6_HLAC1402_2.pt
44,ESMMASK_epitope_FT_20_0.001_1e-06_AUG_1_HLAB2704_1_per_token_metrics.csv,B2704,15.87780953778162,/global/scratch/users/sergiomar10/models/ESMC_Pretrain/HLAHLAB2704/ESMMASK_epitope_FT_20_0.001_1e-06_AUG_1_HLAB2704_1.pt
1516,ESMMASK_epitope_FT_25_0.001_5e-05_AUG_1_HLAB1503_2_per_token_metrics.csv,B1503,15.889448928748351,/global/scratch/users/sergiomar10/models/ESMC_Pretrain/HLAHLAB1503/ESMMASK_epitope_FT_25_0.001_5e-05_AUG_1_HLAB1503_2.pt
1443,ESMMASK_epitope_FT_20_0.001_5e-05_AUG_3_HLAA3002_2_per_token_metrics.csv,A3002,15.915705129559193,/global/scratch/users/sergiomar10/models/ESMC_Pretrain/HLAHLAA3002/ESMMASK_epitope_FT_20_0.001_5e-05_AUG_3_HLAA3002_2.pt
1074,ESMMASK_epitope_FT_15_0.001_1e-06_AUG_3_HLAB2720_1_per_token_metrics.csv,B2720,16.02698173829251,/global/scratch/users/sergiomar10/models/ESMC_Pretrain/HLAHLAB2720/ESMMASK_epitope_FT_15_0.001_1e-06_AUG_3_HLAB2720_1.pt
1514,ESMMASK_epitope_FT_25_0.001_1e-06_AUG_3_HLAB1503_1_per_token_metrics.csv,B1503,16.05549798614774,/global/scratch/users/sergiomar10/models/ESMC_Pretrain/HLAHLAB1503/ESMMASK_epitope_FT_25_0.001_1e-06_AUG_3_HLAB1503_1.pt
850,ESMMASK_epitope_FT_20_0.001_1e-06_AUG_6_HLAC1402_1_per_token_metrics.csv,C1402,16.058064919086306,/global/scratch/users/sergiomar10/models/ESMC_Pretrain/HLAHLAC1402/ESMMASK_epitope_FT_20_0.001_1e-06_AUG_6_HLAC1402_1.pt
1321,ESMMASK_epitope_FT_25_0.001_5e-05_AUG_1_HLAA0217_1_per_token_metrics.csv,A0217,16.093975473374048,/global/scratch/users/sergiomar10/models/ESMC_Pretrain/HLAHLAA0217/ESMMASK_epitope_FT_25_0.001_5e-05_AUG_1_HLAA0217_1.pt
1477,ESMMASK_epitope_FT_15_0.001_5e-05_AUG_6_HLAA3301_1_per_token_metrics.csv,A3301,16.141988928191907,/global/scratch/users/sergiomar10/models/ESMC_Pretrain/HLAHLAA3301/ESMMASK_epitope_FT_15_0.001_5e-05_AUG_6_HLAA3301_1.pt
775,ESMMASK_epitope_FT_15_0.001_1e-06_AUG_1_HLAB5701_2_per_token_metrics.csv,B5701,16.283958710782308,/global/scratch/users/sergiomar10/models/ESMC_Pretrain/HLAHLAB5701/ESMMASK_epitope_FT_15_0.001_1e-06_AUG_1_HLAB5701_2.pt
547,ESMMASK_epitope_FT_20_0.001_5e-05_AUG_1_HLAB1542_1_per_token_metrics.csv,B1542,16.354270167818026,/global/scratch/users/sergiomar10/models/ESMC_Pretrain/HLAHLAB1542/ESMMASK_epitope_FT_20_0.001_5e-05_AUG_1_HLAB1542_1.pt
1537,ESMMASK_epitope_FT_25_0.001_5e-05_AUG_6_HLAC0401_2_per_token_metrics.csv,C0401,16.355405987286655,/global/scratch/users/sergiomar10/models/ESMC_Pretrain/HLAHLAC0401/ESMMASK_epitope_FT_25_0.001_5e-05_AUG_6_HLAC0401_2.pt
1628,ESMMASK_epitope_FT_25_0.001_5e-05_AUG_3_HLAB1502_1_per_token_metrics.csv,B1502,16.42164387553154,/global/scratch/users/sergiomar10/models/ESMC_Pretrain/HLAHLAB1502/ESMMASK_epitope_FT_25_0.001_5e-05_AUG_3_HLAB1502_1.pt
1078,ESMMASK_epitope_FT_20_0.001_1e-06_AUG_1_HLAB2720_2_per_token_metrics.csv,B2720,16.44889720280965,/global/scratch/users/sergiomar10/models/ESMC_Pretrain/HLAHLAB2720/ESMMASK_epitope_FT_20_0.001_1e-06_AUG_1_HLAB2720_2.pt
310,ESMMASK_epitope_FT_25_0.001_5e-05_AUG_1_HLAC0501_2_per_token_metrics.csv,C0501,16.46476053135741,/global/scratch/users/sergiomar10/models/ESMC_Pretrain/HLAHLAC0501/ESMMASK_epitope_FT_25_0.001_5e-05_AUG_1_HLAC0501_2.pt
625,ESMMASK_epitope_FT_15_0.001_5e-05_AUG_3_HLAB5101_2_per_token_metrics.csv,B5101,16.486967655414666,/global/scratch/users/sergiomar10/models/ESMC_Pretrain/HLAHLAB5101/ESMMASK_epitope_FT_15_0.001_5e-05_AUG_3_HLAB5101_2.pt
1664,ESMMASK_epitope_FT_20_0.001_1e-06_AUG_1_HLAB4501_2_per_token_metrics.csv,B4501,16.535481920445466,/global/scratch/users/sergiomar10/models/ESMC_Pretrain/HLAHLAB4501/ESMMASK_epitope_FT_20_0.001_1e-06_AUG_1_HLAB4501_2.pt
555,ESMMASK_epitope_FT_20_0.001_5e-05_AUG_1_HLAA0219_2_per_token_metrics.csv,A0219,16.575831071577138,/global/scratch/users/sergiomar10/models/ESMC_Pretrain/HLAHLAA0219/ESMMASK_epitope_FT_20_0.001_5e-05_AUG_1_HLAA0219_2.pt
536,ESMMASK_epitope_FT_20_0.001_1e-06_AUG_1_HLAA3201_1_per_token_metrics.csv,A3201,16.61321865364452,/global/scratch/users/sergiomar10/models/ESMC_Pretrain/HLAHLAA3201/ESMMASK_epitope_FT_20_0.001_1e-06_AUG_1_HLAA3201_1.pt
1657,ESMMASK_epitope_FT_25_0.001_5e-05_AUG_3_HLAA0216_1_per_token_metrics.csv,A0216,16.679093945771456,/global/scratch/users/sergiomar10/models/ESMC_Pretrain/HLAHLAA0216/ESMMASK_epitope_FT_25_0.001_5e-05_AUG_3_HLAA0216_1.pt
852,ESMMASK_epitope_FT_20_0.001_5e-05_AUG_1_HLAC1402_1_per_token_metrics.csv,C1402,16.69961021115209,/global/scratch/users/sergiomar10/models/ESMC_Pretrain/HLAHLAC1402/ESMMASK_epitope_FT_20_0.001_5e-05_AUG_1_HLAC1402_1.pt
554,ESMMASK_epitope_FT_20_0.001_5e-05_AUG_1_HLAA0219_1_per_token_metrics.csv,A0219,16.716742494182963,/global/scratch/users/sergiomar10/models/ESMC_Pretrain/HLAHLAA0219/ESMMASK_epitope_FT_20_0.001_5e-05_AUG_1_HLAA0219_1.pt
551,ESMMASK_epitope_FT_25_0.001_1e-06_AUG_3_HLAB1542_2_per_token_metrics.csv,B1542,16.72044772646866,/global/scratch/users/sergiomar10/models/ESMC_Pretrain/HLAHLAB1542/ESMMASK_epitope_FT_25_0.001_1e-06_AUG_3_HLAB1542_2.pt
1306,ESMMASK_epitope_FT_15_0.001_5e-05_AUG_1_HLAB5301_1_per_token_metrics.csv,B5301,16.767079556094618,/global/scratch/users/sergiomar10/models/ESMC_Pretrain/HLAHLAB5301/ESMMASK_epitope_FT_15_0.001_5e-05_AUG_1_HLAB5301_1.pt
149,ESMMASK_epitope_FT_25_0.001_1e-06_AUG_3_HLAC0702_1_per_token_metrics.csv,C0702,16.8147196126677,/global/scratch/users/sergiomar10/models/ESMC_Pretrain/HLAHLAC0702/ESMMASK_epitope_FT_25_0.001_1e-06_AUG_3_HLAC0702_1.pt
1619,ESMMASK_epitope_FT_20_0.001_5e-05_AUG_6_HLAA2403_2_per_token_metrics.csv,A2403,16.83514187686673,/global/scratch/users/sergiomar10/models/ESMC_Pretrain/HLAHLAA2403/ESMMASK_epitope_FT_20_0.001_5e-05_AUG_6_HLAA2403_2.pt
769,ESMMASK_epitope_FT_20_0.001_5e-05_AUG_1_HLAA2602_1_per_token_metrics.csv,A2602,16.83969070939606,/global/scratch/users/sergiomar10/models/ESMC_Pretrain/HLAHLAA2602/ESMMASK_epitope_FT_20_0.001_5e-05_AUG_1_HLAA2602_1.pt
1638,ESMMASK_epitope_FT_15_0.001_5e-05_AUG_6_HLAA3001_1_per_token_metrics.csv,A3001,16.859122103779253,/global/scratch/users/sergiomar10/models/ESMC_Pretrain/HLAHLAA3001/ESMMASK_epitope_FT_15_0.001_5e-05_AUG_6_HLAA3001_1.pt
108,ESMMASK_epitope_FT_20_0.001_1e-06_AUG_3_HLAB4601_1_per_token_metrics.csv,B4601,16.86220829486847,/global/scratch/users/sergiomar10/models/ESMC_Pretrain/HLAHLAB4601/ESMMASK_epitope_FT_20_0.001_1e-06_AUG_3_HLAB4601_1.pt
1685,ESMMASK_epitope_FT_20_0.001_5e-05_AUG_6_HLAB3508_2_per_token_metrics.csv,B3508,16.867551157465122,/global/scratch/users/sergiomar10/models/ESMC_Pretrain/HLAHLAB3508/ESMMASK_epitope_FT_20_0.001_5e-05_AUG_6_HLAB3508_2.pt
1457,ESMMASK_epitope_FT_15_0.001_1e-06_AUG_3_HLAB3901_2_per_token_metrics.csv,B3901,16.90709875183478,/global/scratch/users/sergiomar10/models/ESMC_Pretrain/HLAHLAB3901/ESMMASK_epitope_FT_15_0.001_1e-06_AUG_3_HLAB3901_2.pt
849,ESMMASK_epitope_FT_15_0.001_5e-05_AUG_6_HLAC1402_2_per_token_metrics.csv,C1402,16.910246354950935,/global/scratch/users/sergiomar10/models/ESMC_Pretrain/HLAHLAC1402/ESMMASK_epitope_FT_15_0.001_5e-05_AUG_6_HLAC1402_2.pt
819,ESMMASK_epitope_FT_15_0.001_5e-05_AUG_3_HLAA0212_2_per_token_metrics.csv,A0212,16.93894366191495,/global/scratch/users/sergiomar10/models/ESMC_Pretrain/HLAHLAA0212/ESMMASK_epitope_FT_15_0.001_5e-05_AUG_3_HLAA0212_2.pt
373,ESMMASK_epitope_FT_15_0.001_1e-06_AUG_3_HLAB1402_2_per_token_metrics.csv,B1402,16.939627072390387,/global/scratch/users/sergiomar10/models/ESMC_Pretrain/HLAHLAB1402/ESMMASK_epitope_FT_15_0.001_1e-06_AUG_3_HLAB1402_2.pt
460,ESMMASK_epitope_FT_15_0.001_1e-06_AUG_6_HLAA2601_2_per_token_metrics.csv,A2601,17.164906327127976,/global/scratch/users/sergiomar10/models/ESMC_Pretrain/HLAHLAA2601/ESMMASK_epitope_FT_15_0.001_1e-06_AUG_6_HLAA2601_2.pt
146,ESMMASK_epitope_FT_15_0.001_5e-05_AUG_1_HLAC0702_1_per_token_metrics.csv,C0702,17.173607627550762,/global/scratch/users/sergiomar10/models/ESMC_Pretrain/HLAHLAC0702/ESMMASK_epitope_FT_15_0.001_5e-05_AUG_1_HLAC0702_1.pt
759,ESMMASK_epitope_FT_25_0.001_1e-06_AUG_1_HLAC0303_2_per_token_metrics.csv,C0303,17.328650122880966,/global/scratch/users/sergiomar10/models/ESMC_Pretrain/HLAHLAC0303/ESMMASK_epitope_FT_25_0.001_1e-06_AUG_1_HLAC0303_2.pt
821,ESMMASK_epitope_FT_20_0.001_5e-05_AUG_3_HLAA0212_2_per_token_metrics.csv,A0212,17.53125940962827,/global/scratch/users/sergiomar10/models/ESMC_Pretrain/HLAHLAA0212/ESMMASK_epitope_FT_20_0.001_5e-05_AUG_3_HLAA0212_2.pt
537,ESMMASK_epitope_FT_20_0.001_1e-06_AUG_6_HLAA3201_1_per_token_metrics.csv,A3201,17.549671200290383,/global/scratch/users/sergiomar10/models/ESMC_Pretrain/HLAHLAA3201/ESMMASK_epitope_FT_20_0.001_1e-06_AUG_6_HLAA3201_1.pt
558,ESMMASK_epitope_FT_25_0.001_5e-05_AUG_1_HLAA0219_2_per_token_metrics.csv,A0219,17.59426538348198,/global/scratch/users/sergiomar10/models/ESMC_Pretrain/HLAHLAA0219/ESMMASK_epitope_FT_25_0.001_5e-05_AUG_1_HLAA0219_2.pt
1270,ESMMASK_epitope_FT_15_0.001_1e-06_AUG_1_HLAA0250_1_per_token_metrics.csv,A0250,17.606431868357202,/global/scratch/users/sergiomar10/models/ESMC_Pretrain/HLAHLAA0250/ESMMASK_epitope_FT_15_0.001_1e-06_AUG_1_HLAA0250_1.pt
602,ESMMASK_epitope_FT_25_0.001_1e-06_AUG_6_HLAA3303_1_per_token_metrics.csv,A3303,17.637080490604422,/global/scratch/users/sergiomar10/models/ESMC_Pretrain/HLAHLAA3303/ESMMASK_epitope_FT_25_0.001_1e-06_AUG_6_HLAA3303_1.pt
102,ESMMASK_epitope_FT_15_0.001_1e-06_AUG_3_HLAB4601_1_per_token_metrics.csv,B4601,17.686455690033714,/global/scratch/users/sergiomar10/models/ESMC_Pretrain/HLAHLAB4601/ESMMASK_epitope_FT_15_0.001_1e-06_AUG_3_HLAB4601_1.pt
152,ESMMASK_epitope_FT_25_0.001_5e-05_AUG_1_HLAC0702_1_per_token_metrics.csv,C0702,17.737016803101245,/global/scratch/users/sergiomar10/models/ESMC_Pretrain/HLAHLAC0702/ESMMASK_epitope_FT_25_0.001_5e-05_AUG_1_HLAC0702_1.pt
818,ESMMASK_epitope_FT_15_0.001_5e-05_AUG_1_HLAA0212_2_per_token_metrics.csv,A0212,17.752909307849045,/global/scratch/users/sergiomar10/models/ESMC_Pretrain/HLAHLAA0212/ESMMASK_epitope_FT_15_0.001_5e-05_AUG_1_HLAA0212_2.pt
458,ESMMASK_epitope_FT_15_0.001_1e-06_AUG_1_HLAA2601_1_per_token_metrics.csv,A2601,17.796841286143753,/global/scratch/users/sergiomar10/models/ESMC_Pretrain/HLAHLAA2601/ESMMASK_epitope_FT_15_0.001_1e-06_AUG_1_HLAA2601_1.pt
755,ESMMASK_epitope_FT_15_0.001_5e-05_AUG_6_HLAC0303_1_per_token_metrics.csv,C0303,17.907242065132284,/global/scratch/users/sergiomar10/models/ESMC_Pretrain/HLAHLAC0303/ESMMASK_epitope_FT_15_0.001_5e-05_AUG_6_HLAC0303_1.pt
1307,ESMMASK_epitope_FT_15_0.001_5e-05_AUG_1_HLAB5301_2_per_token_metrics.csv,B5301,17.926018417246354,/global/scratch/users/sergiomar10/models/ESMC_Pretrain/HLAHLAB5301/ESMMASK_epitope_FT_15_0.001_5e-05_AUG_1_HLAB5301_2.pt
812,ESMMASK_epitope_FT_15_0.001_5e-05_AUG_1_HLAC0602_2_per_token_metrics.csv,C0602,18.00423321960913,/global/scratch/users/sergiomar10/models/ESMC_Pretrain/HLAHLAC0602/ESMMASK_epitope_FT_15_0.001_5e-05_AUG_1_HLAC0602_2.pt
1426,ESMMASK_epitope_FT_20_0.001_5e-05_AUG_1_HLAC1203_1_per_token_metrics.csv,C1203,18.0563665289552,/global/scratch/users/sergiomar10/models/ESMC_Pretrain/HLAHLAC1203/ESMMASK_epitope_FT_20_0.001_5e-05_AUG_1_HLAC1203_1.pt
824,ESMMASK_epitope_FT_25_0.001_5e-05_AUG_6_HLAA0212_2_per_token_metrics.csv,A0212,18.161250191430252,/global/scratch/users/sergiomar10/models/ESMC_Pretrain/HLAHLAA0212/ESMMASK_epitope_FT_25_0.001_5e-05_AUG_6_HLAA0212_2.pt
505,ESMMASK_epitope_FT_15_0.001_5e-05_AUG_6_HLAB4403_1_per_token_metrics.csv,B4403,18.317529129366097,/global/scratch/users/sergiomar10/models/ESMC_Pretrain/HLAHLAB4403/ESMMASK_epitope_FT_15_0.001_5e-05_AUG_6_HLAB4403_1.pt
803,ESMMASK_epitope_FT_15_0.001_1e-06_AUG_1_HLAB1517_2_per_token_metrics.csv,B1517,18.32312710468955,/global/scratch/users/sergiomar10/models/ESMC_Pretrain/HLAHLAB1517/ESMMASK_epitope_FT_15_0.001_1e-06_AUG_1_HLAB1517_2.pt
778,ESMMASK_epitope_FT_20_0.001_1e-06_AUG_1_HLAB5701_1_per_token_metrics.csv,B5701,18.332298258719383,/global/scratch/users/sergiomar10/models/ESMC_Pretrain/HLAHLAB5701/ESMMASK_epitope_FT_20_0.001_1e-06_AUG_1_HLAB5701_1.pt
1527,ESMMASK_epitope_FT_15_0.001_5e-05_AUG_3_HLAC0401_2_per_token_metrics.csv,C0401,18.351381479331494,/global/scratch/users/sergiomar10/models/ESMC_Pretrain/HLAHLAC0401/ESMMASK_epitope_FT_15_0.001_5e-05_AUG_3_HLAC0401_2.pt
1529,ESMMASK_epitope_FT_20_0.001_5e-05_AUG_3_HLAC0401_1_per_token_metrics.csv,C0401,18.352735661626717,/global/scratch/users/sergiomar10/models/ESMC_Pretrain/HLAHLAC0401/ESMMASK_epitope_FT_20_0.001_5e-05_AUG_3_HLAC0401_1.pt
835,ESMMASK_epitope_FT_25_0.001_5e-05_AUG_1_HLAC0304_1_per_token_metrics.csv,C0304,18.431958183646202,/global/scratch/users/sergiomar10/models/ESMC_Pretrain/HLAHLAC0304/ESMMASK_epitope_FT_25_0.001_5e-05_AUG_1_HLAC0304_1.pt
1515,ESMMASK_epitope_FT_25_0.001_1e-06_AUG_3_HLAB1503_2_per_token_metrics.csv,B1503,18.51281764401172,/global/scratch/users/sergiomar10/models/ESMC_Pretrain/HLAHLAB1503/ESMMASK_epitope_FT_25_0.001_1e-06_AUG_3_HLAB1503_2.pt
1448,ESMMASK_epitope_FT_15_0.001_5e-05_AUG_1_HLAB5801_1_per_token_metrics.csv,B5801,18.5414400545511,/global/scratch/users/sergiomar10/models/ESMC_Pretrain/HLAHLAB5801/ESMMASK_epitope_FT_15_0.001_5e-05_AUG_1_HLAB5801_1.pt
668,ESMMASK_epitope_FT_15_0.001_1e-06_AUG_1_HLAA6901_1_per_token_metrics.csv,A6901,18.548358425883805,/global/scratch/users/sergiomar10/models/ESMC_Pretrain/HLAHLAA6901/ESMMASK_epitope_FT_15_0.001_1e-06_AUG_1_HLAA6901_1.pt
1659,ESMMASK_epitope_FT_15_0.001_1e-06_AUG_1_HLAB4501_2_per_token_metrics.csv,B4501,18.600083297610272,/global/scratch/users/sergiomar10/models/ESMC_Pretrain/HLAHLAB4501/ESMMASK_epitope_FT_15_0.001_1e-06_AUG_1_HLAB4501_2.pt
503,ESMMASK_epitope_FT_15_0.001_5e-05_AUG_1_HLAB4403_1_per_token_metrics.csv,B4403,18.662456470405544,/global/scratch/users/sergiomar10/models/ESMC_Pretrain/HLAHLAB4403/ESMMASK_epitope_FT_15_0.001_5e-05_AUG_1_HLAB4403_1.pt
1614,ESMMASK_epitope_FT_20_0.001_1e-06_AUG_1_HLAA2403_1_per_token_metrics.csv,A2403,18.69367106989059,/global/scratch/users/sergiomar10/models/ESMC_Pretrain/HLAHLAA2403/ESMMASK_epitope_FT_20_0.001_1e-06_AUG_1_HLAA2403_1.pt
940,ESMMASK_epitope_FT_15_0.001_5e-05_AUG_6_HLAA2301_2_per_token_metrics.csv,A2301,18.693994229218635,/global/scratch/users/sergiomar10/models/ESMC_Pretrain/HLAHLAA2301/ESMMASK_epitope_FT_15_0.001_5e-05_AUG_6_HLAA2301_2.pt
1313,ESMMASK_epitope_FT_15_0.001_1e-06_AUG_1_HLAA0217_1_per_token_metrics.csv,A0217,18.70172394886621,/global/scratch/users/sergiomar10/models/ESMC_Pretrain/HLAHLAA0217/ESMMASK_epitope_FT_15_0.001_1e-06_AUG_1_HLAA0217_1.pt
1324,ESMMASK_epitope_FT_15_0.001_1e-06_AUG_6_HLAB4506_2_per_token_metrics.csv,B4506,18.707904860739223,/global/scratch/users/sergiomar10/models/ESMC_Pretrain/HLAHLAB4506/ESMMASK_epitope_FT_15_0.001_1e-06_AUG_6_HLAB4506_2.pt
599,ESMMASK_epitope_FT_20_0.001_5e-05_AUG_6_HLAA3303_1_per_token_metrics.csv,A3303,18.813631430269254,/global/scratch/users/sergiomar10/models/ESMC_Pretrain/HLAHLAA3303/ESMMASK_epitope_FT_20_0.001_5e-05_AUG_6_HLAA3303_1.pt
563,ESMMASK_epitope_FT_15_0.001_1e-06_AUG_6_HLAC1502_2_per_token_metrics.csv,C1502,18.823238014030547,/global/scratch/users/sergiomar10/models/ESMC_Pretrain/HLAHLAC1502/ESMMASK_epitope_FT_15_0.001_1e-06_AUG_6_HLAC1502_2.pt
461,ESMMASK_epitope_FT_15_0.001_5e-05_AUG_3_HLAA2601_1_per_token_metrics.csv,A2601,18.951739679988194,/global/scratch/users/sergiomar10/models/ESMC_Pretrain/HLAHLAA2601/ESMMASK_epitope_FT_15_0.001_5e-05_AUG_3_HLAA2601_1.pt
774,ESMMASK_epitope_FT_25_0.001_5e-05_AUG_1_HLAA2602_2_per_token_metrics.csv,A2602,18.952056289822554,/global/scratch/users/sergiomar10/models/ESMC_Pretrain/HLAHLAA2602/ESMMASK_epitope_FT_25_0.001_5e-05_AUG_1_HLAA2602_2.pt
544,ESMMASK_epitope_FT_20_0.001_1e-06_AUG_3_HLAB1542_1_per_token_metrics.csv,B1542,18.955940405756056,/global/scratch/users/sergiomar10/models/ESMC_Pretrain/HLAHLAB1542/ESMMASK_epitope_FT_20_0.001_1e-06_AUG_3_HLAB1542_1.pt
1429,ESMMASK_epitope_FT_25_0.001_1e-06_AUG_6_HLAC1203_2_per_token_metrics.csv,C1203,18.964663811660404,/global/scratch/users/sergiomar10/models/ESMC_Pretrain/HLAHLAC1203/ESMMASK_epitope_FT_25_0.001_1e-06_AUG_6_HLAC1203_2.pt
622,ESMMASK_epitope_FT_15_0.001_1e-06_AUG_1_HLAB5101_1_per_token_metrics.csv,B5101,19.03722496136085,/global/scratch/users/sergiomar10/models/ESMC_Pretrain/HLAHLAB5101/ESMMASK_epitope_FT_15_0.001_1e-06_AUG_1_HLAB5101_1.pt
1751,ESMMASK_epitope_FT_15_0.001_1e-06_AUG_3_HLAB1801_1_per_token_metrics.csv,B1801,19.076408543247716,/global/scratch/users/sergiomar10/models/ESMC_Pretrain/HLAHLAB1801/ESMMASK_epitope_FT_15_0.001_1e-06_AUG_3_HLAB1801_1.pt
1083,ESMMASK_epitope_FT_25_0.001_5e-05_AUG_3_HLAB2720_2_per_token_metrics.csv,B2720,19.22008902549169,/global/scratch/users/sergiomar10/models/ESMC_Pretrain/HLAHLAB2720/ESMMASK_epitope_FT_25_0.001_5e-05_AUG_3_HLAB2720_2.pt
806,ESMMASK_epitope_FT_15_0.001_5e-05_AUG_6_HLAB1517_2_per_token_metrics.csv,B1517,19.267422068688607,/global/scratch/users/sergiomar10/models/ESMC_Pretrain/HLAHLAB1517/ESMMASK_epitope_FT_15_0.001_5e-05_AUG_6_HLAB1517_2.pt
802,ESMMASK_epitope_FT_15_0.001_1e-06_AUG_1_HLAB1517_1_per_token_metrics.csv,B1517,19.277954291252577,/global/scratch/users/sergiomar10/models/ESMC_Pretrain/HLAHLAB1517/ESMMASK_epitope_FT_15_0.001_1e-06_AUG_1_HLAB1517_1.pt
565,ESMMASK_epitope_FT_20_0.001_1e-06_AUG_1_HLAC1502_1_per_token_metrics.csv,C1502,19.31846061791296,/global/scratch/users/sergiomar10/models/ESMC_Pretrain/HLAHLAC1502/ESMMASK_epitope_FT_20_0.001_1e-06_AUG_1_HLAC1502_1.pt
1482,ESMMASK_epitope_FT_15_0.001_1e-06_AUG_3_HLAB4002_2_per_token_metrics.csv,B4002,19.366762491697173,/global/scratch/users/sergiomar10/models/ESMC_Pretrain/HLAHLAB4002/ESMMASK_epitope_FT_15_0.001_1e-06_AUG_3_HLAB4002_2.pt
502,ESMMASK_epitope_FT_15_0.001_1e-06_AUG_6_HLAB4403_2_per_token_metrics.csv,B4403,19.520846756673755,/global/scratch/users/sergiomar10/models/ESMC_Pretrain/HLAHLAB4403/ESMMASK_epitope_FT_15_0.001_1e-06_AUG_6_HLAB4403_2.pt
1291,ESMMASK_epitope_FT_15_0.001_1e-06_AUG_6_HLAA2902_2_per_token_metrics.csv,A2902,19.544442517943203,/global/scratch/users/sergiomar10/models/ESMC_Pretrain/HLAHLAA2902/ESMMASK_epitope_FT_15_0.001_1e-06_AUG_6_HLAA2902_2.pt
151,ESMMASK_epitope_FT_25_0.001_1e-06_AUG_6_HLAC0702_2_per_token_metrics.csv,C0702,19.56746907439083,/global/scratch/users/sergiomar10/models/ESMC_Pretrain/HLAHLAC0702/ESMMASK_epitope_FT_25_0.001_1e-06_AUG_6_HLAC0702_2.pt
583,ESMMASK_epitope_FT_25_0.001_1e-06_AUG_1_HLAA0211_2_per_token_metrics.csv,A0211,19.570544464860617,/global/scratch/users/sergiomar10/models/ESMC_Pretrain/HLAHLAA0211/ESMMASK_epitope_FT_25_0.001_1e-06_AUG_1_HLAA0211_2.pt
101,ESMMASK_epitope_FT_15_0.001_1e-06_AUG_1_HLAB4601_1_per_token_metrics.csv,B4601,19.58193665742889,/global/scratch/users/sergiomar10/models/ESMC_Pretrain/HLAHLAB4601/ESMMASK_epitope_FT_15_0.001_1e-06_AUG_1_HLAB4601_1.pt
496,ESMMASK_epitope_FT_25_0.001_1e-06_AUG_3_HLAB4801_1_per_token_metrics.csv,B4801,19.670595902167925,/global/scratch/users/sergiomar10/models/ESMC_Pretrain/HLAHLAB4801/ESMMASK_epitope_FT_25_0.001_1e-06_AUG_3_HLAB4801_1.pt
160,ESMMASK_epitope_FT_25_0.001_5e-05_AUG_6_HLAA3207_2_per_token_metrics.csv,A3207,19.764574218541384,/global/scratch/users/sergiomar10/models/ESMC_Pretrain/HLAHLAA3207/ESMMASK_epitope_FT_25_0.001_5e-05_AUG_6_HLAA3207_2.pt
823,ESMMASK_epitope_FT_25_0.001_5e-05_AUG_3_HLAA0212_2_per_token_metrics.csv,A0212,19.825846408943107,/global/scratch/users/sergiomar10/models/ESMC_Pretrain/HLAHLAA0212/ESMMASK_epitope_FT_25_0.001_5e-05_AUG_3_HLAA0212_2.pt
1663,ESMMASK_epitope_FT_15_0.001_5e-05_AUG_6_HLAB4501_1_per_token_metrics.csv,B4501,19.966910769852532,/global/scratch/users/sergiomar10/models/ESMC_Pretrain/HLAHLAB4501/ESMMASK_epitope_FT_15_0.001_5e-05_AUG_6_HLAB4501_1.pt
309,ESMMASK_epitope_FT_20_0.001_5e-05_AUG_3_HLAC0501_2_per_token_metrics.csv,C0501,19.975624772001176,/global/scratch/users/sergiomar10/models/ESMC_Pretrain/HLAHLAC0501/ESMMASK_epitope_FT_20_0.001_5e-05_AUG_3_HLAC0501_2.pt
974,ESMMASK_epitope_FT_20_0.001_5e-05_AUG_3_HLAB2702_1_per_token_metrics.csv,B2702,20.024174718046336,/global/scratch/users/sergiomar10/models/ESMC_Pretrain/HLAHLAB2702/ESMMASK_epitope_FT_20_0.001_5e-05_AUG_3_HLAB2702_1.pt
938,ESMMASK_epitope_FT_15_0.001_1e-06_AUG_3_HLAA2301_1_per_token_metrics.csv,A2301,20.142356965619303,/global/scratch/users/sergiomar10/models/ESMC_Pretrain/HLAHLAA2301/ESMMASK_epitope_FT_15_0.001_1e-06_AUG_3_HLAA2301_1.pt
817,ESMMASK_epitope_FT_15_0.001_1e-06_AUG_3_HLAA0212_2_per_token_metrics.csv,A0212,20.18040978320166,/global/scratch/users/sergiomar10/models/ESMC_Pretrain/HLAHLAA0212/ESMMASK_epitope_FT_15_0.001_1e-06_AUG_3_HLAA0212_2.pt
827,ESMMASK_epitope_FT_20_0.001_1e-06_AUG_1_HLAC0304_2_per_token_metrics.csv,C0304,20.20952943105949,/global/scratch/users/sergiomar10/models/ESMC_Pretrain/HLAHLAC0304/ESMMASK_epitope_FT_20_0.001_1e-06_AUG_1_HLAC0304_2.pt
1258,ESMMASK_epitope_FT_15_0.001_1e-06_AUG_3_HLAB4402_1_per_token_metrics.csv,B4402,20.32464608122564,/global/scratch/users/sergiomar10/models/ESMC_Pretrain/HLAHLAB4402/ESMMASK_epitope_FT_15_0.001_1e-06_AUG_3_HLAB4402_1.pt
767,ESMMASK_epitope_FT_20_0.001_1e-06_AUG_3_HLAA2602_2_per_token_metrics.csv,A2602,20.34540714416653,/global/scratch/users/sergiomar10/models/ESMC_Pretrain/HLAHLAA2602/ESMMASK_epitope_FT_20_0.001_1e-06_AUG_3_HLAA2602_2.pt
1425,ESMMASK_epitope_FT_20_0.001_1e-06_AUG_6_HLAC1203_2_per_token_metrics.csv,C1203,20.352657875418664,/global/scratch/users/sergiomar10/models/ESMC_Pretrain/HLAHLAC1203/ESMMASK_epitope_FT_20_0.001_1e-06_AUG_6_HLAC1203_2.pt
308,ESMMASK_epitope_FT_20_0.001_5e-05_AUG_1_HLAC0501_1_per_token_metrics.csv,C0501,20.367084118227165,/global/scratch/users/sergiomar10/models/ESMC_Pretrain/HLAHLAC0501/ESMMASK_epitope_FT_20_0.001_5e-05_AUG_1_HLAC0501_1.pt
768,ESMMASK_epitope_FT_20_0.001_1e-06_AUG_6_HLAA2602_1_per_token_metrics.csv,A2602,20.39390505516536,/global/scratch/users/sergiomar10/models/ESMC_Pretrain/HLAHLAA2602/ESMMASK_epitope_FT_20_0.001_1e-06_AUG_6_HLAA2602_1.pt
623,ESMMASK_epitope_FT_15_0.001_1e-06_AUG_3_HLAB5101_2_per_token_metrics.csv,B5101,20.409114255804113,/global/scratch/users/sergiomar10/models/ESMC_Pretrain/HLAHLAB5101/ESMMASK_epitope_FT_15_0.001_1e-06_AUG_3_HLAB5101_2.pt
587,ESMMASK_epitope_FT_25_0.001_5e-05_AUG_6_HLAA0211_2_per_token_metrics.csv,A0211,20.423792551925334,/global/scratch/users/sergiomar10/models/ESMC_Pretrain/HLAHLAA0211/ESMMASK_epitope_FT_25_0.001_5e-05_AUG_6_HLAA0211_2.pt
504,ESMMASK_epitope_FT_15_0.001_5e-05_AUG_3_HLAB4403_1_per_token_metrics.csv,B4403,20.508587486681012,/global/scratch/users/sergiomar10/models/ESMC_Pretrain/HLAHLAB4403/ESMMASK_epitope_FT_15_0.001_5e-05_AUG_3_HLAB4403_1.pt
562,ESMMASK_epitope_FT_15_0.001_1e-06_AUG_3_HLAC1502_2_per_token_metrics.csv,C1502,20.56005620956421,/global/scratch/users/sergiomar10/models/ESMC_Pretrain/HLAHLAC1502/ESMMASK_epitope_FT_15_0.001_1e-06_AUG_3_HLAC1502_2.pt
1512,ESMMASK_epitope_FT_20_0.001_5e-05_AUG_1_HLAB1503_2_per_token_metrics.csv,B1503,20.718168533390358,/global/scratch/users/sergiomar10/models/ESMC_Pretrain/HLAHLAB1503/ESMMASK_epitope_FT_20_0.001_5e-05_AUG_1_HLAB1503_2.pt
567,ESMMASK_epitope_FT_20_0.001_1e-06_AUG_3_HLAC1502_1_per_token_metrics.csv,C1502,20.739382189053757,/global/scratch/users/sergiomar10/models/ESMC_Pretrain/HLAHLAC1502/ESMMASK_epitope_FT_20_0.001_1e-06_AUG_3_HLAC1502_1.pt
1617,ESMMASK_epitope_FT_20_0.001_1e-06_AUG_6_HLAA2403_2_per_token_metrics.csv,A2403,20.884227151714093,/global/scratch/users/sergiomar10/models/ESMC_Pretrain/HLAHLAA2403/ESMMASK_epitope_FT_20_0.001_1e-06_AUG_6_HLAA2403_2.pt
1724,ESMMASK_epitope_FT_20_0.001_1e-06_AUG_6_HLAA2501_2_per_token_metrics.csv,A2501,21.039951778016988,/global/scratch/users/sergiomar10/models/ESMC_Pretrain/HLAHLAA2501/ESMMASK_epitope_FT_20_0.001_1e-06_AUG_6_HLAA2501_2.pt
966,ESMMASK_epitope_FT_25_0.001_5e-05_AUG_1_HLAA0207_1_per_token_metrics.csv,A0207,21.140966434196162,/global/scratch/users/sergiomar10/models/ESMC_Pretrain/HLAHLAA0207/ESMMASK_epitope_FT_25_0.001_5e-05_AUG_1_HLAA0207_1.pt
930,ESMMASK_epitope_FT_20_0.001_5e-05_AUG_1_HLAB7301_2_per_token_metrics.csv,B7301,21.154238128662108,/global/scratch/users/sergiomar10/models/ESMC_Pretrain/HLAHLAB7301/ESMMASK_epitope_FT_20_0.001_5e-05_AUG_1_HLAB7301_2.pt
111,ESMMASK_epitope_FT_20_0.001_5e-05_AUG_1_HLAB4601_1_per_token_metrics.csv,B4601,21.21246363134945,/global/scratch/users/sergiomar10/models/ESMC_Pretrain/HLAHLAB4601/ESMMASK_epitope_FT_20_0.001_5e-05_AUG_1_HLAB4601_1.pt
1662,ESMMASK_epitope_FT_15_0.001_5e-05_AUG_3_HLAB4501_2_per_token_metrics.csv,B4501,21.244900560911358,/global/scratch/users/sergiomar10/models/ESMC_Pretrain/HLAHLAB4501/ESMMASK_epitope_FT_15_0.001_5e-05_AUG_3_HLAB4501_2.pt
569,ESMMASK_epitope_FT_20_0.001_5e-05_AUG_6_HLAC1502_1_per_token_metrics.csv,C1502,21.302220074335732,/global/scratch/users/sergiomar10/models/ESMC_Pretrain/HLAHLAC1502/ESMMASK_epitope_FT_20_0.001_5e-05_AUG_6_HLAC1502_1.pt
575,ESMMASK_epitope_FT_20_0.001_1e-06_AUG_3_HLAB2705_2_per_token_metrics.csv,B2705,21.314315966893567,/global/scratch/users/sergiomar10/models/ESMC_Pretrain/HLAHLAB2705/ESMMASK_epitope_FT_20_0.001_1e-06_AUG_3_HLAB2705_2.pt
1621,ESMMASK_epitope_FT_25_0.001_1e-06_AUG_6_HLAA2403_2_per_token_metrics.csv,A2403,21.52631072468228,/global/scratch/users/sergiomar10/models/ESMC_Pretrain/HLAHLAA2403/ESMMASK_epitope_FT_25_0.001_1e-06_AUG_6_HLAA2403_2.pt
498,ESMMASK_epitope_FT_25_0.001_5e-05_AUG_1_HLAB4801_2_per_token_metrics.csv,B4801,21.552600724356516,/global/scratch/users/sergiomar10/models/ESMC_Pretrain/HLAHLAB4801/ESMMASK_epitope_FT_25_0.001_5e-05_AUG_1_HLAB4801_2.pt
1525,ESMMASK_epitope_FT_15_0.001_1e-06_AUG_3_HLAC0401_2_per_token_metrics.csv,C0401,21.58254893941264,/global/scratch/users/sergiomar10/models/ESMC_Pretrain/HLAHLAC0401/ESMMASK_epitope_FT_15_0.001_1e-06_AUG_3_HLAC0401_2.pt
753,ESMMASK_epitope_FT_15_0.001_1e-06_AUG_1_HLAC0303_2_per_token_metrics.csv,C0303,21.66747399622744,/global/scratch/users/sergiomar10/models/ESMC_Pretrain/HLAHLAC0303/ESMMASK_epitope_FT_15_0.001_1e-06_AUG_1_HLAC0303_2.pt
491,ESMMASK_epitope_FT_20_0.001_1e-06_AUG_1_HLAB4801_1_per_token_metrics.csv,B4801,21.67542556031713,/global/scratch/users/sergiomar10/models/ESMC_Pretrain/HLAHLAB4801/ESMMASK_epitope_FT_20_0.001_1e-06_AUG_1_HLAB4801_1.pt
559,ESMMASK_epitope_FT_25_0.001_5e-05_AUG_3_HLAA0219_1_per_token_metrics.csv,A0219,21.72635244642599,/global/scratch/users/sergiomar10/models/ESMC_Pretrain/HLAHLAA0219/ESMMASK_epitope_FT_25_0.001_5e-05_AUG_3_HLAA0219_1.pt
1469,ESMMASK_epitope_FT_15_0.001_5e-05_AUG_1_HLAB2706_2_per_token_metrics.csv,B2706,21.731166986821126,/global/scratch/users/sergiomar10/models/ESMC_Pretrain/HLAHLAB2706/ESMMASK_epitope_FT_15_0.001_5e-05_AUG_1_HLAB2706_2.pt
153,ESMMASK_epitope_FT_25_0.001_5e-05_AUG_3_HLAC0702_1_per_token_metrics.csv,C0702,21.931544673849892,/global/scratch/users/sergiomar10/models/ESMC_Pretrain/HLAHLAC0702/ESMMASK_epitope_FT_25_0.001_5e-05_AUG_3_HLAC0702_1.pt
1647,ESMMASK_epitope_FT_15_0.001_5e-05_AUG_3_HLAA0216_2_per_token_metrics.csv,A0216,21.95866936775884,/global/scratch/users/sergiomar10/models/ESMC_Pretrain/HLAHLAA0216/ESMMASK_epitope_FT_15_0.001_5e-05_AUG_3_HLAA0216_2.pt
581,ESMMASK_epitope_FT_15_0.001_5e-05_AUG_6_HLAA0211_1_per_token_metrics.csv,A0211,22.022121920487127,/global/scratch/users/sergiomar10/models/ESMC_Pretrain/HLAHLAA0211/ESMMASK_epitope_FT_15_0.001_5e-05_AUG_6_HLAA0211_1.pt
900,ESMMASK_epitope_FT_15_0.001_5e-05_AUG_1_HLAA3215_2_per_token_metrics.csv,A3215,22.115029244550637,/global/scratch/users/sergiomar10/models/ESMC_Pretrain/HLAHLAA3215/ESMMASK_epitope_FT_15_0.001_5e-05_AUG_1_HLAA3215_2.pt
568,ESMMASK_epitope_FT_20_0.001_1e-06_AUG_6_HLAC1502_1_per_token_metrics.csv,C1502,22.14035608340056,/global/scratch/users/sergiomar10/models/ESMC_Pretrain/HLAHLAC1502/ESMMASK_epitope_FT_20_0.001_1e-06_AUG_6_HLAC1502_1.pt
1484,ESMMASK_epitope_FT_15_0.001_1e-06_AUG_6_HLAB4002_2_per_token_metrics.csv,B4002,22.192006890749564,/global/scratch/users/sergiomar10/models/ESMC_Pretrain/HLAHLAB4002/ESMMASK_epitope_FT_15_0.001_1e-06_AUG_6_HLAB4002_2.pt
911,ESMMASK_epitope_FT_25_0.001_5e-05_AUG_1_HLAA3215_1_per_token_metrics.csv,A3215,22.23775005340576,/global/scratch/users/sergiomar10/models/ESMC_Pretrain/HLAHLAA3215/ESMMASK_epitope_FT_25_0.001_5e-05_AUG_1_HLAA3215_1.pt
796,ESMMASK_epitope_FT_20_0.001_1e-06_AUG_6_HLAB8301_1_per_token_metrics.csv,B8301,22.312934703879435,/global/scratch/users/sergiomar10/models/ESMC_Pretrain/HLAHLAB8301/ESMMASK_epitope_FT_20_0.001_1e-06_AUG_6_HLAB8301_1.pt
494,ESMMASK_epitope_FT_20_0.001_1e-06_AUG_6_HLAB4801_2_per_token_metrics.csv,B4801,22.365330521876995,/global/scratch/users/sergiomar10/models/ESMC_Pretrain/HLAHLAB4801/ESMMASK_epitope_FT_20_0.001_1e-06_AUG_6_HLAB4801_2.pt
306,ESMMASK_epitope_FT_20_0.001_1e-06_AUG_1_HLAC0501_2_per_token_metrics.csv,C0501,22.52915096578493,/global/scratch/users/sergiomar10/models/ESMC_Pretrain/HLAHLAC0501/ESMMASK_epitope_FT_20_0.001_1e-06_AUG_1_HLAC0501_2.pt
1626,ESMMASK_epitope_FT_20_0.001_5e-05_AUG_1_HLAB1502_2_per_token_metrics.csv,B1502,22.537226253151893,/global/scratch/users/sergiomar10/models/ESMC_Pretrain/HLAHLAB1502/ESMMASK_epitope_FT_20_0.001_5e-05_AUG_1_HLAB1502_2.pt
626,ESMMASK_epitope_FT_15_0.001_5e-05_AUG_6_HLAB5101_2_per_token_metrics.csv,B5101,22.668736927151794,/global/scratch/users/sergiomar10/models/ESMC_Pretrain/HLAHLAB5101/ESMMASK_epitope_FT_15_0.001_5e-05_AUG_6_HLAB5101_2.pt
965,ESMMASK_epitope_FT_25_0.001_1e-06_AUG_6_HLAA0207_1_per_token_metrics.csv,A0207,22.68789924845785,/global/scratch/users/sergiomar10/models/ESMC_Pretrain/HLAHLAA0207/ESMMASK_epitope_FT_25_0.001_1e-06_AUG_6_HLAA0207_1.pt
977,ESMMASK_epitope_FT_25_0.001_1e-06_AUG_3_HLAB2702_1_per_token_metrics.csv,B2702,22.7350181066073,/global/scratch/users/sergiomar10/models/ESMC_Pretrain/HLAHLAB2702/ESMMASK_epitope_FT_25_0.001_1e-06_AUG_3_HLAB2702_1.pt
533,ESMMASK_epitope_FT_15_0.001_1e-06_AUG_6_HLAA3201_1_per_token_metrics.csv,A3201,22.933867442553638,/global/scratch/users/sergiomar10/models/ESMC_Pretrain/HLAHLAA3201/ESMMASK_epitope_FT_15_0.001_1e-06_AUG_6_HLAA3201_1.pt
1651,ESMMASK_epitope_FT_20_0.001_5e-05_AUG_3_HLAA0216_1_per_token_metrics.csv,A0216,22.935353678255343,/global/scratch/users/sergiomar10/models/ESMC_Pretrain/HLAHLAA0216/ESMMASK_epitope_FT_20_0.001_5e-05_AUG_3_HLAA0216_1.pt
157,ESMMASK_epitope_FT_25_0.001_1e-06_AUG_1_HLAA3207_1_per_token_metrics.csv,A3207,22.940497851405826,/global/scratch/users/sergiomar10/models/ESMC_Pretrain/HLAHLAA3207/ESMMASK_epitope_FT_25_0.001_1e-06_AUG_1_HLAA3207_1.pt
1080,ESMMASK_epitope_FT_20_0.001_5e-05_AUG_6_HLAB2720_1_per_token_metrics.csv,B2720,23.026812566797062,/global/scratch/users/sergiomar10/models/ESMC_Pretrain/HLAHLAB2720/ESMMASK_epitope_FT_20_0.001_5e-05_AUG_6_HLAB2720_1.pt
1753,ESMMASK_epitope_FT_15_0.001_5e-05_AUG_3_HLAB1801_1_per_token_metrics.csv,B1801,23.174211368555355,/global/scratch/users/sergiomar10/models/ESMC_Pretrain/HLAHLAB1801/ESMMASK_epitope_FT_15_0.001_5e-05_AUG_3_HLAB1801_1.pt
374,ESMMASK_epitope_FT_15_0.001_5e-05_AUG_1_HLAB1402_2_per_token_metrics.csv,B1402,23.19226187467575,/global/scratch/users/sergiomar10/models/ESMC_Pretrain/HLAHLAB1402/ESMMASK_epitope_FT_15_0.001_5e-05_AUG_1_HLAB1402_2.pt
150,ESMMASK_epitope_FT_25_0.001_1e-06_AUG_6_HLAC0702_1_per_token_metrics.csv,C0702,23.240262167020276,/global/scratch/users/sergiomar10/models/ESMC_Pretrain/HLAHLAC0702/ESMMASK_epitope_FT_25_0.001_1e-06_AUG_6_HLAC0702_1.pt
624,ESMMASK_epitope_FT_15_0.001_1e-06_AUG_6_HLAB5101_2_per_token_metrics.csv,B5101,23.2855551974851,/global/scratch/users/sergiomar10/models/ESMC_Pretrain/HLAHLAB5101/ESMMASK_epitope_FT_15_0.001_1e-06_AUG_6_HLAB5101_2.pt
315,ESMMASK_epitope_FT_20_0.001_1e-06_AUG_1_HLAA2603_2_per_token_metrics.csv,A2603,23.322070879489182,/global/scratch/users/sergiomar10/models/ESMC_Pretrain/HLAHLAA2603/ESMMASK_epitope_FT_20_0.001_1e-06_AUG_1_HLAA2603_2.pt
556,ESMMASK_epitope_FT_20_0.001_5e-05_AUG_3_HLAA0219_2_per_token_metrics.csv,A0219,23.49270344350487,/global/scratch/users/sergiomar10/models/ESMC_Pretrain/HLAHLAA0219/ESMMASK_epitope_FT_20_0.001_5e-05_AUG_3_HLAA0219_2.pt
766,ESMMASK_epitope_FT_15_0.001_1e-06_AUG_6_HLAA2602_1_per_token_metrics.csv,A2602,23.663653495044244,/global/scratch/users/sergiomar10/models/ESMC_Pretrain/HLAHLAA2602/ESMMASK_epitope_FT_15_0.001_1e-06_AUG_6_HLAA2602_1.pt
1456,ESMMASK_epitope_FT_15_0.001_1e-06_AUG_1_HLAB3901_1_per_token_metrics.csv,B3901,23.67927641645392,/global/scratch/users/sergiomar10/models/ESMC_Pretrain/HLAHLAB3901/ESMMASK_epitope_FT_15_0.001_1e-06_AUG_1_HLAB3901_1.pt
884,ESMMASK_epitope_FT_20_0.001_5e-05_AUG_1_HLAB1509_1_per_token_metrics.csv,B1509,23.69988302014317,/global/scratch/users/sergiomar10/models/ESMC_Pretrain/HLAHLAB1509/ESMMASK_epitope_FT_20_0.001_5e-05_AUG_1_HLAB1509_1.pt
321,ESMMASK_epitope_FT_25_0.001_5e-05_AUG_3_HLAA2603_1_per_token_metrics.csv,A2603,23.828953243792057,/global/scratch/users/sergiomar10/models/ESMC_Pretrain/HLAHLAA2603/ESMMASK_epitope_FT_25_0.001_5e-05_AUG_3_HLAA2603_1.pt
311,ESMMASK_epitope_FT_25_0.001_5e-05_AUG_6_HLAC0501_2_per_token_metrics.csv,C0501,23.890637974990042,/global/scratch/users/sergiomar10/models/ESMC_Pretrain/HLAHLAC0501/ESMMASK_epitope_FT_25_0.001_5e-05_AUG_6_HLAC0501_2.pt
1458,ESMMASK_epitope_FT_15_0.001_5e-05_AUG_6_HLAB3901_1_per_token_metrics.csv,B3901,24.058612501434094,/global/scratch/users/sergiomar10/models/ESMC_Pretrain/HLAHLAB3901/ESMMASK_epitope_FT_15_0.001_5e-05_AUG_6_HLAB3901_1.pt
561,ESMMASK_epitope_FT_15_0.001_1e-06_AUG_3_HLAC1502_1_per_token_metrics.csv,C1502,24.067689418792725,/global/scratch/users/sergiomar10/models/ESMC_Pretrain/HLAHLAC1502/ESMMASK_epitope_FT_15_0.001_1e-06_AUG_3_HLAC1502_1.pt
805,ESMMASK_epitope_FT_15_0.001_5e-05_AUG_3_HLAB1517_1_per_token_metrics.csv,B1517,24.162453905905018,/global/scratch/users/sergiomar10/models/ESMC_Pretrain/HLAHLAB1517/ESMMASK_epitope_FT_15_0.001_5e-05_AUG_3_HLAB1517_1.pt
159,ESMMASK_epitope_FT_25_0.001_5e-05_AUG_6_HLAA3207_1_per_token_metrics.csv,A3207,24.170649751985266,/global/scratch/users/sergiomar10/models/ESMC_Pretrain/HLAHLAA3207/ESMMASK_epitope_FT_25_0.001_5e-05_AUG_6_HLAA3207_1.pt
499,ESMMASK_epitope_FT_25_0.001_5e-05_AUG_3_HLAB4801_2_per_token_metrics.csv,B4801,24.29915568419965,/global/scratch/users/sergiomar10/models/ESMC_Pretrain/HLAHLAB4801/ESMMASK_epitope_FT_25_0.001_5e-05_AUG_3_HLAB4801_2.pt
566,ESMMASK_epitope_FT_20_0.001_1e-06_AUG_1_HLAC1502_2_per_token_metrics.csv,C1502,24.364994030249747,/global/scratch/users/sergiomar10/models/ESMC_Pretrain/HLAHLAC1502/ESMMASK_epitope_FT_20_0.001_1e-06_AUG_1_HLAC1502_2.pt
156,ESMMASK_epitope_FT_20_0.001_5e-05_AUG_3_HLAA3207_2_per_token_metrics.csv,A3207,24.45970266064008,/global/scratch/users/sergiomar10/models/ESMC_Pretrain/HLAHLAA3207/ESMMASK_epitope_FT_20_0.001_5e-05_AUG_3_HLAA3207_2.pt
816,ESMMASK_epitope_FT_25_0.001_5e-05_AUG_6_HLAC0602_2_per_token_metrics.csv,C0602,24.659699384868144,/global/scratch/users/sergiomar10/models/ESMC_Pretrain/HLAHLAC0602/ESMMASK_epitope_FT_25_0.001_5e-05_AUG_6_HLAC0602_2.pt
1728,ESMMASK_epitope_FT_25_0.001_5e-05_AUG_3_HLAA2501_1_per_token_metrics.csv,A2501,24.687196797794766,/global/scratch/users/sergiomar10/models/ESMC_Pretrain/HLAHLAA2501/ESMMASK_epitope_FT_25_0.001_5e-05_AUG_3_HLAA2501_1.pt
621,ESMMASK_epitope_FT_25_0.001_5e-05_AUG_3_HLAC0802_2_per_token_metrics.csv,C0802,24.770605401559422,/global/scratch/users/sergiomar10/models/ESMC_Pretrain/HLAHLAC0802/ESMMASK_epitope_FT_25_0.001_5e-05_AUG_3_HLAC0802_2.pt
1648,ESMMASK_epitope_FT_20_0.001_1e-06_AUG_1_HLAA0216_1_per_token_metrics.csv,A0216,24.84750117244072,/global/scratch/users/sergiomar10/models/ESMC_Pretrain/HLAHLAA0216/ESMMASK_epitope_FT_20_0.001_1e-06_AUG_1_HLAA0216_1.pt
490,ESMMASK_epitope_FT_15_0.001_1e-06_AUG_6_HLAB4801_1_per_token_metrics.csv,B4801,24.877257637990017,/global/scratch/users/sergiomar10/models/ESMC_Pretrain/HLAHLAB4801/ESMMASK_epitope_FT_15_0.001_1e-06_AUG_6_HLAB4801_1.pt
1629,ESMMASK_epitope_FT_15_0.001_5e-05_AUG_1_HLAB5401_1_per_token_metrics.csv,B5401,24.992512397773382,/global/scratch/users/sergiomar10/models/ESMC_Pretrain/HLAHLAB5401/ESMMASK_epitope_FT_15_0.001_5e-05_AUG_1_HLAB5401_1.pt
757,ESMMASK_epitope_FT_20_0.001_5e-05_AUG_6_HLAC0303_2_per_token_metrics.csv,C0303,25.491025481621424,/global/scratch/users/sergiomar10/models/ESMC_Pretrain/HLAHLAC0303/ESMMASK_epitope_FT_20_0.001_5e-05_AUG_6_HLAC0303_2.pt
813,ESMMASK_epitope_FT_20_0.001_1e-06_AUG_3_HLAC0602_1_per_token_metrics.csv,C0602,25.65573183009218,/global/scratch/users/sergiomar10/models/ESMC_Pretrain/HLAHLAC0602/ESMMASK_epitope_FT_20_0.001_1e-06_AUG_3_HLAC0602_1.pt
619,ESMMASK_epitope_FT_25_0.001_1e-06_AUG_1_HLAC0802_1_per_token_metrics.csv,C0802,25.659883712780356,/global/scratch/users/sergiomar10/models/ESMC_Pretrain/HLAHLAC0802/ESMMASK_epitope_FT_25_0.001_1e-06_AUG_1_HLAC0802_1.pt
376,ESMMASK_epitope_FT_20_0.001_1e-06_AUG_6_HLAB1402_2_per_token_metrics.csv,B1402,25.732640743264408,/global/scratch/users/sergiomar10/models/ESMC_Pretrain/HLAHLAB1402/ESMMASK_epitope_FT_20_0.001_1e-06_AUG_6_HLAB1402_2.pt
1658,ESMMASK_epitope_FT_25_0.001_5e-05_AUG_3_HLAA0216_2_per_token_metrics.csv,A0216,26.07753743065728,/global/scratch/users/sergiomar10/models/ESMC_Pretrain/HLAHLAA0216/ESMMASK_epitope_FT_25_0.001_5e-05_AUG_3_HLAA0216_2.pt
1417,ESMMASK_epitope_FT_15_0.001_5e-05_AUG_3_HLAA6823_1_per_token_metrics.csv,A6823,26.36773109290031,/global/scratch/users/sergiomar10/models/ESMC_Pretrain/HLAHLAA6823/ESMMASK_epitope_FT_15_0.001_5e-05_AUG_3_HLAA6823_1.pt
1478,ESMMASK_epitope_FT_25_0.001_5e-05_AUG_3_HLAA3301_1_per_token_metrics.csv,A3301,26.41532428869825,/global/scratch/users/sergiomar10/models/ESMC_Pretrain/HLAHLAA3301/ESMMASK_epitope_FT_25_0.001_5e-05_AUG_3_HLAA3301_1.pt
1424,ESMMASK_epitope_FT_25_0.001_5e-05_AUG_6_HLAA6823_2_per_token_metrics.csv,A6823,26.4245597805207,/global/scratch/users/sergiomar10/models/ESMC_Pretrain/HLAHLAA6823/ESMMASK_epitope_FT_25_0.001_5e-05_AUG_6_HLAA6823_2.pt
158,ESMMASK_epitope_FT_25_0.001_5e-05_AUG_1_HLAA3207_2_per_token_metrics.csv,A3207,26.42665944796864,/global/scratch/users/sergiomar10/models/ESMC_Pretrain/HLAHLAA3207/ESMMASK_epitope_FT_25_0.001_5e-05_AUG_1_HLAA3207_2.pt
811,ESMMASK_epitope_FT_15_0.001_1e-06_AUG_3_HLAC0602_1_per_token_metrics.csv,C0602,26.64832785548168,/global/scratch/users/sergiomar10/models/ESMC_Pretrain/HLAHLAC0602/ESMMASK_epitope_FT_15_0.001_1e-06_AUG_3_HLAC0602_1.pt
828,ESMMASK_epitope_FT_20_0.001_1e-06_AUG_3_HLAC0304_2_per_token_metrics.csv,C0304,26.70170994510271,/global/scratch/users/sergiomar10/models/ESMC_Pretrain/HLAHLAC0304/ESMMASK_epitope_FT_20_0.001_1e-06_AUG_3_HLAC0304_2.pt
825,ESMMASK_epitope_FT_15_0.001_1e-06_AUG_1_HLAC0304_1_per_token_metrics.csv,C0304,26.711416625068523,/global/scratch/users/sergiomar10/models/ESMC_Pretrain/HLAHLAC0304/ESMMASK_epitope_FT_15_0.001_1e-06_AUG_1_HLAC0304_1.pt
497,ESMMASK_epitope_FT_25_0.001_1e-06_AUG_3_HLAB4801_2_per_token_metrics.csv,B4801,26.723587367879716,/global/scratch/users/sergiomar10/models/ESMC_Pretrain/HLAHLAB4801/ESMMASK_epitope_FT_25_0.001_1e-06_AUG_3_HLAB4801_2.pt
1302,ESMMASK_epitope_FT_25_0.001_1e-06_AUG_6_HLAA8001_2_per_token_metrics.csv,A8001,26.78258227726275,/global/scratch/users/sergiomar10/models/ESMC_Pretrain/HLAHLAA8001/ESMMASK_epitope_FT_25_0.001_1e-06_AUG_6_HLAA8001_2.pt
1421,ESMMASK_epitope_FT_25_0.001_1e-06_AUG_1_HLAA6823_1_per_token_metrics.csv,A6823,26.952380658577358,/global/scratch/users/sergiomar10/models/ESMC_Pretrain/HLAHLAA6823/ESMMASK_epitope_FT_25_0.001_1e-06_AUG_1_HLAA6823_1.pt
975,ESMMASK_epitope_FT_20_0.001_5e-05_AUG_6_HLAB2702_1_per_token_metrics.csv,B2702,27.00912739170922,/global/scratch/users/sergiomar10/models/ESMC_Pretrain/HLAHLAB2702/ESMMASK_epitope_FT_20_0.001_5e-05_AUG_6_HLAB2702_1.pt
1414,ESMMASK_epitope_FT_15_0.001_1e-06_AUG_3_HLAA6823_1_per_token_metrics.csv,A6823,27.339518864949543,/global/scratch/users/sergiomar10/models/ESMC_Pretrain/HLAHLAA6823/ESMMASK_epitope_FT_15_0.001_1e-06_AUG_3_HLAA6823_1.pt
962,ESMMASK_epitope_FT_20_0.001_5e-05_AUG_6_HLAA0207_1_per_token_metrics.csv,A0207,27.412778854370117,/global/scratch/users/sergiomar10/models/ESMC_Pretrain/HLAHLAA0207/ESMMASK_epitope_FT_20_0.001_5e-05_AUG_6_HLAA0207_1.pt
320,ESMMASK_epitope_FT_25_0.001_5e-05_AUG_1_HLAA2603_2_per_token_metrics.csv,A2603,27.771948284573025,/global/scratch/users/sergiomar10/models/ESMC_Pretrain/HLAHLAA2603/ESMMASK_epitope_FT_25_0.001_5e-05_AUG_1_HLAA2603_2.pt
107,ESMMASK_epitope_FT_15_0.001_5e-05_AUG_6_HLAB4601_2_per_token_metrics.csv,B4601,27.77462860944434,/global/scratch/users/sergiomar10/models/ESMC_Pretrain/HLAHLAB4601/ESMMASK_epitope_FT_15_0.001_5e-05_AUG_6_HLAB4601_2.pt
1589,ESMMASK_epitope_FT_20_0.001_1e-06_AUG_3_HLAB3801_2_per_token_metrics.csv,B3801,27.836707592010498,/global/scratch/users/sergiomar10/models/ESMC_Pretrain/HLAHLAB3801/ESMMASK_epitope_FT_20_0.001_1e-06_AUG_3_HLAB3801_2.pt
1586,ESMMASK_epitope_FT_15_0.001_1e-06_AUG_3_HLAB3801_2_per_token_metrics.csv,B3801,28.15879774093628,/global/scratch/users/sergiomar10/models/ESMC_Pretrain/HLAHLAB3801/ESMMASK_epitope_FT_15_0.001_1e-06_AUG_3_HLAB3801_2.pt
1538,ESMMASK_epitope_FT_15_0.001_1e-06_AUG_1_HLAA6601_2_per_token_metrics.csv,A6601,28.23619590202969,/global/scratch/users/sergiomar10/models/ESMC_Pretrain/HLAHLAA6601/ESMMASK_epitope_FT_15_0.001_1e-06_AUG_1_HLAA6601_2.pt
1587,ESMMASK_epitope_FT_15_0.001_1e-06_AUG_6_HLAB3801_1_per_token_metrics.csv,B3801,28.26610056559245,/global/scratch/users/sergiomar10/models/ESMC_Pretrain/HLAHLAB3801/ESMMASK_epitope_FT_15_0.001_1e-06_AUG_6_HLAB3801_1.pt
1721,ESMMASK_epitope_FT_20_0.001_1e-06_AUG_1_HLAA2501_1_per_token_metrics.csv,A2501,28.36989016369618,/global/scratch/users/sergiomar10/models/ESMC_Pretrain/HLAHLAA2501/ESMMASK_epitope_FT_20_0.001_1e-06_AUG_1_HLAA2501_1.pt
899,ESMMASK_epitope_FT_15_0.001_1e-06_AUG_1_HLAA3215_1_per_token_metrics.csv,A3215,28.431656965842613,/global/scratch/users/sergiomar10/models/ESMC_Pretrain/HLAHLAA3215/ESMMASK_epitope_FT_15_0.001_1e-06_AUG_1_HLAA3215_1.pt
145,ESMMASK_epitope_FT_15_0.001_1e-06_AUG_6_HLAC0702_2_per_token_metrics.csv,C0702,28.45380591815775,/global/scratch/users/sergiomar10/models/ESMC_Pretrain/HLAHLAC0702/ESMMASK_epitope_FT_15_0.001_1e-06_AUG_6_HLAC0702_2.pt
43,ESMMASK_epitope_FT_15_0.001_5e-05_AUG_6_HLAB2704_1_per_token_metrics.csv,B2704,28.58575669782558,/global/scratch/users/sergiomar10/models/ESMC_Pretrain/HLAHLAB2704/ESMMASK_epitope_FT_15_0.001_5e-05_AUG_6_HLAB2704_1.pt
772,ESMMASK_epitope_FT_25_0.001_1e-06_AUG_3_HLAA2602_1_per_token_metrics.csv,A2602,28.607286950662733,/global/scratch/users/sergiomar10/models/ESMC_Pretrain/HLAHLAA2602/ESMMASK_epitope_FT_25_0.001_1e-06_AUG_3_HLAA2602_1.pt
901,ESMMASK_epitope_FT_15_0.001_5e-05_AUG_3_HLAA3215_1_per_token_metrics.csv,A3215,28.68184541257307,/global/scratch/users/sergiomar10/models/ESMC_Pretrain/HLAHLAA3215/ESMMASK_epitope_FT_15_0.001_5e-05_AUG_3_HLAA3215_1.pt
324,ESMMASK_epitope_FT_15_0.001_1e-06_AUG_1_HLAB4013_1_per_token_metrics.csv,B4013,28.758994161267765,/global/scratch/users/sergiomar10/models/ESMC_Pretrain/HLAHLAB4013/ESMMASK_epitope_FT_15_0.001_1e-06_AUG_1_HLAB4013_1.pt
758,ESMMASK_epitope_FT_25_0.001_1e-06_AUG_1_HLAC0303_1_per_token_metrics.csv,C0303,28.80329399012165,/global/scratch/users/sergiomar10/models/ESMC_Pretrain/HLAHLAC0303/ESMMASK_epitope_FT_25_0.001_1e-06_AUG_1_HLAC0303_1.pt
380,ESMMASK_epitope_FT_25_0.001_5e-05_AUG_6_HLAB1402_2_per_token_metrics.csv,B1402,28.97562969593842,/global/scratch/users/sergiomar10/models/ESMC_Pretrain/HLAHLAB1402/ESMMASK_epitope_FT_25_0.001_5e-05_AUG_6_HLAB1402_2.pt
885,ESMMASK_epitope_FT_20_0.001_5e-05_AUG_6_HLAB1509_2_per_token_metrics.csv,B1509,29.072679888972196,/global/scratch/users/sergiomar10/models/ESMC_Pretrain/HLAHLAB1509/ESMMASK_epitope_FT_20_0.001_5e-05_AUG_6_HLAB1509_2.pt
1625,ESMMASK_epitope_FT_15_0.001_1e-06_AUG_3_HLAB1502_1_per_token_metrics.csv,B1502,29.168848831463947,/global/scratch/users/sergiomar10/models/ESMC_Pretrain/HLAHLAB1502/ESMMASK_epitope_FT_15_0.001_1e-06_AUG_3_HLAB1502_1.pt
792,ESMMASK_epitope_FT_20_0.001_5e-05_AUG_1_HLAB2703_1_per_token_metrics.csv,B2703,29.269763848511506,/global/scratch/users/sergiomar10/models/ESMC_Pretrain/HLAHLAB2703/ESMMASK_epitope_FT_20_0.001_5e-05_AUG_1_HLAB2703_1.pt
906,ESMMASK_epitope_FT_20_0.001_5e-05_AUG_1_HLAA3215_1_per_token_metrics.csv,A3215,29.37976566228535,/global/scratch/users/sergiomar10/models/ESMC_Pretrain/HLAHLAA3215/ESMMASK_epitope_FT_20_0.001_5e-05_AUG_1_HLAA3215_1.pt
46,ESMMASK_epitope_FT_20_0.001_5e-05_AUG_1_HLAB2704_1_per_token_metrics.csv,B2704,29.394672382974683,/global/scratch/users/sergiomar10/models/ESMC_Pretrain/HLAHLAB2704/ESMMASK_epitope_FT_20_0.001_5e-05_AUG_1_HLAB2704_1.pt
847,ESMMASK_epitope_FT_15_0.001_1e-06_AUG_6_HLAC1402_2_per_token_metrics.csv,C1402,29.749998508577303,/global/scratch/users/sergiomar10/models/ESMC_Pretrain/HLAHLAC1402/ESMMASK_epitope_FT_15_0.001_1e-06_AUG_6_HLAC1402_2.pt
1275,ESMMASK_epitope_FT_25_0.001_5e-05_AUG_3_HLAA0250_1_per_token_metrics.csv,A0250,29.756368020406136,/global/scratch/users/sergiomar10/models/ESMC_Pretrain/HLAHLAA0250/ESMMASK_epitope_FT_25_0.001_5e-05_AUG_3_HLAA0250_1.pt
582,ESMMASK_epitope_FT_20_0.001_1e-06_AUG_6_HLAA0211_2_per_token_metrics.csv,A0211,30.272733401341778,/global/scratch/users/sergiomar10/models/ESMC_Pretrain/HLAHLAA0211/ESMMASK_epitope_FT_20_0.001_1e-06_AUG_6_HLAA0211_2.pt
1541,ESMMASK_epitope_FT_15_0.001_5e-05_AUG_1_HLAA6601_1_per_token_metrics.csv,A6601,30.335188747091575,/global/scratch/users/sergiomar10/models/ESMC_Pretrain/HLAHLAA6601/ESMMASK_epitope_FT_15_0.001_5e-05_AUG_1_HLAA6601_1.pt
531,ESMMASK_epitope_FT_25_0.001_5e-05_AUG_1_HLAB0802_1_per_token_metrics.csv,B0802,30.396878878275555,/global/scratch/users/sergiomar10/models/ESMC_Pretrain/HLAHLAB0802/ESMMASK_epitope_FT_25_0.001_5e-05_AUG_1_HLAB0802_1.pt
895,ESMMASK_epitope_FT_20_0.001_5e-05_AUG_3_HLAB3906_1_per_token_metrics.csv,B3906,30.427187347412108,/global/scratch/users/sergiomar10/models/ESMC_Pretrain/HLAHLAB3906/ESMMASK_epitope_FT_20_0.001_5e-05_AUG_3_HLAB3906_1.pt
1499,ESMMASK_epitope_FT_15_0.001_5e-05_AUG_6_HLAA3003_1_per_token_metrics.csv,A3003,30.575702667236328,/global/scratch/users/sergiomar10/models/ESMC_Pretrain/HLAHLAA3003/ESMMASK_epitope_FT_15_0.001_5e-05_AUG_6_HLAA3003_1.pt
1508,ESMMASK_epitope_FT_15_0.001_1e-06_AUG_1_HLAB1503_2_per_token_metrics.csv,B1503,30.663165279017786,/global/scratch/users/sergiomar10/models/ESMC_Pretrain/HLAHLAB1503/ESMMASK_epitope_FT_15_0.001_1e-06_AUG_1_HLAB1503_2.pt
1413,ESMMASK_epitope_FT_15_0.001_1e-06_AUG_1_HLAA6823_2_per_token_metrics.csv,A6823,31.120271801948547,/global/scratch/users/sergiomar10/models/ESMC_Pretrain/HLAHLAA6823/ESMMASK_epitope_FT_15_0.001_1e-06_AUG_1_HLAA6823_2.pt
1650,ESMMASK_epitope_FT_20_0.001_1e-06_AUG_6_HLAA0216_2_per_token_metrics.csv,A0216,31.23312797425024,/global/scratch/users/sergiomar10/models/ESMC_Pretrain/HLAHLAA0216/ESMMASK_epitope_FT_20_0.001_1e-06_AUG_6_HLAA0216_2.pt
1652,ESMMASK_epitope_FT_20_0.001_5e-05_AUG_6_HLAA0216_1_per_token_metrics.csv,A0216,31.24358340750041,/global/scratch/users/sergiomar10/models/ESMC_Pretrain/HLAHLAA0216/ESMMASK_epitope_FT_20_0.001_5e-05_AUG_6_HLAA0216_1.pt
1723,ESMMASK_epitope_FT_20_0.001_1e-06_AUG_6_HLAA2501_1_per_token_metrics.csv,A2501,31.245818212628365,/global/scratch/users/sergiomar10/models/ESMC_Pretrain/HLAHLAA2501/ESMMASK_epitope_FT_20_0.001_1e-06_AUG_6_HLAA2501_1.pt
936,ESMMASK_epitope_FT_25_0.001_5e-05_AUG_6_HLAB7301_2_per_token_metrics.csv,B7301,31.588310718536377,/global/scratch/users/sergiomar10/models/ESMC_Pretrain/HLAHLAB7301/ESMMASK_epitope_FT_25_0.001_5e-05_AUG_6_HLAB7301_2.pt
495,ESMMASK_epitope_FT_20_0.001_5e-05_AUG_3_HLAB4801_2_per_token_metrics.csv,B4801,31.675854913145304,/global/scratch/users/sergiomar10/models/ESMC_Pretrain/HLAHLAB4801/ESMMASK_epitope_FT_20_0.001_5e-05_AUG_3_HLAB4801_2.pt
933,ESMMASK_epitope_FT_25_0.001_1e-06_AUG_1_HLAB7301_2_per_token_metrics.csv,B7301,31.707745295797046,/global/scratch/users/sergiomar10/models/ESMC_Pretrain/HLAHLAB7301/ESMMASK_epitope_FT_25_0.001_1e-06_AUG_1_HLAB7301_2.pt
1624,ESMMASK_epitope_FT_15_0.001_1e-06_AUG_1_HLAB1502_1_per_token_metrics.csv,B1502,31.830185011029243,/global/scratch/users/sergiomar10/models/ESMC_Pretrain/HLAHLAB1502/ESMMASK_epitope_FT_15_0.001_1e-06_AUG_1_HLAB1502_1.pt
924,ESMMASK_epitope_FT_15_0.001_1e-06_AUG_6_HLAB7301_1_per_token_metrics.csv,B7301,32.1170973096575,/global/scratch/users/sergiomar10/models/ESMC_Pretrain/HLAHLAB7301/ESMMASK_epitope_FT_15_0.001_1e-06_AUG_6_HLAB7301_1.pt
910,ESMMASK_epitope_FT_25_0.001_1e-06_AUG_6_HLAA3215_1_per_token_metrics.csv,A3215,32.24703642955193,/global/scratch/users/sergiomar10/models/ESMC_Pretrain/HLAHLAA3215/ESMMASK_epitope_FT_25_0.001_1e-06_AUG_6_HLAA3215_1.pt
375,ESMMASK_epitope_FT_20_0.001_1e-06_AUG_3_HLAB1402_2_per_token_metrics.csv,B1402,32.25722792165147,/global/scratch/users/sergiomar10/models/ESMC_Pretrain/HLAHLAB1402/ESMMASK_epitope_FT_20_0.001_1e-06_AUG_3_HLAB1402_2.pt
902,ESMMASK_epitope_FT_15_0.001_5e-05_AUG_6_HLAA3215_1_per_token_metrics.csv,A3215,32.26101785439711,/global/scratch/users/sergiomar10/models/ESMC_Pretrain/HLAHLAA3215/ESMMASK_epitope_FT_15_0.001_5e-05_AUG_6_HLAA3215_1.pt
1591,ESMMASK_epitope_FT_25_0.001_1e-06_AUG_3_HLAB3801_1_per_token_metrics.csv,B3801,32.32826129067689,/global/scratch/users/sergiomar10/models/ESMC_Pretrain/HLAHLAB3801/ESMMASK_epitope_FT_25_0.001_1e-06_AUG_3_HLAB3801_1.pt
500,ESMMASK_epitope_FT_25_0.001_5e-05_AUG_6_HLAB4801_1_per_token_metrics.csv,B4801,32.66086211529645,/global/scratch/users/sergiomar10/models/ESMC_Pretrain/HLAHLAB4801/ESMMASK_epitope_FT_25_0.001_5e-05_AUG_6_HLAB4801_1.pt
1726,ESMMASK_epitope_FT_20_0.001_5e-05_AUG_6_HLAA2501_1_per_token_metrics.csv,A2501,32.68748085926591,/global/scratch/users/sergiomar10/models/ESMC_Pretrain/HLAHLAA2501/ESMMASK_epitope_FT_20_0.001_5e-05_AUG_6_HLAA2501_1.pt
1465,ESMMASK_epitope_FT_15_0.001_1e-06_AUG_1_HLAB2706_1_per_token_metrics.csv,B2706,32.763663383370094,/global/scratch/users/sergiomar10/models/ESMC_Pretrain/HLAHLAB2706/ESMMASK_epitope_FT_15_0.001_1e-06_AUG_1_HLAB2706_1.pt
126,ESMMASK_epitope_FT_20_0.001_5e-05_AUG_1_HLAC0102_2_per_token_metrics.csv,C0102,32.81170288924235,/global/scratch/users/sergiomar10/models/ESMC_Pretrain/HLAHLAC0102/ESMMASK_epitope_FT_20_0.001_5e-05_AUG_1_HLAC0102_2.pt
964,ESMMASK_epitope_FT_25_0.001_1e-06_AUG_3_HLAA0207_2_per_token_metrics.csv,A0207,32.825004770498104,/global/scratch/users/sergiomar10/models/ESMC_Pretrain/HLAHLAA0207/ESMMASK_epitope_FT_25_0.001_1e-06_AUG_3_HLAA0207_2.pt
527,ESMMASK_epitope_FT_20_0.001_1e-06_AUG_3_HLAB0802_2_per_token_metrics.csv,B0802,32.995119428634645,/global/scratch/users/sergiomar10/models/ESMC_Pretrain/HLAHLAB0802/ESMMASK_epitope_FT_20_0.001_1e-06_AUG_3_HLAB0802_2.pt
1722,ESMMASK_epitope_FT_20_0.001_1e-06_AUG_1_HLAA2501_2_per_token_metrics.csv,A2501,33.13808334712409,/global/scratch/users/sergiomar10/models/ESMC_Pretrain/HLAHLAA2501/ESMMASK_epitope_FT_20_0.001_1e-06_AUG_1_HLAA2501_2.pt
954,ESMMASK_epitope_FT_25_0.001_1e-06_AUG_6_HLAB2709_2_per_token_metrics.csv,B2709,33.34578045382405,/global/scratch/users/sergiomar10/models/ESMC_Pretrain/HLAHLAB2709/ESMMASK_epitope_FT_25_0.001_1e-06_AUG_6_HLAB2709_2.pt
104,ESMMASK_epitope_FT_15_0.001_5e-05_AUG_1_HLAB4601_1_per_token_metrics.csv,B4601,33.39348077774048,/global/scratch/users/sergiomar10/models/ESMC_Pretrain/HLAHLAB4601/ESMMASK_epitope_FT_15_0.001_5e-05_AUG_1_HLAB4601_1.pt
326,ESMMASK_epitope_FT_20_0.001_1e-06_AUG_3_HLAB4013_1_per_token_metrics.csv,B4013,33.608567578451975,/global/scratch/users/sergiomar10/models/ESMC_Pretrain/HLAHLAB4013/ESMMASK_epitope_FT_20_0.001_1e-06_AUG_3_HLAB4013_1.pt
564,ESMMASK_epitope_FT_15_0.001_5e-05_AUG_6_HLAC1502_1_per_token_metrics.csv,C1502,33.62335589102908,/global/scratch/users/sergiomar10/models/ESMC_Pretrain/HLAHLAC1502/ESMMASK_epitope_FT_15_0.001_5e-05_AUG_6_HLAC1502_1.pt
972,ESMMASK_epitope_FT_20_0.001_1e-06_AUG_6_HLAB2702_1_per_token_metrics.csv,B2702,33.94153228882455,/global/scratch/users/sergiomar10/models/ESMC_Pretrain/HLAHLAB2702/ESMMASK_epitope_FT_20_0.001_1e-06_AUG_6_HLAB2702_1.pt
617,ESMMASK_epitope_FT_20_0.001_1e-06_AUG_6_HLAC0802_1_per_token_metrics.csv,C0802,33.94178096453349,/global/scratch/users/sergiomar10/models/ESMC_Pretrain/HLAHLAC0802/ESMMASK_epitope_FT_20_0.001_1e-06_AUG_6_HLAC0802_1.pt
1593,ESMMASK_epitope_FT_25_0.001_5e-05_AUG_1_HLAB3801_2_per_token_metrics.csv,B3801,34.10070472891675,/global/scratch/users/sergiomar10/models/ESMC_Pretrain/HLAHLAB3801/ESMMASK_epitope_FT_25_0.001_5e-05_AUG_1_HLAB3801_2.pt
1075,ESMMASK_epitope_FT_15_0.001_5e-05_AUG_1_HLAB2720_2_per_token_metrics.csv,B2720,34.364717800000854,/global/scratch/users/sergiomar10/models/ESMC_Pretrain/HLAHLAB2720/ESMMASK_epitope_FT_15_0.001_5e-05_AUG_1_HLAB2720_2.pt
971,ESMMASK_epitope_FT_20_0.001_1e-06_AUG_3_HLAB2702_2_per_token_metrics.csv,B2702,34.78114018888118,/global/scratch/users/sergiomar10/models/ESMC_Pretrain/HLAHLAB2702/ESMMASK_epitope_FT_20_0.001_1e-06_AUG_3_HLAB2702_2.pt
1298,ESMMASK_epitope_FT_15_0.001_1e-06_AUG_6_HLAA8001_2_per_token_metrics.csv,A8001,34.88442085817639,/global/scratch/users/sergiomar10/models/ESMC_Pretrain/HLAHLAA8001/ESMMASK_epitope_FT_15_0.001_1e-06_AUG_6_HLAA8001_2.pt
327,ESMMASK_epitope_FT_20_0.001_1e-06_AUG_3_HLAB4013_2_per_token_metrics.csv,B4013,35.422431230545044,/global/scratch/users/sergiomar10/models/ESMC_Pretrain/HLAHLAB4013/ESMMASK_epitope_FT_20_0.001_1e-06_AUG_3_HLAB4013_2.pt
953,ESMMASK_epitope_FT_25_0.001_1e-06_AUG_1_HLAB2709_2_per_token_metrics.csv,B2709,36.199828286557384,/global/scratch/users/sergiomar10/models/ESMC_Pretrain/HLAHLAB2709/ESMMASK_epitope_FT_25_0.001_1e-06_AUG_1_HLAB2709_2.pt
304,ESMMASK_epitope_FT_15_0.001_5e-05_AUG_1_HLAC0501_1_per_token_metrics.csv,C0501,36.482228579217335,/global/scratch/users/sergiomar10/models/ESMC_Pretrain/HLAHLAC0501/ESMMASK_epitope_FT_15_0.001_5e-05_AUG_1_HLAC0501_1.pt
1325,ESMMASK_epitope_FT_15_0.001_5e-05_AUG_1_HLAB4506_1_per_token_metrics.csv,B4506,36.908574928161144,/global/scratch/users/sergiomar10/models/ESMC_Pretrain/HLAHLAB4506/ESMMASK_epitope_FT_15_0.001_5e-05_AUG_1_HLAB4506_1.pt
325,ESMMASK_epitope_FT_20_0.001_1e-06_AUG_1_HLAB4013_2_per_token_metrics.csv,B4013,37.58841402331988,/global/scratch/users/sergiomar10/models/ESMC_Pretrain/HLAHLAB4013/ESMMASK_epitope_FT_20_0.001_1e-06_AUG_1_HLAB4013_2.pt
883,ESMMASK_epitope_FT_20_0.001_1e-06_AUG_1_HLAB1509_1_per_token_metrics.csv,B1509,37.83826059078482,/global/scratch/users/sergiomar10/models/ESMC_Pretrain/HLAHLAB1509/ESMMASK_epitope_FT_20_0.001_1e-06_AUG_1_HLAB1509_1.pt
1081,ESMMASK_epitope_FT_25_0.001_1e-06_AUG_1_HLAB2720_2_per_token_metrics.csv,B2720,38.03467934190337,/global/scratch/users/sergiomar10/models/ESMC_Pretrain/HLAHLAB2720/ESMMASK_epitope_FT_25_0.001_1e-06_AUG_1_HLAB2720_2.pt
592,ESMMASK_epitope_FT_20_0.001_5e-05_AUG_1_HLAB4405_1_per_token_metrics.csv,B4405,38.128392457962036,/global/scratch/users/sergiomar10/models/ESMC_Pretrain/HLAHLAB4405/ESMMASK_epitope_FT_20_0.001_5e-05_AUG_1_HLAB4405_1.pt
904,ESMMASK_epitope_FT_20_0.001_1e-06_AUG_3_HLAA3215_1_per_token_metrics.csv,A3215,38.18026941588947,/global/scratch/users/sergiomar10/models/ESMC_Pretrain/HLAHLAA3215/ESMMASK_epitope_FT_20_0.001_1e-06_AUG_3_HLAA3215_1.pt
1654,ESMMASK_epitope_FT_25_0.001_1e-06_AUG_3_HLAA0216_1_per_token_metrics.csv,A0216,38.66090367486378,/global/scratch/users/sergiomar10/models/ESMC_Pretrain/HLAHLAA0216/ESMMASK_epitope_FT_25_0.001_1e-06_AUG_3_HLAA0216_1.pt
961,ESMMASK_epitope_FT_20_0.001_5e-05_AUG_3_HLAA0207_2_per_token_metrics.csv,A0207,38.92859861585829,/global/scratch/users/sergiomar10/models/ESMC_Pretrain/HLAHLAA0207/ESMMASK_epitope_FT_20_0.001_5e-05_AUG_3_HLAA0207_2.pt
1592,ESMMASK_epitope_FT_25_0.001_1e-06_AUG_6_HLAB3801_2_per_token_metrics.csv,B3801,39.15705831402114,/global/scratch/users/sergiomar10/models/ESMC_Pretrain/HLAHLAB3801/ESMMASK_epitope_FT_25_0.001_1e-06_AUG_6_HLAB3801_2.pt
968,ESMMASK_epitope_FT_15_0.001_1e-06_AUG_1_HLAB2702_1_per_token_metrics.csv,B2702,39.49267075278542,/global/scratch/users/sergiomar10/models/ESMC_Pretrain/HLAHLAB2702/ESMMASK_epitope_FT_15_0.001_1e-06_AUG_1_HLAB2702_1.pt
1585,ESMMASK_epitope_FT_15_0.001_1e-06_AUG_1_HLAB3801_1_per_token_metrics.csv,B3801,39.67210987636021,/global/scratch/users/sergiomar10/models/ESMC_Pretrain/HLAHLAB3801/ESMMASK_epitope_FT_15_0.001_1e-06_AUG_1_HLAB3801_1.pt
614,ESMMASK_epitope_FT_15_0.001_1e-06_AUG_3_HLAC0802_1_per_token_metrics.csv,C0802,39.690134333718255,/global/scratch/users/sergiomar10/models/ESMC_Pretrain/HLAHLAC0802/ESMMASK_epitope_FT_15_0.001_1e-06_AUG_3_HLAC0802_1.pt
905,ESMMASK_epitope_FT_20_0.001_1e-06_AUG_3_HLAA3215_2_per_token_metrics.csv,A3215,40.477063110896516,/global/scratch/users/sergiomar10/models/ESMC_Pretrain/HLAHLAA3215/ESMMASK_epitope_FT_20_0.001_1e-06_AUG_3_HLAA3215_2.pt
1471,ESMMASK_epitope_FT_15_0.001_5e-05_AUG_6_HLAB2706_1_per_token_metrics.csv,B2706,41.438524627685545,/global/scratch/users/sergiomar10/models/ESMC_Pretrain/HLAHLAB2706/ESMMASK_epitope_FT_15_0.001_5e-05_AUG_6_HLAB2706_1.pt
1498,ESMMASK_epitope_FT_15_0.001_5e-05_AUG_3_HLAA3003_2_per_token_metrics.csv,A3003,42.702857971191406,/global/scratch/users/sergiomar10/models/ESMC_Pretrain/HLAHLAA3003/ESMMASK_epitope_FT_15_0.001_5e-05_AUG_3_HLAA3003_2.pt
1725,ESMMASK_epitope_FT_20_0.001_5e-05_AUG_1_HLAA2501_1_per_token_metrics.csv,A2501,43.34011506093176,/global/scratch/users/sergiomar10/models/ESMC_Pretrain/HLAHLAA2501/ESMMASK_epitope_FT_20_0.001_5e-05_AUG_1_HLAA2501_1.pt
926,ESMMASK_epitope_FT_15_0.001_5e-05_AUG_6_HLAB7301_2_per_token_metrics.csv,B7301,43.69416318337132,/global/scratch/users/sergiomar10/models/ESMC_Pretrain/HLAHLAB7301/ESMMASK_epitope_FT_15_0.001_5e-05_AUG_6_HLAB7301_2.pt
213,ESMMASK_epitope_FT_25_0.001_1e-06_AUG_1_HLAB2701_1_per_token_metrics.csv,B2701,45.2359812600272,/global/scratch/users/sergiomar10/models/ESMC_Pretrain/HLAHLAB2701/ESMMASK_epitope_FT_25_0.001_1e-06_AUG_1_HLAB2701_1.pt
908,ESMMASK_epitope_FT_20_0.001_5e-05_AUG_6_HLAA3215_2_per_token_metrics.csv,A3215,46.03503952026367,/global/scratch/users/sergiomar10/models/ESMC_Pretrain/HLAHLAA3215/ESMMASK_epitope_FT_20_0.001_5e-05_AUG_6_HLAA3215_2.pt
144,ESMMASK_epitope_FT_15_0.001_1e-06_AUG_3_HLAC0702_2_per_token_metrics.csv,C0702,46.11865599950155,/global/scratch/users/sergiomar10/models/ESMC_Pretrain/HLAHLAC0702/ESMMASK_epitope_FT_15_0.001_1e-06_AUG_3_HLAC0702_2.pt
1545,ESMMASK_epitope_FT_25_0.001_5e-05_AUG_1_HLAA6601_1_per_token_metrics.csv,A6601,48.14036884091117,/global/scratch/users/sergiomar10/models/ESMC_Pretrain/HLAHLAA6601/ESMMASK_epitope_FT_25_0.001_5e-05_AUG_1_HLAA6601_1.pt
1693,ESMMASK_epitope_FT_15_0.001_5e-05_AUG_1_HLAC1202_1_per_token_metrics.csv,C1202,49.492905139923096,/global/scratch/users/sergiomar10/models/ESMC_Pretrain/HLAHLAC1202/ESMMASK_epitope_FT_15_0.001_5e-05_AUG_1_HLAC1202_1.pt
117,ESMMASK_epitope_FT_20_0.001_5e-05_AUG_1_HLAC0701_1_per_token_metrics.csv,C0701,50.159117028541004,/global/scratch/users/sergiomar10/models/ESMC_Pretrain/HLAHLAC0701/ESMMASK_epitope_FT_20_0.001_5e-05_AUG_1_HLAC0701_1.pt
116,ESMMASK_epitope_FT_15_0.001_5e-05_AUG_3_HLAC0701_1_per_token_metrics.csv,C0701,52.422808524432845,/global/scratch/users/sergiomar10/models/ESMC_Pretrain/HLAHLAC0701/ESMMASK_epitope_FT_15_0.001_5e-05_AUG_3_HLAC0701_1.pt
328,ESMMASK_epitope_FT_20_0.001_5e-05_AUG_3_HLAB4013_2_per_token_metrics.csv,B4013,54.94417953491211,/global/scratch/users/sergiomar10/models/ESMC_Pretrain/HLAHLAB4013/ESMMASK_epitope_FT_20_0.001_5e-05_AUG_3_HLAB4013_2.pt
1736,ESMMASK_epitope_FT_25_0.001_5e-05_AUG_3_HLAA0205_1_per_token_metrics.csv,A0205,56.80782985687256,/global/scratch/users/sergiomar10/models/ESMC_Pretrain/HLAHLAA0205/ESMMASK_epitope_FT_25_0.001_5e-05_AUG_3_HLAA0205_1.pt
1523,ESMMASK_epitope_FT_25_0.001_5e-05_AUG_3_HLAA0319_1_per_token_metrics.csv,A0319,63.827735900878906,/global/scratch/users/sergiomar10/models/ESMC_Pretrain/HLAHLAA0319/ESMMASK_epitope_FT_25_0.001_5e-05_AUG_3_HLAA0319_1.pt
870,ESMMASK_epitope_FT_15_0.001_1e-06_AUG_1_HLAB8101_2_per_token_metrics.csv,B8101,65.61137008666992,/global/scratch/users/sergiomar10/models/ESMC_Pretrain/HLAHLAB8101/ESMMASK_epitope_FT_15_0.001_1e-06_AUG_1_HLAB8101_2.pt
1507,ESMMASK_epitope_FT_25_0.001_5e-05_AUG_6_HLAA3003_1_per_token_metrics.csv,A3003,73.14479064941406,/global/scratch/users/sergiomar10/models/ESMC_Pretrain/HLAHLAA3003/ESMMASK_epitope_FT_25_0.001_5e-05_AUG_6_HLAA3003_1.pt
214,ESMMASK_epitope_FT_25_0.001_1e-06_AUG_1_HLAB2701_2_per_token_metrics.csv,B2701,74.17032852172852,/global/scratch/users/sergiomar10/models/ESMC_Pretrain/HLAHLAB2701/ESMMASK_epitope_FT_25_0.001_1e-06_AUG_1_HLAB2701_2.pt
515,ESMMASK_epitope_FT_20_0.001_1e-06_AUG_3_HLAB3909_1_per_token_metrics.csv,B3909,77.75688552856445,/global/scratch/users/sergiomar10/models/ESMC_Pretrain/HLAHLAB3909/ESMMASK_epitope_FT_20_0.001_1e-06_AUG_3_HLAB3909_1.pt
724,ESMMASK_epitope_FT_20_0.001_1e-06_AUG_1_HLAB5703_2_per_token_metrics.csv,B5703,81.4102783203125,/global/scratch/users/sergiomar10/models/ESMC_Pretrain/HLAHLAB5703/ESMMASK_epitope_FT_20_0.001_1e-06_AUG_1_HLAB5703_2.pt
731,ESMMASK_epitope_FT_25_0.001_5e-05_AUG_6_HLAB5703_1_per_token_metrics.csv,B5703,97.93659973144533,/global/scratch/users/sergiomar10/models/ESMC_Pretrain/HLAHLAB5703/ESMMASK_epitope_FT_25_0.001_5e-05_AUG_6_HLAB5703_1.pt
609,ESMMASK_epitope_FT_20_0.001_1e-06_AUG_1_HLAA6812_2_per_token_metrics.csv,A6812,101.1994857788086,/global/scratch/users/sergiomar10/models/ESMC_Pretrain/HLAHLAA6812/ESMMASK_epitope_FT_20_0.001_1e-06_AUG_1_HLAA6812_2.pt
1760,ESMMASK_epitope_FT_20_0.001_5e-05_AUG_1_HLAA6801_1_per_token_metrics.csv,A6801,inf,/global/scratch/users/sergiomar10/models/ESMC_Pretrain/HLAHLAA6801/ESMMASK_epitope_FT_20_0.001_5e-05_AUG_1_HLAA6801_1.pt
1730,ESMMASK_epitope_FT_15_0.001_5e-05_AUG_3_HLAA0205_2_per_token_metrics.csv,A0205,inf,/global/scratch/users/sergiomar10/models/ESMC_Pretrain/HLAHLAA0205/ESMMASK_epitope_FT_15_0.001_5e-05_AUG_3_HLAA0205_2.pt
1731,ESMMASK_epitope_FT_20_0.001_1e-06_AUG_3_HLAA0205_2_per_token_metrics.csv,A0205,inf,/global/scratch/users/sergiomar10/models/ESMC_Pretrain/HLAHLAA0205/ESMMASK_epitope_FT_20_0.001_1e-06_AUG_3_HLAA0205_2.pt
1732,ESMMASK_epitope_FT_20_0.001_5e-05_AUG_1_HLAA0205_2_per_token_metrics.csv,A0205,inf,/global/scratch/users/sergiomar10/models/ESMC_Pretrain/HLAHLAA0205/ESMMASK_epitope_FT_20_0.001_5e-05_AUG_1_HLAA0205_2.pt
1734,ESMMASK_epitope_FT_25_0.001_1e-06_AUG_1_HLAA0205_1_per_token_metrics.csv,A0205,inf,/global/scratch/users/sergiomar10/models/ESMC_Pretrain/HLAHLAA0205/ESMMASK_epitope_FT_25_0.001_1e-06_AUG_1_HLAA0205_1.pt
1735,ESMMASK_epitope_FT_25_0.001_1e-06_AUG_6_HLAA0205_1_per_token_metrics.csv,A0205,inf,/global/scratch/users/sergiomar10/models/ESMC_Pretrain/HLAHLAA0205/ESMMASK_epitope_FT_25_0.001_1e-06_AUG_6_HLAA0205_1.pt
1082,ESMMASK_epitope_FT_25_0.001_1e-06_AUG_6_HLAB2720_1_per_token_metrics.csv,B2720,inf,/global/scratch/users/sergiomar10/models/ESMC_Pretrain/HLAHLAB2720/ESMMASK_epitope_FT_25_0.001_1e-06_AUG_6_HLAB2720_1.pt
1076,ESMMASK_epitope_FT_15_0.001_5e-05_AUG_3_HLAB2720_2_per_token_metrics.csv,B2720,inf,/global/scratch/users/sergiomar10/models/ESMC_Pretrain/HLAHLAB2720/ESMMASK_epitope_FT_15_0.001_5e-05_AUG_3_HLAB2720_2.pt
1077,ESMMASK_epitope_FT_15_0.001_5e-05_AUG_6_HLAB2720_1_per_token_metrics.csv,B2720,inf,/global/scratch/users/sergiomar10/models/ESMC_Pretrain/HLAHLAB2720/ESMMASK_epitope_FT_15_0.001_5e-05_AUG_6_HLAB2720_1.pt
1079,ESMMASK_epitope_FT_20_0.001_5e-05_AUG_3_HLAB2720_1_per_token_metrics.csv,B2720,inf,/global/scratch/users/sergiomar10/models/ESMC_Pretrain/HLAHLAB2720/ESMMASK_epitope_FT_20_0.001_5e-05_AUG_3_HLAB2720_1.pt
978,ESMMASK_epitope_FT_25_0.001_5e-05_AUG_6_HLAB2702_2_per_token_metrics.csv,B2702,inf,/global/scratch/users/sergiomar10/models/ESMC_Pretrain/HLAHLAB2702/ESMMASK_epitope_FT_25_0.001_5e-05_AUG_6_HLAB2702_2.pt
970,ESMMASK_epitope_FT_20_0.001_1e-06_AUG_1_HLAB2702_1_per_token_metrics.csv,B2702,inf,/global/scratch/users/sergiomar10/models/ESMC_Pretrain/HLAHLAB2702/ESMMASK_epitope_FT_20_0.001_1e-06_AUG_1_HLAB2702_1.pt
973,ESMMASK_epitope_FT_20_0.001_5e-05_AUG_1_HLAB2702_2_per_token_metrics.csv,B2702,inf,/global/scratch/users/sergiomar10/models/ESMC_Pretrain/HLAHLAB2702/ESMMASK_epitope_FT_20_0.001_5e-05_AUG_1_HLAB2702_2.pt
976,ESMMASK_epitope_FT_25_0.001_1e-06_AUG_1_HLAB2702_2_per_token_metrics.csv,B2702,inf,/global/scratch/users/sergiomar10/models/ESMC_Pretrain/HLAHLAB2702/ESMMASK_epitope_FT_25_0.001_1e-06_AUG_1_HLAB2702_2.pt
967,ESMMASK_epitope_FT_25_0.001_5e-05_AUG_6_HLAA0207_2_per_token_metrics.csv,A0207,inf,/global/scratch/users/sergiomar10/models/ESMC_Pretrain/HLAHLAA0207/ESMMASK_epitope_FT_25_0.001_5e-05_AUG_6_HLAA0207_2.pt
969,ESMMASK_epitope_FT_15_0.001_5e-05_AUG_1_HLAB2702_2_per_token_metrics.csv,B2702,inf,/global/scratch/users/sergiomar10/models/ESMC_Pretrain/HLAHLAB2702/ESMMASK_epitope_FT_15_0.001_5e-05_AUG_1_HLAB2702_2.pt
955,ESMMASK_epitope_FT_15_0.001_1e-06_AUG_3_HLAA0207_1_per_token_metrics.csv,A0207,inf,/global/scratch/users/sergiomar10/models/ESMC_Pretrain/HLAHLAA0207/ESMMASK_epitope_FT_15_0.001_1e-06_AUG_3_HLAA0207_1.pt
956,ESMMASK_epitope_FT_15_0.001_1e-06_AUG_6_HLAA0207_1_per_token_metrics.csv,A0207,inf,/global/scratch/users/sergiomar10/models/ESMC_Pretrain/HLAHLAA0207/ESMMASK_epitope_FT_15_0.001_1e-06_AUG_6_HLAA0207_1.pt
957,ESMMASK_epitope_FT_15_0.001_1e-06_AUG_6_HLAA0207_2_per_token_metrics.csv,A0207,inf,/global/scratch/users/sergiomar10/models/ESMC_Pretrain/HLAHLAA0207/ESMMASK_epitope_FT_15_0.001_1e-06_AUG_6_HLAA0207_2.pt
958,ESMMASK_epitope_FT_15_0.001_5e-05_AUG_1_HLAA0207_2_per_token_metrics.csv,A0207,inf,/global/scratch/users/sergiomar10/models/ESMC_Pretrain/HLAHLAA0207/ESMMASK_epitope_FT_15_0.001_5e-05_AUG_1_HLAA0207_2.pt
959,ESMMASK_epitope_FT_15_0.001_5e-05_AUG_6_HLAA0207_2_per_token_metrics.csv,A0207,inf,/global/scratch/users/sergiomar10/models/ESMC_Pretrain/HLAHLAA0207/ESMMASK_epitope_FT_15_0.001_5e-05_AUG_6_HLAA0207_2.pt
960,ESMMASK_epitope_FT_20_0.001_5e-05_AUG_3_HLAA0207_1_per_token_metrics.csv,A0207,inf,/global/scratch/users/sergiomar10/models/ESMC_Pretrain/HLAHLAA0207/ESMMASK_epitope_FT_20_0.001_5e-05_AUG_3_HLAA0207_1.pt
948,ESMMASK_epitope_FT_15_0.001_5e-05_AUG_1_HLAB2709_2_per_token_metrics.csv,B2709,inf,/global/scratch/users/sergiomar10/models/ESMC_Pretrain/HLAHLAB2709/ESMMASK_epitope_FT_15_0.001_5e-05_AUG_1_HLAB2709_2.pt
949,ESMMASK_epitope_FT_20_0.001_1e-06_AUG_3_HLAB2709_1_per_token_metrics.csv,B2709,inf,/global/scratch/users/sergiomar10/models/ESMC_Pretrain/HLAHLAB2709/ESMMASK_epitope_FT_20_0.001_1e-06_AUG_3_HLAB2709_1.pt
950,ESMMASK_epitope_FT_20_0.001_5e-05_AUG_1_HLAB2709_1_per_token_metrics.csv,B2709,inf,/global/scratch/users/sergiomar10/models/ESMC_Pretrain/HLAHLAB2709/ESMMASK_epitope_FT_20_0.001_5e-05_AUG_1_HLAB2709_1.pt
951,ESMMASK_epitope_FT_20_0.001_5e-05_AUG_1_HLAB2709_2_per_token_metrics.csv,B2709,inf,/global/scratch/users/sergiomar10/models/ESMC_Pretrain/HLAHLAB2709/ESMMASK_epitope_FT_20_0.001_5e-05_AUG_1_HLAB2709_2.pt
952,ESMMASK_epitope_FT_20_0.001_5e-05_AUG_3_HLAB2709_1_per_token_metrics.csv,B2709,inf,/global/scratch/users/sergiomar10/models/ESMC_Pretrain/HLAHLAB2709/ESMMASK_epitope_FT_20_0.001_5e-05_AUG_3_HLAB2709_1.pt
944,ESMMASK_epitope_FT_20_0.001_5e-05_AUG_6_HLAA2301_1_per_token_metrics.csv,A2301,inf,/global/scratch/users/sergiomar10/models/ESMC_Pretrain/HLAHLAA2301/ESMMASK_epitope_FT_20_0.001_5e-05_AUG_6_HLAA2301_1.pt
931,ESMMASK_epitope_FT_20_0.001_5e-05_AUG_3_HLAB7301_1_per_token_metrics.csv,B7301,inf,/global/scratch/users/sergiomar10/models/ESMC_Pretrain/HLAHLAB7301/ESMMASK_epitope_FT_20_0.001_5e-05_AUG_3_HLAB7301_1.pt
932,ESMMASK_epitope_FT_20_0.001_5e-05_AUG_3_HLAB7301_2_per_token_metrics.csv,B7301,inf,/global/scratch/users/sergiomar10/models/ESMC_Pretrain/HLAHLAB7301/ESMMASK_epitope_FT_20_0.001_5e-05_AUG_3_HLAB7301_2.pt
934,ESMMASK_epitope_FT_25_0.001_1e-06_AUG_6_HLAB7301_1_per_token_metrics.csv,B7301,inf,/global/scratch/users/sergiomar10/models/ESMC_Pretrain/HLAHLAB7301/ESMMASK_epitope_FT_25_0.001_1e-06_AUG_6_HLAB7301_1.pt
935,ESMMASK_epitope_FT_25_0.001_1e-06_AUG_6_HLAB7301_2_per_token_metrics.csv,B7301,inf,/global/scratch/users/sergiomar10/models/ESMC_Pretrain/HLAHLAB7301/ESMMASK_epitope_FT_25_0.001_1e-06_AUG_6_HLAB7301_2.pt
925,ESMMASK_epitope_FT_15_0.001_5e-05_AUG_6_HLAB7301_1_per_token_metrics.csv,B7301,inf,/global/scratch/users/sergiomar10/models/ESMC_Pretrain/HLAHLAB7301/ESMMASK_epitope_FT_15_0.001_5e-05_AUG_6_HLAB7301_1.pt
927,ESMMASK_epitope_FT_20_0.001_1e-06_AUG_1_HLAB7301_2_per_token_metrics.csv,B7301,inf,/global/scratch/users/sergiomar10/models/ESMC_Pretrain/HLAHLAB7301/ESMMASK_epitope_FT_20_0.001_1e-06_AUG_1_HLAB7301_2.pt
928,ESMMASK_epitope_FT_20_0.001_1e-06_AUG_6_HLAB7301_1_per_token_metrics.csv,B7301,inf,/global/scratch/users/sergiomar10/models/ESMC_Pretrain/HLAHLAB7301/ESMMASK_epitope_FT_20_0.001_1e-06_AUG_6_HLAB7301_1.pt
929,ESMMASK_epitope_FT_20_0.001_5e-05_AUG_1_HLAB7301_1_per_token_metrics.csv,B7301,inf,/global/scratch/users/sergiomar10/models/ESMC_Pretrain/HLAHLAB7301/ESMMASK_epitope_FT_20_0.001_5e-05_AUG_1_HLAB7301_1.pt
907,ESMMASK_epitope_FT_20_0.001_5e-05_AUG_6_HLAA3215_1_per_token_metrics.csv,A3215,inf,/global/scratch/users/sergiomar10/models/ESMC_Pretrain/HLAHLAA3215/ESMMASK_epitope_FT_20_0.001_5e-05_AUG_6_HLAA3215_1.pt
909,ESMMASK_epitope_FT_25_0.001_1e-06_AUG_3_HLAA3215_2_per_token_metrics.csv,A3215,inf,/global/scratch/users/sergiomar10/models/ESMC_Pretrain/HLAHLAA3215/ESMMASK_epitope_FT_25_0.001_1e-06_AUG_3_HLAA3215_2.pt
912,ESMMASK_epitope_FT_25_0.001_5e-05_AUG_3_HLAA3215_1_per_token_metrics.csv,A3215,inf,/global/scratch/users/sergiomar10/models/ESMC_Pretrain/HLAHLAA3215/ESMMASK_epitope_FT_25_0.001_5e-05_AUG_3_HLAA3215_1.pt
898,ESMMASK_epitope_FT_25_0.001_5e-05_AUG_3_HLAB3906_2_per_token_metrics.csv,B3906,inf,/global/scratch/users/sergiomar10/models/ESMC_Pretrain/HLAHLAB3906/ESMMASK_epitope_FT_25_0.001_5e-05_AUG_3_HLAB3906_2.pt
890,ESMMASK_epitope_FT_15_0.001_5e-05_AUG_1_HLAB3906_2_per_token_metrics.csv,B3906,inf,/global/scratch/users/sergiomar10/models/ESMC_Pretrain/HLAHLAB3906/ESMMASK_epitope_FT_15_0.001_5e-05_AUG_1_HLAB3906_2.pt
891,ESMMASK_epitope_FT_15_0.001_5e-05_AUG_6_HLAB3906_2_per_token_metrics.csv,B3906,inf,/global/scratch/users/sergiomar10/models/ESMC_Pretrain/HLAHLAB3906/ESMMASK_epitope_FT_15_0.001_5e-05_AUG_6_HLAB3906_2.pt
892,ESMMASK_epitope_FT_20_0.001_1e-06_AUG_1_HLAB3906_1_per_token_metrics.csv,B3906,inf,/global/scratch/users/sergiomar10/models/ESMC_Pretrain/HLAHLAB3906/ESMMASK_epitope_FT_20_0.001_1e-06_AUG_1_HLAB3906_1.pt
893,ESMMASK_epitope_FT_20_0.001_1e-06_AUG_6_HLAB3906_2_per_token_metrics.csv,B3906,inf,/global/scratch/users/sergiomar10/models/ESMC_Pretrain/HLAHLAB3906/ESMMASK_epitope_FT_20_0.001_1e-06_AUG_6_HLAB3906_2.pt
894,ESMMASK_epitope_FT_20_0.001_5e-05_AUG_1_HLAB3906_2_per_token_metrics.csv,B3906,inf,/global/scratch/users/sergiomar10/models/ESMC_Pretrain/HLAHLAB3906/ESMMASK_epitope_FT_20_0.001_5e-05_AUG_1_HLAB3906_2.pt
896,ESMMASK_epitope_FT_25_0.001_1e-06_AUG_6_HLAB3906_1_per_token_metrics.csv,B3906,inf,/global/scratch/users/sergiomar10/models/ESMC_Pretrain/HLAHLAB3906/ESMMASK_epitope_FT_25_0.001_1e-06_AUG_6_HLAB3906_1.pt
897,ESMMASK_epitope_FT_25_0.001_5e-05_AUG_1_HLAB3906_1_per_token_metrics.csv,B3906,inf,/global/scratch/users/sergiomar10/models/ESMC_Pretrain/HLAHLAB3906/ESMMASK_epitope_FT_25_0.001_5e-05_AUG_1_HLAB3906_1.pt
882,ESMMASK_epitope_FT_15_0.001_5e-05_AUG_6_HLAB1509_1_per_token_metrics.csv,B1509,inf,/global/scratch/users/sergiomar10/models/ESMC_Pretrain/HLAHLAB1509/ESMMASK_epitope_FT_15_0.001_5e-05_AUG_6_HLAB1509_1.pt
886,ESMMASK_epitope_FT_25_0.001_1e-06_AUG_1_HLAB1509_1_per_token_metrics.csv,B1509,inf,/global/scratch/users/sergiomar10/models/ESMC_Pretrain/HLAHLAB1509/ESMMASK_epitope_FT_25_0.001_1e-06_AUG_1_HLAB1509_1.pt
887,ESMMASK_epitope_FT_25_0.001_5e-05_AUG_6_HLAB1509_2_per_token_metrics.csv,B1509,inf,/global/scratch/users/sergiomar10/models/ESMC_Pretrain/HLAHLAB1509/ESMMASK_epitope_FT_25_0.001_5e-05_AUG_6_HLAB1509_2.pt
888,ESMMASK_epitope_FT_15_0.001_1e-06_AUG_1_HLAB3906_2_per_token_metrics.csv,B3906,inf,/global/scratch/users/sergiomar10/models/ESMC_Pretrain/HLAHLAB3906/ESMMASK_epitope_FT_15_0.001_1e-06_AUG_1_HLAB3906_2.pt
889,ESMMASK_epitope_FT_15_0.001_1e-06_AUG_3_HLAB3906_1_per_token_metrics.csv,B3906,inf,/global/scratch/users/sergiomar10/models/ESMC_Pretrain/HLAHLAB3906/ESMMASK_epitope_FT_15_0.001_1e-06_AUG_3_HLAB3906_1.pt
874,ESMMASK_epitope_FT_20_0.001_5e-05_AUG_1_HLAB8101_2_per_token_metrics.csv,B8101,inf,/global/scratch/users/sergiomar10/models/ESMC_Pretrain/HLAHLAB8101/ESMMASK_epitope_FT_20_0.001_5e-05_AUG_1_HLAB8101_2.pt
875,ESMMASK_epitope_FT_20_0.001_5e-05_AUG_3_HLAB8101_2_per_token_metrics.csv,B8101,inf,/global/scratch/users/sergiomar10/models/ESMC_Pretrain/HLAHLAB8101/ESMMASK_epitope_FT_20_0.001_5e-05_AUG_3_HLAB8101_2.pt
876,ESMMASK_epitope_FT_25_0.001_1e-06_AUG_1_HLAB8101_1_per_token_metrics.csv,B8101,inf,/global/scratch/users/sergiomar10/models/ESMC_Pretrain/HLAHLAB8101/ESMMASK_epitope_FT_25_0.001_1e-06_AUG_1_HLAB8101_1.pt
877,ESMMASK_epitope_FT_25_0.001_1e-06_AUG_6_HLAB8101_1_per_token_metrics.csv,B8101,inf,/global/scratch/users/sergiomar10/models/ESMC_Pretrain/HLAHLAB8101/ESMMASK_epitope_FT_25_0.001_1e-06_AUG_6_HLAB8101_1.pt
878,ESMMASK_epitope_FT_25_0.001_1e-06_AUG_6_HLAB8101_2_per_token_metrics.csv,B8101,inf,/global/scratch/users/sergiomar10/models/ESMC_Pretrain/HLAHLAB8101/ESMMASK_epitope_FT_25_0.001_1e-06_AUG_6_HLAB8101_2.pt
879,ESMMASK_epitope_FT_15_0.001_1e-06_AUG_1_HLAB1509_1_per_token_metrics.csv,B1509,inf,/global/scratch/users/sergiomar10/models/ESMC_Pretrain/HLAHLAB1509/ESMMASK_epitope_FT_15_0.001_1e-06_AUG_1_HLAB1509_1.pt
880,ESMMASK_epitope_FT_15_0.001_5e-05_AUG_1_HLAB1509_1_per_token_metrics.csv,B1509,inf,/global/scratch/users/sergiomar10/models/ESMC_Pretrain/HLAHLAB1509/ESMMASK_epitope_FT_15_0.001_5e-05_AUG_1_HLAB1509_1.pt
881,ESMMASK_epitope_FT_15_0.001_5e-05_AUG_3_HLAB1509_1_per_token_metrics.csv,B1509,inf,/global/scratch/users/sergiomar10/models/ESMC_Pretrain/HLAHLAB1509/ESMMASK_epitope_FT_15_0.001_5e-05_AUG_3_HLAB1509_1.pt
871,ESMMASK_epitope_FT_15_0.001_1e-06_AUG_3_HLAB8101_1_per_token_metrics.csv,B8101,inf,/global/scratch/users/sergiomar10/models/ESMC_Pretrain/HLAHLAB8101/ESMMASK_epitope_FT_15_0.001_1e-06_AUG_3_HLAB8101_1.pt
872,ESMMASK_epitope_FT_15_0.001_5e-05_AUG_1_HLAB8101_1_per_token_metrics.csv,B8101,inf,/global/scratch/users/sergiomar10/models/ESMC_Pretrain/HLAHLAB8101/ESMMASK_epitope_FT_15_0.001_5e-05_AUG_1_HLAB8101_1.pt
873,ESMMASK_epitope_FT_15_0.001_5e-05_AUG_1_HLAB8101_2_per_token_metrics.csv,B8101,inf,/global/scratch/users/sergiomar10/models/ESMC_Pretrain/HLAHLAB8101/ESMMASK_epitope_FT_15_0.001_5e-05_AUG_1_HLAB8101_2.pt
864,ESMMASK_epitope_FT_20_0.001_5e-05_AUG_3_HLAB0702_2_per_token_metrics.csv,B0702,inf,/global/scratch/users/sergiomar10/models/ESMC_Pretrain/HLAHLAB0702/ESMMASK_epitope_FT_20_0.001_5e-05_AUG_3_HLAB0702_2.pt
842,ESMMASK_epitope_FT_20_0.001_5e-05_AUG_1_HLAA0204_2_per_token_metrics.csv,A0204,inf,/global/scratch/users/sergiomar10/models/ESMC_Pretrain/HLAHLAA0204/ESMMASK_epitope_FT_20_0.001_5e-05_AUG_1_HLAA0204_2.pt
843,ESMMASK_epitope_FT_20_0.001_5e-05_AUG_3_HLAA0204_1_per_token_metrics.csv,A0204,inf,/global/scratch/users/sergiomar10/models/ESMC_Pretrain/HLAHLAA0204/ESMMASK_epitope_FT_20_0.001_5e-05_AUG_3_HLAA0204_1.pt
844,ESMMASK_epitope_FT_20_0.001_5e-05_AUG_3_HLAA0204_2_per_token_metrics.csv,A0204,inf,/global/scratch/users/sergiomar10/models/ESMC_Pretrain/HLAHLAA0204/ESMMASK_epitope_FT_20_0.001_5e-05_AUG_3_HLAA0204_2.pt
845,ESMMASK_epitope_FT_25_0.001_5e-05_AUG_1_HLAA0204_2_per_token_metrics.csv,A0204,inf,/global/scratch/users/sergiomar10/models/ESMC_Pretrain/HLAHLAA0204/ESMMASK_epitope_FT_25_0.001_5e-05_AUG_1_HLAA0204_2.pt
834,ESMMASK_epitope_FT_25_0.001_1e-06_AUG_6_HLAC0304_2_per_token_metrics.csv,C0304,inf,/global/scratch/users/sergiomar10/models/ESMC_Pretrain/HLAHLAC0304/ESMMASK_epitope_FT_25_0.001_1e-06_AUG_6_HLAC0304_2.pt
836,ESMMASK_epitope_FT_15_0.001_1e-06_AUG_1_HLAA0204_2_per_token_metrics.csv,A0204,inf,/global/scratch/users/sergiomar10/models/ESMC_Pretrain/HLAHLAA0204/ESMMASK_epitope_FT_15_0.001_1e-06_AUG_1_HLAA0204_2.pt
837,ESMMASK_epitope_FT_15_0.001_1e-06_AUG_3_HLAA0204_2_per_token_metrics.csv,A0204,inf,/global/scratch/users/sergiomar10/models/ESMC_Pretrain/HLAHLAA0204/ESMMASK_epitope_FT_15_0.001_1e-06_AUG_3_HLAA0204_2.pt
838,ESMMASK_epitope_FT_15_0.001_1e-06_AUG_6_HLAA0204_2_per_token_metrics.csv,A0204,inf,/global/scratch/users/sergiomar10/models/ESMC_Pretrain/HLAHLAA0204/ESMMASK_epitope_FT_15_0.001_1e-06_AUG_6_HLAA0204_2.pt
839,ESMMASK_epitope_FT_15_0.001_5e-05_AUG_1_HLAA0204_1_per_token_metrics.csv,A0204,inf,/global/scratch/users/sergiomar10/models/ESMC_Pretrain/HLAHLAA0204/ESMMASK_epitope_FT_15_0.001_5e-05_AUG_1_HLAA0204_1.pt
840,ESMMASK_epitope_FT_15_0.001_5e-05_AUG_6_HLAA0204_2_per_token_metrics.csv,A0204,inf,/global/scratch/users/sergiomar10/models/ESMC_Pretrain/HLAHLAA0204/ESMMASK_epitope_FT_15_0.001_5e-05_AUG_6_HLAA0204_2.pt
841,ESMMASK_epitope_FT_20_0.001_1e-06_AUG_3_HLAA0204_1_per_token_metrics.csv,A0204,inf,/global/scratch/users/sergiomar10/models/ESMC_Pretrain/HLAHLAA0204/ESMMASK_epitope_FT_20_0.001_1e-06_AUG_3_HLAA0204_1.pt
829,ESMMASK_epitope_FT_20_0.001_5e-05_AUG_3_HLAC0304_1_per_token_metrics.csv,C0304,inf,/global/scratch/users/sergiomar10/models/ESMC_Pretrain/HLAHLAC0304/ESMMASK_epitope_FT_20_0.001_5e-05_AUG_3_HLAC0304_1.pt
833,ESMMASK_epitope_FT_25_0.001_1e-06_AUG_6_HLAC0304_1_per_token_metrics.csv,C0304,inf,/global/scratch/users/sergiomar10/models/ESMC_Pretrain/HLAHLAC0304/ESMMASK_epitope_FT_25_0.001_1e-06_AUG_6_HLAC0304_1.pt
822,ESMMASK_epitope_FT_25_0.001_1e-06_AUG_1_HLAA0212_1_per_token_metrics.csv,A0212,inf,/global/scratch/users/sergiomar10/models/ESMC_Pretrain/HLAHLAA0212/ESMMASK_epitope_FT_25_0.001_1e-06_AUG_1_HLAA0212_1.pt
794,ESMMASK_epitope_FT_20_0.001_5e-05_AUG_3_HLAB2703_2_per_token_metrics.csv,B2703,inf,/global/scratch/users/sergiomar10/models/ESMC_Pretrain/HLAHLAB2703/ESMMASK_epitope_FT_20_0.001_5e-05_AUG_3_HLAB2703_2.pt
795,ESMMASK_epitope_FT_15_0.001_1e-06_AUG_1_HLAB8301_2_per_token_metrics.csv,B8301,inf,/global/scratch/users/sergiomar10/models/ESMC_Pretrain/HLAHLAB8301/ESMMASK_epitope_FT_15_0.001_1e-06_AUG_1_HLAB8301_2.pt
787,ESMMASK_epitope_FT_15_0.001_5e-05_AUG_1_HLAB2703_1_per_token_metrics.csv,B2703,inf,/global/scratch/users/sergiomar10/models/ESMC_Pretrain/HLAHLAB2703/ESMMASK_epitope_FT_15_0.001_5e-05_AUG_1_HLAB2703_1.pt
788,ESMMASK_epitope_FT_15_0.001_5e-05_AUG_3_HLAB2703_2_per_token_metrics.csv,B2703,inf,/global/scratch/users/sergiomar10/models/ESMC_Pretrain/HLAHLAB2703/ESMMASK_epitope_FT_15_0.001_5e-05_AUG_3_HLAB2703_2.pt
789,ESMMASK_epitope_FT_20_0.001_1e-06_AUG_1_HLAB2703_1_per_token_metrics.csv,B2703,inf,/global/scratch/users/sergiomar10/models/ESMC_Pretrain/HLAHLAB2703/ESMMASK_epitope_FT_20_0.001_1e-06_AUG_1_HLAB2703_1.pt
790,ESMMASK_epitope_FT_20_0.001_1e-06_AUG_3_HLAB2703_2_per_token_metrics.csv,B2703,inf,/global/scratch/users/sergiomar10/models/ESMC_Pretrain/HLAHLAB2703/ESMMASK_epitope_FT_20_0.001_1e-06_AUG_3_HLAB2703_2.pt
791,ESMMASK_epitope_FT_20_0.001_1e-06_AUG_6_HLAB2703_1_per_token_metrics.csv,B2703,inf,/global/scratch/users/sergiomar10/models/ESMC_Pretrain/HLAHLAB2703/ESMMASK_epitope_FT_20_0.001_1e-06_AUG_6_HLAB2703_1.pt
793,ESMMASK_epitope_FT_20_0.001_5e-05_AUG_1_HLAB2703_2_per_token_metrics.csv,B2703,inf,/global/scratch/users/sergiomar10/models/ESMC_Pretrain/HLAHLAB2703/ESMMASK_epitope_FT_20_0.001_5e-05_AUG_1_HLAB2703_2.pt
785,ESMMASK_epitope_FT_15_0.001_1e-06_AUG_1_HLAB2703_2_per_token_metrics.csv,B2703,inf,/global/scratch/users/sergiomar10/models/ESMC_Pretrain/HLAHLAB2703/ESMMASK_epitope_FT_15_0.001_1e-06_AUG_1_HLAB2703_2.pt
773,ESMMASK_epitope_FT_25_0.001_1e-06_AUG_6_HLAA2602_2_per_token_metrics.csv,A2602,inf,/global/scratch/users/sergiomar10/models/ESMC_Pretrain/HLAHLAA2602/ESMMASK_epitope_FT_25_0.001_1e-06_AUG_6_HLAA2602_2.pt
762,ESMMASK_epitope_FT_20_0.001_1e-06_AUG_1_HLAC0801_2_per_token_metrics.csv,C0801,inf,/global/scratch/users/sergiomar10/models/ESMC_Pretrain/HLAHLAC0801/ESMMASK_epitope_FT_20_0.001_1e-06_AUG_1_HLAC0801_2.pt
763,ESMMASK_epitope_FT_20_0.001_5e-05_AUG_1_HLAC0801_2_per_token_metrics.csv,C0801,inf,/global/scratch/users/sergiomar10/models/ESMC_Pretrain/HLAHLAC0801/ESMMASK_epitope_FT_20_0.001_5e-05_AUG_1_HLAC0801_2.pt
764,ESMMASK_epitope_FT_25_0.001_1e-06_AUG_3_HLAC0801_2_per_token_metrics.csv,C0801,inf,/global/scratch/users/sergiomar10/models/ESMC_Pretrain/HLAHLAC0801/ESMMASK_epitope_FT_25_0.001_1e-06_AUG_3_HLAC0801_2.pt
765,ESMMASK_epitope_FT_25_0.001_5e-05_AUG_3_HLAC0801_1_per_token_metrics.csv,C0801,inf,/global/scratch/users/sergiomar10/models/ESMC_Pretrain/HLAHLAC0801/ESMMASK_epitope_FT_25_0.001_5e-05_AUG_3_HLAC0801_1.pt
754,ESMMASK_epitope_FT_15_0.001_5e-05_AUG_1_HLAC0303_2_per_token_metrics.csv,C0303,inf,/global/scratch/users/sergiomar10/models/ESMC_Pretrain/HLAHLAC0303/ESMMASK_epitope_FT_15_0.001_5e-05_AUG_1_HLAC0303_2.pt
760,ESMMASK_epitope_FT_15_0.001_1e-06_AUG_3_HLAC0801_2_per_token_metrics.csv,C0801,inf,/global/scratch/users/sergiomar10/models/ESMC_Pretrain/HLAHLAC0801/ESMMASK_epitope_FT_15_0.001_1e-06_AUG_3_HLAC0801_2.pt
761,ESMMASK_epitope_FT_15_0.001_5e-05_AUG_6_HLAC0801_1_per_token_metrics.csv,C0801,inf,/global/scratch/users/sergiomar10/models/ESMC_Pretrain/HLAHLAC0801/ESMMASK_epitope_FT_15_0.001_5e-05_AUG_6_HLAC0801_1.pt
1271,ESMMASK_epitope_FT_15_0.001_5e-05_AUG_3_HLAA0250_2_per_token_metrics.csv,A0250,inf,/global/scratch/users/sergiomar10/models/ESMC_Pretrain/HLAHLAA0250/ESMMASK_epitope_FT_15_0.001_5e-05_AUG_3_HLAA0250_2.pt
1272,ESMMASK_epitope_FT_25_0.001_1e-06_AUG_1_HLAA0250_1_per_token_metrics.csv,A0250,inf,/global/scratch/users/sergiomar10/models/ESMC_Pretrain/HLAHLAA0250/ESMMASK_epitope_FT_25_0.001_1e-06_AUG_1_HLAA0250_1.pt
1273,ESMMASK_epitope_FT_25_0.001_1e-06_AUG_1_HLAA0250_2_per_token_metrics.csv,A0250,inf,/global/scratch/users/sergiomar10/models/ESMC_Pretrain/HLAHLAA0250/ESMMASK_epitope_FT_25_0.001_1e-06_AUG_1_HLAA0250_2.pt
730,ESMMASK_epitope_FT_25_0.001_1e-06_AUG_6_HLAB5703_2_per_token_metrics.csv,B5703,inf,/global/scratch/users/sergiomar10/models/ESMC_Pretrain/HLAHLAB5703/ESMMASK_epitope_FT_25_0.001_1e-06_AUG_6_HLAB5703_2.pt
722,ESMMASK_epitope_FT_15_0.001_1e-06_AUG_3_HLAB5703_1_per_token_metrics.csv,B5703,inf,/global/scratch/users/sergiomar10/models/ESMC_Pretrain/HLAHLAB5703/ESMMASK_epitope_FT_15_0.001_1e-06_AUG_3_HLAB5703_1.pt
723,ESMMASK_epitope_FT_15_0.001_5e-05_AUG_3_HLAB5703_1_per_token_metrics.csv,B5703,inf,/global/scratch/users/sergiomar10/models/ESMC_Pretrain/HLAHLAB5703/ESMMASK_epitope_FT_15_0.001_5e-05_AUG_3_HLAB5703_1.pt
725,ESMMASK_epitope_FT_20_0.001_1e-06_AUG_3_HLAB5703_2_per_token_metrics.csv,B5703,inf,/global/scratch/users/sergiomar10/models/ESMC_Pretrain/HLAHLAB5703/ESMMASK_epitope_FT_20_0.001_1e-06_AUG_3_HLAB5703_2.pt
726,ESMMASK_epitope_FT_20_0.001_5e-05_AUG_1_HLAB5703_2_per_token_metrics.csv,B5703,inf,/global/scratch/users/sergiomar10/models/ESMC_Pretrain/HLAHLAB5703/ESMMASK_epitope_FT_20_0.001_5e-05_AUG_1_HLAB5703_2.pt
727,ESMMASK_epitope_FT_20_0.001_5e-05_AUG_3_HLAB5703_1_per_token_metrics.csv,B5703,inf,/global/scratch/users/sergiomar10/models/ESMC_Pretrain/HLAHLAB5703/ESMMASK_epitope_FT_20_0.001_5e-05_AUG_3_HLAB5703_1.pt
728,ESMMASK_epitope_FT_25_0.001_1e-06_AUG_1_HLAB5703_2_per_token_metrics.csv,B5703,inf,/global/scratch/users/sergiomar10/models/ESMC_Pretrain/HLAHLAB5703/ESMMASK_epitope_FT_25_0.001_1e-06_AUG_1_HLAB5703_2.pt
729,ESMMASK_epitope_FT_25_0.001_1e-06_AUG_3_HLAB5703_2_per_token_metrics.csv,B5703,inf,/global/scratch/users/sergiomar10/models/ESMC_Pretrain/HLAHLAB5703/ESMMASK_epitope_FT_25_0.001_1e-06_AUG_3_HLAB5703_2.pt
1299,ESMMASK_epitope_FT_15_0.001_5e-05_AUG_1_HLAA8001_2_per_token_metrics.csv,A8001,inf,/global/scratch/users/sergiomar10/models/ESMC_Pretrain/HLAHLAA8001/ESMMASK_epitope_FT_15_0.001_5e-05_AUG_1_HLAA8001_2.pt
1301,ESMMASK_epitope_FT_20_0.001_5e-05_AUG_1_HLAA8001_1_per_token_metrics.csv,A8001,inf,/global/scratch/users/sergiomar10/models/ESMC_Pretrain/HLAHLAA8001/ESMMASK_epitope_FT_20_0.001_5e-05_AUG_1_HLAA8001_1.pt
670,ESMMASK_epitope_FT_15_0.001_5e-05_AUG_6_HLAA6901_2_per_token_metrics.csv,A6901,inf,/global/scratch/users/sergiomar10/models/ESMC_Pretrain/HLAHLAA6901/ESMMASK_epitope_FT_15_0.001_5e-05_AUG_6_HLAA6901_2.pt
610,ESMMASK_epitope_FT_20_0.001_5e-05_AUG_3_HLAA6812_2_per_token_metrics.csv,A6812,inf,/global/scratch/users/sergiomar10/models/ESMC_Pretrain/HLAHLAA6812/ESMMASK_epitope_FT_20_0.001_5e-05_AUG_3_HLAA6812_2.pt
611,ESMMASK_epitope_FT_20_0.001_5e-05_AUG_6_HLAA6812_1_per_token_metrics.csv,A6812,inf,/global/scratch/users/sergiomar10/models/ESMC_Pretrain/HLAHLAA6812/ESMMASK_epitope_FT_20_0.001_5e-05_AUG_6_HLAA6812_1.pt
612,ESMMASK_epitope_FT_25_0.001_5e-05_AUG_3_HLAA6812_1_per_token_metrics.csv,A6812,inf,/global/scratch/users/sergiomar10/models/ESMC_Pretrain/HLAHLAA6812/ESMMASK_epitope_FT_25_0.001_5e-05_AUG_3_HLAA6812_1.pt
613,ESMMASK_epitope_FT_25_0.001_5e-05_AUG_6_HLAA6812_2_per_token_metrics.csv,A6812,inf,/global/scratch/users/sergiomar10/models/ESMC_Pretrain/HLAHLAA6812/ESMMASK_epitope_FT_25_0.001_5e-05_AUG_6_HLAA6812_2.pt
616,ESMMASK_epitope_FT_20_0.001_1e-06_AUG_1_HLAC0802_2_per_token_metrics.csv,C0802,inf,/global/scratch/users/sergiomar10/models/ESMC_Pretrain/HLAHLAC0802/ESMMASK_epitope_FT_20_0.001_1e-06_AUG_1_HLAC0802_2.pt
1327,ESMMASK_epitope_FT_20_0.001_5e-05_AUG_1_HLAB4506_2_per_token_metrics.csv,B4506,inf,/global/scratch/users/sergiomar10/models/ESMC_Pretrain/HLAHLAB4506/ESMMASK_epitope_FT_20_0.001_5e-05_AUG_1_HLAB4506_2.pt
1314,ESMMASK_epitope_FT_15_0.001_1e-06_AUG_1_HLAA0217_2_per_token_metrics.csv,A0217,inf,/global/scratch/users/sergiomar10/models/ESMC_Pretrain/HLAHLAA0217/ESMMASK_epitope_FT_15_0.001_1e-06_AUG_1_HLAA0217_2.pt
1315,ESMMASK_epitope_FT_15_0.001_1e-06_AUG_3_HLAA0217_1_per_token_metrics.csv,A0217,inf,/global/scratch/users/sergiomar10/models/ESMC_Pretrain/HLAHLAA0217/ESMMASK_epitope_FT_15_0.001_1e-06_AUG_3_HLAA0217_1.pt
605,ESMMASK_epitope_FT_15_0.001_1e-06_AUG_1_HLAA6812_1_per_token_metrics.csv,A6812,inf,/global/scratch/users/sergiomar10/models/ESMC_Pretrain/HLAHLAA6812/ESMMASK_epitope_FT_15_0.001_1e-06_AUG_1_HLAA6812_1.pt
606,ESMMASK_epitope_FT_15_0.001_1e-06_AUG_3_HLAA6812_2_per_token_metrics.csv,A6812,inf,/global/scratch/users/sergiomar10/models/ESMC_Pretrain/HLAHLAA6812/ESMMASK_epitope_FT_15_0.001_1e-06_AUG_3_HLAA6812_2.pt
607,ESMMASK_epitope_FT_15_0.001_5e-05_AUG_6_HLAA6812_2_per_token_metrics.csv,A6812,inf,/global/scratch/users/sergiomar10/models/ESMC_Pretrain/HLAHLAA6812/ESMMASK_epitope_FT_15_0.001_5e-05_AUG_6_HLAA6812_2.pt
608,ESMMASK_epitope_FT_20_0.001_1e-06_AUG_1_HLAA6812_1_per_token_metrics.csv,A6812,inf,/global/scratch/users/sergiomar10/models/ESMC_Pretrain/HLAHLAA6812/ESMMASK_epitope_FT_20_0.001_1e-06_AUG_1_HLAA6812_1.pt
594,ESMMASK_epitope_FT_15_0.001_1e-06_AUG_1_HLAA3303_1_per_token_metrics.csv,A3303,inf,/global/scratch/users/sergiomar10/models/ESMC_Pretrain/HLAHLAA3303/ESMMASK_epitope_FT_15_0.001_1e-06_AUG_1_HLAA3303_1.pt
595,ESMMASK_epitope_FT_15_0.001_1e-06_AUG_3_HLAA3303_2_per_token_metrics.csv,A3303,inf,/global/scratch/users/sergiomar10/models/ESMC_Pretrain/HLAHLAA3303/ESMMASK_epitope_FT_15_0.001_1e-06_AUG_3_HLAA3303_2.pt
596,ESMMASK_epitope_FT_15_0.001_5e-05_AUG_6_HLAA3303_1_per_token_metrics.csv,A3303,inf,/global/scratch/users/sergiomar10/models/ESMC_Pretrain/HLAHLAA3303/ESMMASK_epitope_FT_15_0.001_5e-05_AUG_6_HLAA3303_1.pt
600,ESMMASK_epitope_FT_25_0.001_1e-06_AUG_1_HLAA3303_1_per_token_metrics.csv,A3303,inf,/global/scratch/users/sergiomar10/models/ESMC_Pretrain/HLAHLAA3303/ESMMASK_epitope_FT_25_0.001_1e-06_AUG_1_HLAA3303_1.pt
601,ESMMASK_epitope_FT_25_0.001_1e-06_AUG_3_HLAA3303_1_per_token_metrics.csv,A3303,inf,/global/scratch/users/sergiomar10/models/ESMC_Pretrain/HLAHLAA3303/ESMMASK_epitope_FT_25_0.001_1e-06_AUG_3_HLAA3303_1.pt
588,ESMMASK_epitope_FT_15_0.001_1e-06_AUG_1_HLAB4405_2_per_token_metrics.csv,B4405,inf,/global/scratch/users/sergiomar10/models/ESMC_Pretrain/HLAHLAB4405/ESMMASK_epitope_FT_15_0.001_1e-06_AUG_1_HLAB4405_2.pt
589,ESMMASK_epitope_FT_15_0.001_5e-05_AUG_1_HLAB4405_1_per_token_metrics.csv,B4405,inf,/global/scratch/users/sergiomar10/models/ESMC_Pretrain/HLAHLAB4405/ESMMASK_epitope_FT_15_0.001_5e-05_AUG_1_HLAB4405_1.pt
590,ESMMASK_epitope_FT_15_0.001_5e-05_AUG_3_HLAB4405_2_per_token_metrics.csv,B4405,inf,/global/scratch/users/sergiomar10/models/ESMC_Pretrain/HLAHLAB4405/ESMMASK_epitope_FT_15_0.001_5e-05_AUG_3_HLAB4405_2.pt
591,ESMMASK_epitope_FT_15_0.001_5e-05_AUG_6_HLAB4405_2_per_token_metrics.csv,B4405,inf,/global/scratch/users/sergiomar10/models/ESMC_Pretrain/HLAHLAB4405/ESMMASK_epitope_FT_15_0.001_5e-05_AUG_6_HLAB4405_2.pt
593,ESMMASK_epitope_FT_20_0.001_5e-05_AUG_6_HLAB4405_2_per_token_metrics.csv,B4405,inf,/global/scratch/users/sergiomar10/models/ESMC_Pretrain/HLAHLAB4405/ESMMASK_epitope_FT_20_0.001_5e-05_AUG_6_HLAB4405_2.pt
580,ESMMASK_epitope_FT_15_0.001_5e-05_AUG_3_HLAA0211_2_per_token_metrics.csv,A0211,inf,/global/scratch/users/sergiomar10/models/ESMC_Pretrain/HLAHLAA0211/ESMMASK_epitope_FT_15_0.001_5e-05_AUG_3_HLAA0211_2.pt
572,ESMMASK_epitope_FT_15_0.001_1e-06_AUG_3_HLAB2705_2_per_token_metrics.csv,B2705,inf,/global/scratch/users/sergiomar10/models/ESMC_Pretrain/HLAHLAB2705/ESMMASK_epitope_FT_15_0.001_1e-06_AUG_3_HLAB2705_2.pt
560,ESMMASK_epitope_FT_25_0.001_5e-05_AUG_6_HLAA0219_2_per_token_metrics.csv,A0219,inf,/global/scratch/users/sergiomar10/models/ESMC_Pretrain/HLAHLAA0219/ESMMASK_epitope_FT_25_0.001_5e-05_AUG_6_HLAA0219_2.pt
543,ESMMASK_epitope_FT_15_0.001_5e-05_AUG_6_HLAB1542_2_per_token_metrics.csv,B1542,inf,/global/scratch/users/sergiomar10/models/ESMC_Pretrain/HLAHLAB1542/ESMMASK_epitope_FT_15_0.001_5e-05_AUG_6_HLAB1542_2.pt
530,ESMMASK_epitope_FT_25_0.001_1e-06_AUG_6_HLAB0802_2_per_token_metrics.csv,B0802,inf,/global/scratch/users/sergiomar10/models/ESMC_Pretrain/HLAHLAB0802/ESMMASK_epitope_FT_25_0.001_1e-06_AUG_6_HLAB0802_2.pt
522,ESMMASK_epitope_FT_15_0.001_1e-06_AUG_1_HLAB0802_1_per_token_metrics.csv,B0802,inf,/global/scratch/users/sergiomar10/models/ESMC_Pretrain/HLAHLAB0802/ESMMASK_epitope_FT_15_0.001_1e-06_AUG_1_HLAB0802_1.pt
523,ESMMASK_epitope_FT_15_0.001_1e-06_AUG_3_HLAB0802_2_per_token_metrics.csv,B0802,inf,/global/scratch/users/sergiomar10/models/ESMC_Pretrain/HLAHLAB0802/ESMMASK_epitope_FT_15_0.001_1e-06_AUG_3_HLAB0802_2.pt
524,ESMMASK_epitope_FT_15_0.001_1e-06_AUG_6_HLAB0802_2_per_token_metrics.csv,B0802,inf,/global/scratch/users/sergiomar10/models/ESMC_Pretrain/HLAHLAB0802/ESMMASK_epitope_FT_15_0.001_1e-06_AUG_6_HLAB0802_2.pt
525,ESMMASK_epitope_FT_15_0.001_5e-05_AUG_3_HLAB0802_1_per_token_metrics.csv,B0802,inf,/global/scratch/users/sergiomar10/models/ESMC_Pretrain/HLAHLAB0802/ESMMASK_epitope_FT_15_0.001_5e-05_AUG_3_HLAB0802_1.pt
526,ESMMASK_epitope_FT_15_0.001_5e-05_AUG_6_HLAB0802_1_per_token_metrics.csv,B0802,inf,/global/scratch/users/sergiomar10/models/ESMC_Pretrain/HLAHLAB0802/ESMMASK_epitope_FT_15_0.001_5e-05_AUG_6_HLAB0802_1.pt
528,ESMMASK_epitope_FT_20_0.001_1e-06_AUG_6_HLAB0802_2_per_token_metrics.csv,B0802,inf,/global/scratch/users/sergiomar10/models/ESMC_Pretrain/HLAHLAB0802/ESMMASK_epitope_FT_20_0.001_1e-06_AUG_6_HLAB0802_2.pt
529,ESMMASK_epitope_FT_20_0.001_5e-05_AUG_3_HLAB0802_1_per_token_metrics.csv,B0802,inf,/global/scratch/users/sergiomar10/models/ESMC_Pretrain/HLAHLAB0802/ESMMASK_epitope_FT_20_0.001_5e-05_AUG_3_HLAB0802_1.pt
514,ESMMASK_epitope_FT_20_0.001_1e-06_AUG_1_HLAB3909_1_per_token_metrics.csv,B3909,inf,/global/scratch/users/sergiomar10/models/ESMC_Pretrain/HLAHLAB3909/ESMMASK_epitope_FT_20_0.001_1e-06_AUG_1_HLAB3909_1.pt
516,ESMMASK_epitope_FT_20_0.001_5e-05_AUG_1_HLAB3909_2_per_token_metrics.csv,B3909,inf,/global/scratch/users/sergiomar10/models/ESMC_Pretrain/HLAHLAB3909/ESMMASK_epitope_FT_20_0.001_5e-05_AUG_1_HLAB3909_2.pt
517,ESMMASK_epitope_FT_20_0.001_5e-05_AUG_3_HLAB3909_1_per_token_metrics.csv,B3909,inf,/global/scratch/users/sergiomar10/models/ESMC_Pretrain/HLAHLAB3909/ESMMASK_epitope_FT_20_0.001_5e-05_AUG_3_HLAB3909_1.pt
518,ESMMASK_epitope_FT_25_0.001_1e-06_AUG_6_HLAB3909_1_per_token_metrics.csv,B3909,inf,/global/scratch/users/sergiomar10/models/ESMC_Pretrain/HLAHLAB3909/ESMMASK_epitope_FT_25_0.001_1e-06_AUG_6_HLAB3909_1.pt
519,ESMMASK_epitope_FT_25_0.001_5e-05_AUG_1_HLAB3909_1_per_token_metrics.csv,B3909,inf,/global/scratch/users/sergiomar10/models/ESMC_Pretrain/HLAHLAB3909/ESMMASK_epitope_FT_25_0.001_5e-05_AUG_1_HLAB3909_1.pt
520,ESMMASK_epitope_FT_25_0.001_5e-05_AUG_3_HLAB3909_1_per_token_metrics.csv,B3909,inf,/global/scratch/users/sergiomar10/models/ESMC_Pretrain/HLAHLAB3909/ESMMASK_epitope_FT_25_0.001_5e-05_AUG_3_HLAB3909_1.pt
521,ESMMASK_epitope_FT_25_0.001_5e-05_AUG_6_HLAB3909_1_per_token_metrics.csv,B3909,inf,/global/scratch/users/sergiomar10/models/ESMC_Pretrain/HLAHLAB3909/ESMMASK_epitope_FT_25_0.001_5e-05_AUG_6_HLAB3909_1.pt
512,ESMMASK_epitope_FT_15_0.001_1e-06_AUG_1_HLAB3909_1_per_token_metrics.csv,B3909,inf,/global/scratch/users/sergiomar10/models/ESMC_Pretrain/HLAHLAB3909/ESMMASK_epitope_FT_15_0.001_1e-06_AUG_1_HLAB3909_1.pt
513,ESMMASK_epitope_FT_15_0.001_1e-06_AUG_6_HLAB3909_2_per_token_metrics.csv,B3909,inf,/global/scratch/users/sergiomar10/models/ESMC_Pretrain/HLAHLAB3909/ESMMASK_epitope_FT_15_0.001_1e-06_AUG_6_HLAB3909_2.pt
501,ESMMASK_epitope_FT_25_0.001_5e-05_AUG_6_HLAB4801_2_per_token_metrics.csv,B4801,inf,/global/scratch/users/sergiomar10/models/ESMC_Pretrain/HLAHLAB4801/ESMMASK_epitope_FT_25_0.001_5e-05_AUG_6_HLAB4801_2.pt
492,ESMMASK_epitope_FT_20_0.001_1e-06_AUG_3_HLAB4801_2_per_token_metrics.csv,B4801,inf,/global/scratch/users/sergiomar10/models/ESMC_Pretrain/HLAHLAB4801/ESMMASK_epitope_FT_20_0.001_1e-06_AUG_3_HLAB4801_2.pt
493,ESMMASK_epitope_FT_20_0.001_1e-06_AUG_6_HLAB4801_1_per_token_metrics.csv,B4801,inf,/global/scratch/users/sergiomar10/models/ESMC_Pretrain/HLAHLAB4801/ESMMASK_epitope_FT_20_0.001_1e-06_AUG_6_HLAB4801_1.pt
474,ESMMASK_epitope_FT_25_0.001_5e-05_AUG_1_HLAB0803_1_per_token_metrics.csv,B0803,inf,/global/scratch/users/sergiomar10/models/ESMC_Pretrain/HLAHLAB0803/ESMMASK_epitope_FT_25_0.001_5e-05_AUG_1_HLAB0803_1.pt
475,ESMMASK_epitope_FT_25_0.001_5e-05_AUG_1_HLAB0803_2_per_token_metrics.csv,B0803,inf,/global/scratch/users/sergiomar10/models/ESMC_Pretrain/HLAHLAB0803/ESMMASK_epitope_FT_25_0.001_5e-05_AUG_1_HLAB0803_2.pt
476,ESMMASK_epitope_FT_25_0.001_5e-05_AUG_6_HLAB0803_2_per_token_metrics.csv,B0803,inf,/global/scratch/users/sergiomar10/models/ESMC_Pretrain/HLAHLAB0803/ESMMASK_epitope_FT_25_0.001_5e-05_AUG_6_HLAB0803_2.pt
480,ESMMASK_epitope_FT_20_0.001_1e-06_AUG_1_HLAA0202_1_per_token_metrics.csv,A0202,inf,/global/scratch/users/sergiomar10/models/ESMC_Pretrain/HLAHLAA0202/ESMMASK_epitope_FT_20_0.001_1e-06_AUG_1_HLAA0202_1.pt
468,ESMMASK_epitope_FT_15_0.001_1e-06_AUG_1_HLAB0803_1_per_token_metrics.csv,B0803,inf,/global/scratch/users/sergiomar10/models/ESMC_Pretrain/HLAHLAB0803/ESMMASK_epitope_FT_15_0.001_1e-06_AUG_1_HLAB0803_1.pt
469,ESMMASK_epitope_FT_20_0.001_1e-06_AUG_6_HLAB0803_2_per_token_metrics.csv,B0803,inf,/global/scratch/users/sergiomar10/models/ESMC_Pretrain/HLAHLAB0803/ESMMASK_epitope_FT_20_0.001_1e-06_AUG_6_HLAB0803_2.pt
470,ESMMASK_epitope_FT_20_0.001_5e-05_AUG_6_HLAB0803_2_per_token_metrics.csv,B0803,inf,/global/scratch/users/sergiomar10/models/ESMC_Pretrain/HLAHLAB0803/ESMMASK_epitope_FT_20_0.001_5e-05_AUG_6_HLAB0803_2.pt
471,ESMMASK_epitope_FT_25_0.001_1e-06_AUG_1_HLAB0803_1_per_token_metrics.csv,B0803,inf,/global/scratch/users/sergiomar10/models/ESMC_Pretrain/HLAHLAB0803/ESMMASK_epitope_FT_25_0.001_1e-06_AUG_1_HLAB0803_1.pt
472,ESMMASK_epitope_FT_25_0.001_1e-06_AUG_6_HLAB0803_1_per_token_metrics.csv,B0803,inf,/global/scratch/users/sergiomar10/models/ESMC_Pretrain/HLAHLAB0803/ESMMASK_epitope_FT_25_0.001_1e-06_AUG_6_HLAB0803_1.pt
473,ESMMASK_epitope_FT_25_0.001_1e-06_AUG_6_HLAB0803_2_per_token_metrics.csv,B0803,inf,/global/scratch/users/sergiomar10/models/ESMC_Pretrain/HLAHLAB0803/ESMMASK_epitope_FT_25_0.001_1e-06_AUG_6_HLAB0803_2.pt
463,ESMMASK_epitope_FT_20_0.001_1e-06_AUG_6_HLAA2601_2_per_token_metrics.csv,A2601,inf,/global/scratch/users/sergiomar10/models/ESMC_Pretrain/HLAHLAA2601/ESMMASK_epitope_FT_20_0.001_1e-06_AUG_6_HLAA2601_2.pt
1434,ESMMASK_epitope_FT_20_0.001_1e-06_AUG_6_HLAB4201_2_per_token_metrics.csv,B4201,inf,/global/scratch/users/sergiomar10/models/ESMC_Pretrain/HLAHLAB4201/ESMMASK_epitope_FT_20_0.001_1e-06_AUG_6_HLAB4201_2.pt
1435,ESMMASK_epitope_FT_25_0.001_1e-06_AUG_3_HLAB4201_1_per_token_metrics.csv,B4201,inf,/global/scratch/users/sergiomar10/models/ESMC_Pretrain/HLAHLAB4201/ESMMASK_epitope_FT_25_0.001_1e-06_AUG_3_HLAB4201_1.pt
1436,ESMMASK_epitope_FT_25_0.001_5e-05_AUG_1_HLAB4201_2_per_token_metrics.csv,B4201,inf,/global/scratch/users/sergiomar10/models/ESMC_Pretrain/HLAHLAB4201/ESMMASK_epitope_FT_25_0.001_5e-05_AUG_1_HLAB4201_2.pt
1437,ESMMASK_epitope_FT_25_0.001_5e-05_AUG_6_HLAB4201_2_per_token_metrics.csv,B4201,inf,/global/scratch/users/sergiomar10/models/ESMC_Pretrain/HLAHLAB4201/ESMMASK_epitope_FT_25_0.001_5e-05_AUG_6_HLAB4201_2.pt
1428,ESMMASK_epitope_FT_25_0.001_1e-06_AUG_3_HLAC1203_2_per_token_metrics.csv,C1203,inf,/global/scratch/users/sergiomar10/models/ESMC_Pretrain/HLAHLAC1203/ESMMASK_epitope_FT_25_0.001_1e-06_AUG_3_HLAC1203_2.pt
1431,ESMMASK_epitope_FT_15_0.001_5e-05_AUG_1_HLAB4201_1_per_token_metrics.csv,B4201,inf,/global/scratch/users/sergiomar10/models/ESMC_Pretrain/HLAHLAB4201/ESMMASK_epitope_FT_15_0.001_5e-05_AUG_1_HLAB4201_1.pt
1432,ESMMASK_epitope_FT_15_0.001_5e-05_AUG_3_HLAB4201_1_per_token_metrics.csv,B4201,inf,/global/scratch/users/sergiomar10/models/ESMC_Pretrain/HLAHLAB4201/ESMMASK_epitope_FT_15_0.001_5e-05_AUG_3_HLAB4201_1.pt
1433,ESMMASK_epitope_FT_20_0.001_1e-06_AUG_3_HLAB4201_2_per_token_metrics.csv,B4201,inf,/global/scratch/users/sergiomar10/models/ESMC_Pretrain/HLAHLAB4201/ESMMASK_epitope_FT_20_0.001_1e-06_AUG_3_HLAB4201_2.pt
1418,ESMMASK_epitope_FT_20_0.001_1e-06_AUG_1_HLAA6823_1_per_token_metrics.csv,A6823,inf,/global/scratch/users/sergiomar10/models/ESMC_Pretrain/HLAHLAA6823/ESMMASK_epitope_FT_20_0.001_1e-06_AUG_1_HLAA6823_1.pt
1420,ESMMASK_epitope_FT_20_0.001_5e-05_AUG_3_HLAA6823_2_per_token_metrics.csv,A6823,inf,/global/scratch/users/sergiomar10/models/ESMC_Pretrain/HLAHLAA6823/ESMMASK_epitope_FT_20_0.001_5e-05_AUG_3_HLAA6823_2.pt
1423,ESMMASK_epitope_FT_25_0.001_5e-05_AUG_1_HLAA6823_2_per_token_metrics.csv,A6823,inf,/global/scratch/users/sergiomar10/models/ESMC_Pretrain/HLAHLAA6823/ESMMASK_epitope_FT_25_0.001_5e-05_AUG_1_HLAA6823_2.pt
1415,ESMMASK_epitope_FT_15_0.001_1e-06_AUG_6_HLAA6823_2_per_token_metrics.csv,A6823,inf,/global/scratch/users/sergiomar10/models/ESMC_Pretrain/HLAHLAA6823/ESMMASK_epitope_FT_15_0.001_1e-06_AUG_6_HLAA6823_2.pt
1466,ESMMASK_epitope_FT_15_0.001_1e-06_AUG_1_HLAB2706_2_per_token_metrics.csv,B2706,inf,/global/scratch/users/sergiomar10/models/ESMC_Pretrain/HLAHLAB2706/ESMMASK_epitope_FT_15_0.001_1e-06_AUG_1_HLAB2706_2.pt
1467,ESMMASK_epitope_FT_15_0.001_1e-06_AUG_3_HLAB2706_1_per_token_metrics.csv,B2706,inf,/global/scratch/users/sergiomar10/models/ESMC_Pretrain/HLAHLAB2706/ESMMASK_epitope_FT_15_0.001_1e-06_AUG_3_HLAB2706_1.pt
1468,ESMMASK_epitope_FT_15_0.001_1e-06_AUG_6_HLAB2706_2_per_token_metrics.csv,B2706,inf,/global/scratch/users/sergiomar10/models/ESMC_Pretrain/HLAHLAB2706/ESMMASK_epitope_FT_15_0.001_1e-06_AUG_6_HLAB2706_2.pt
1470,ESMMASK_epitope_FT_15_0.001_5e-05_AUG_3_HLAB2706_2_per_token_metrics.csv,B2706,inf,/global/scratch/users/sergiomar10/models/ESMC_Pretrain/HLAHLAB2706/ESMMASK_epitope_FT_15_0.001_5e-05_AUG_3_HLAB2706_2.pt
1473,ESMMASK_epitope_FT_25_0.001_1e-06_AUG_3_HLAB2706_2_per_token_metrics.csv,B2706,inf,/global/scratch/users/sergiomar10/models/ESMC_Pretrain/HLAHLAB2706/ESMMASK_epitope_FT_25_0.001_1e-06_AUG_3_HLAB2706_2.pt
378,ESMMASK_epitope_FT_25_0.001_1e-06_AUG_1_HLAB1402_1_per_token_metrics.csv,B1402,inf,/global/scratch/users/sergiomar10/models/ESMC_Pretrain/HLAHLAB1402/ESMMASK_epitope_FT_25_0.001_1e-06_AUG_1_HLAB1402_1.pt
372,ESMMASK_epitope_FT_15_0.001_1e-06_AUG_1_HLAB1402_2_per_token_metrics.csv,B1402,inf,/global/scratch/users/sergiomar10/models/ESMC_Pretrain/HLAHLAB1402/ESMMASK_epitope_FT_15_0.001_1e-06_AUG_1_HLAB1402_2.pt
377,ESMMASK_epitope_FT_20_0.001_5e-05_AUG_6_HLAB1402_1_per_token_metrics.csv,B1402,inf,/global/scratch/users/sergiomar10/models/ESMC_Pretrain/HLAHLAB1402/ESMMASK_epitope_FT_20_0.001_5e-05_AUG_6_HLAB1402_1.pt
1500,ESMMASK_epitope_FT_20_0.001_1e-06_AUG_3_HLAA3003_1_per_token_metrics.csv,A3003,inf,/global/scratch/users/sergiomar10/models/ESMC_Pretrain/HLAHLAA3003/ESMMASK_epitope_FT_20_0.001_1e-06_AUG_3_HLAA3003_1.pt
1501,ESMMASK_epitope_FT_20_0.001_1e-06_AUG_6_HLAA3003_1_per_token_metrics.csv,A3003,inf,/global/scratch/users/sergiomar10/models/ESMC_Pretrain/HLAHLAA3003/ESMMASK_epitope_FT_20_0.001_1e-06_AUG_6_HLAA3003_1.pt
1502,ESMMASK_epitope_FT_20_0.001_5e-05_AUG_1_HLAA3003_1_per_token_metrics.csv,A3003,inf,/global/scratch/users/sergiomar10/models/ESMC_Pretrain/HLAHLAA3003/ESMMASK_epitope_FT_20_0.001_5e-05_AUG_1_HLAA3003_1.pt
1503,ESMMASK_epitope_FT_20_0.001_5e-05_AUG_1_HLAA3003_2_per_token_metrics.csv,A3003,inf,/global/scratch/users/sergiomar10/models/ESMC_Pretrain/HLAHLAA3003/ESMMASK_epitope_FT_20_0.001_5e-05_AUG_1_HLAA3003_2.pt
1504,ESMMASK_epitope_FT_25_0.001_1e-06_AUG_1_HLAA3003_1_per_token_metrics.csv,A3003,inf,/global/scratch/users/sergiomar10/models/ESMC_Pretrain/HLAHLAA3003/ESMMASK_epitope_FT_25_0.001_1e-06_AUG_1_HLAA3003_1.pt
1505,ESMMASK_epitope_FT_25_0.001_5e-05_AUG_1_HLAA3003_1_per_token_metrics.csv,A3003,inf,/global/scratch/users/sergiomar10/models/ESMC_Pretrain/HLAHLAA3003/ESMMASK_epitope_FT_25_0.001_5e-05_AUG_1_HLAA3003_1.pt
1490,ESMMASK_epitope_FT_20_0.001_1e-06_AUG_1_HLAB3701_1_per_token_metrics.csv,B3701,inf,/global/scratch/users/sergiomar10/models/ESMC_Pretrain/HLAHLAB3701/ESMMASK_epitope_FT_20_0.001_1e-06_AUG_1_HLAB3701_1.pt
1491,ESMMASK_epitope_FT_20_0.001_1e-06_AUG_1_HLAB3701_2_per_token_metrics.csv,B3701,inf,/global/scratch/users/sergiomar10/models/ESMC_Pretrain/HLAHLAB3701/ESMMASK_epitope_FT_20_0.001_1e-06_AUG_1_HLAB3701_2.pt
1492,ESMMASK_epitope_FT_20_0.001_1e-06_AUG_6_HLAB3701_1_per_token_metrics.csv,B3701,inf,/global/scratch/users/sergiomar10/models/ESMC_Pretrain/HLAHLAB3701/ESMMASK_epitope_FT_20_0.001_1e-06_AUG_6_HLAB3701_1.pt
1493,ESMMASK_epitope_FT_20_0.001_1e-06_AUG_6_HLAB3701_2_per_token_metrics.csv,B3701,inf,/global/scratch/users/sergiomar10/models/ESMC_Pretrain/HLAHLAB3701/ESMMASK_epitope_FT_20_0.001_1e-06_AUG_6_HLAB3701_2.pt
1494,ESMMASK_epitope_FT_25_0.001_1e-06_AUG_3_HLAB3701_1_per_token_metrics.csv,B3701,inf,/global/scratch/users/sergiomar10/models/ESMC_Pretrain/HLAHLAB3701/ESMMASK_epitope_FT_25_0.001_1e-06_AUG_3_HLAB3701_1.pt
1495,ESMMASK_epitope_FT_25_0.001_5e-05_AUG_3_HLAB3701_2_per_token_metrics.csv,B3701,inf,/global/scratch/users/sergiomar10/models/ESMC_Pretrain/HLAHLAB3701/ESMMASK_epitope_FT_25_0.001_5e-05_AUG_3_HLAB3701_2.pt
1496,ESMMASK_epitope_FT_15_0.001_1e-06_AUG_1_HLAA3003_1_per_token_metrics.csv,A3003,inf,/global/scratch/users/sergiomar10/models/ESMC_Pretrain/HLAHLAA3003/ESMMASK_epitope_FT_15_0.001_1e-06_AUG_1_HLAA3003_1.pt
1497,ESMMASK_epitope_FT_15_0.001_1e-06_AUG_3_HLAA3003_1_per_token_metrics.csv,A3003,inf,/global/scratch/users/sergiomar10/models/ESMC_Pretrain/HLAHLAA3003/ESMMASK_epitope_FT_15_0.001_1e-06_AUG_3_HLAA3003_1.pt
1488,ESMMASK_epitope_FT_15_0.001_1e-06_AUG_6_HLAB3701_2_per_token_metrics.csv,B3701,inf,/global/scratch/users/sergiomar10/models/ESMC_Pretrain/HLAHLAB3701/ESMMASK_epitope_FT_15_0.001_1e-06_AUG_6_HLAB3701_2.pt
1489,ESMMASK_epitope_FT_15_0.001_5e-05_AUG_1_HLAB3701_2_per_token_metrics.csv,B3701,inf,/global/scratch/users/sergiomar10/models/ESMC_Pretrain/HLAHLAB3701/ESMMASK_epitope_FT_15_0.001_5e-05_AUG_1_HLAB3701_2.pt
330,ESMMASK_epitope_FT_25_0.001_5e-05_AUG_1_HLAB4013_2_per_token_metrics.csv,B4013,inf,/global/scratch/users/sergiomar10/models/ESMC_Pretrain/HLAHLAB4013/ESMMASK_epitope_FT_25_0.001_5e-05_AUG_1_HLAB4013_2.pt
331,ESMMASK_epitope_FT_15_0.001_5e-05_AUG_6_HLAB3503_2_per_token_metrics.csv,B3503,inf,/global/scratch/users/sergiomar10/models/ESMC_Pretrain/HLAHLAB3503/ESMMASK_epitope_FT_15_0.001_5e-05_AUG_6_HLAB3503_2.pt
332,ESMMASK_epitope_FT_25_0.001_1e-06_AUG_3_HLAB3503_1_per_token_metrics.csv,B3503,inf,/global/scratch/users/sergiomar10/models/ESMC_Pretrain/HLAHLAB3503/ESMMASK_epitope_FT_25_0.001_1e-06_AUG_3_HLAB3503_1.pt
333,ESMMASK_epitope_FT_25_0.001_1e-06_AUG_3_HLAB3503_2_per_token_metrics.csv,B3503,inf,/global/scratch/users/sergiomar10/models/ESMC_Pretrain/HLAHLAB3503/ESMMASK_epitope_FT_25_0.001_1e-06_AUG_3_HLAB3503_2.pt
334,ESMMASK_epitope_FT_25_0.001_5e-05_AUG_3_HLAB3503_2_per_token_metrics.csv,B3503,inf,/global/scratch/users/sergiomar10/models/ESMC_Pretrain/HLAHLAB3503/ESMMASK_epitope_FT_25_0.001_5e-05_AUG_3_HLAB3503_2.pt
335,ESMMASK_epitope_FT_25_0.001_5e-05_AUG_6_HLAB3503_2_per_token_metrics.csv,B3503,inf,/global/scratch/users/sergiomar10/models/ESMC_Pretrain/HLAHLAB3503/ESMMASK_epitope_FT_25_0.001_5e-05_AUG_6_HLAB3503_2.pt
322,ESMMASK_epitope_FT_25_0.001_5e-05_AUG_3_HLAA2603_2_per_token_metrics.csv,A2603,inf,/global/scratch/users/sergiomar10/models/ESMC_Pretrain/HLAHLAA2603/ESMMASK_epitope_FT_25_0.001_5e-05_AUG_3_HLAA2603_2.pt
323,ESMMASK_epitope_FT_25_0.001_5e-05_AUG_6_HLAA2603_1_per_token_metrics.csv,A2603,inf,/global/scratch/users/sergiomar10/models/ESMC_Pretrain/HLAHLAA2603/ESMMASK_epitope_FT_25_0.001_5e-05_AUG_6_HLAA2603_1.pt
329,ESMMASK_epitope_FT_25_0.001_1e-06_AUG_3_HLAB4013_2_per_token_metrics.csv,B4013,inf,/global/scratch/users/sergiomar10/models/ESMC_Pretrain/HLAHLAB4013/ESMMASK_epitope_FT_25_0.001_1e-06_AUG_3_HLAB4013_2.pt
1522,ESMMASK_epitope_FT_20_0.001_5e-05_AUG_6_HLAA0319_1_per_token_metrics.csv,A0319,inf,/global/scratch/users/sergiomar10/models/ESMC_Pretrain/HLAHLAA0319/ESMMASK_epitope_FT_20_0.001_5e-05_AUG_6_HLAA0319_1.pt
1524,ESMMASK_epitope_FT_25_0.001_5e-05_AUG_6_HLAA0319_1_per_token_metrics.csv,A0319,inf,/global/scratch/users/sergiomar10/models/ESMC_Pretrain/HLAHLAA0319/ESMMASK_epitope_FT_25_0.001_5e-05_AUG_6_HLAA0319_1.pt
1520,ESMMASK_epitope_FT_20_0.001_5e-05_AUG_1_HLAA0319_1_per_token_metrics.csv,A0319,inf,/global/scratch/users/sergiomar10/models/ESMC_Pretrain/HLAHLAA0319/ESMMASK_epitope_FT_20_0.001_5e-05_AUG_1_HLAA0319_1.pt
1521,ESMMASK_epitope_FT_20_0.001_5e-05_AUG_1_HLAA0319_2_per_token_metrics.csv,A0319,inf,/global/scratch/users/sergiomar10/models/ESMC_Pretrain/HLAHLAA0319/ESMMASK_epitope_FT_20_0.001_5e-05_AUG_1_HLAA0319_2.pt
1506,ESMMASK_epitope_FT_25_0.001_5e-05_AUG_3_HLAA3003_1_per_token_metrics.csv,A3003,inf,/global/scratch/users/sergiomar10/models/ESMC_Pretrain/HLAHLAA3003/ESMMASK_epitope_FT_25_0.001_5e-05_AUG_3_HLAA3003_1.pt
314,ESMMASK_epitope_FT_20_0.001_1e-06_AUG_1_HLAA2603_1_per_token_metrics.csv,A2603,inf,/global/scratch/users/sergiomar10/models/ESMC_Pretrain/HLAHLAA2603/ESMMASK_epitope_FT_20_0.001_1e-06_AUG_1_HLAA2603_1.pt
316,ESMMASK_epitope_FT_20_0.001_1e-06_AUG_3_HLAA2603_2_per_token_metrics.csv,A2603,inf,/global/scratch/users/sergiomar10/models/ESMC_Pretrain/HLAHLAA2603/ESMMASK_epitope_FT_20_0.001_1e-06_AUG_3_HLAA2603_2.pt
317,ESMMASK_epitope_FT_20_0.001_5e-05_AUG_3_HLAA2603_1_per_token_metrics.csv,A2603,inf,/global/scratch/users/sergiomar10/models/ESMC_Pretrain/HLAHLAA2603/ESMMASK_epitope_FT_20_0.001_5e-05_AUG_3_HLAA2603_1.pt
318,ESMMASK_epitope_FT_20_0.001_5e-05_AUG_6_HLAA2603_1_per_token_metrics.csv,A2603,inf,/global/scratch/users/sergiomar10/models/ESMC_Pretrain/HLAHLAA2603/ESMMASK_epitope_FT_20_0.001_5e-05_AUG_6_HLAA2603_1.pt
319,ESMMASK_epitope_FT_25_0.001_1e-06_AUG_3_HLAA2603_1_per_token_metrics.csv,A2603,inf,/global/scratch/users/sergiomar10/models/ESMC_Pretrain/HLAHLAA2603/ESMMASK_epitope_FT_25_0.001_1e-06_AUG_3_HLAA2603_1.pt
312,ESMMASK_epitope_FT_15_0.001_5e-05_AUG_1_HLAA2603_1_per_token_metrics.csv,A2603,inf,/global/scratch/users/sergiomar10/models/ESMC_Pretrain/HLAHLAA2603/ESMMASK_epitope_FT_15_0.001_5e-05_AUG_1_HLAA2603_1.pt
313,ESMMASK_epitope_FT_15_0.001_5e-05_AUG_3_HLAA2603_1_per_token_metrics.csv,A2603,inf,/global/scratch/users/sergiomar10/models/ESMC_Pretrain/HLAHLAA2603/ESMMASK_epitope_FT_15_0.001_5e-05_AUG_3_HLAA2603_1.pt
302,ESMMASK_epitope_FT_15_0.001_1e-06_AUG_3_HLAC0501_1_per_token_metrics.csv,C0501,inf,/global/scratch/users/sergiomar10/models/ESMC_Pretrain/HLAHLAC0501/ESMMASK_epitope_FT_15_0.001_1e-06_AUG_3_HLAC0501_1.pt
305,ESMMASK_epitope_FT_15_0.001_5e-05_AUG_6_HLAC0501_1_per_token_metrics.csv,C0501,inf,/global/scratch/users/sergiomar10/models/ESMC_Pretrain/HLAHLAC0501/ESMMASK_epitope_FT_15_0.001_5e-05_AUG_6_HLAC0501_1.pt
1539,ESMMASK_epitope_FT_15_0.001_1e-06_AUG_6_HLAA6601_1_per_token_metrics.csv,A6601,inf,/global/scratch/users/sergiomar10/models/ESMC_Pretrain/HLAHLAA6601/ESMMASK_epitope_FT_15_0.001_1e-06_AUG_6_HLAA6601_1.pt
1540,ESMMASK_epitope_FT_15_0.001_1e-06_AUG_6_HLAA6601_2_per_token_metrics.csv,A6601,inf,/global/scratch/users/sergiomar10/models/ESMC_Pretrain/HLAHLAA6601/ESMMASK_epitope_FT_15_0.001_1e-06_AUG_6_HLAA6601_2.pt
1542,ESMMASK_epitope_FT_15_0.001_5e-05_AUG_1_HLAA6601_2_per_token_metrics.csv,A6601,inf,/global/scratch/users/sergiomar10/models/ESMC_Pretrain/HLAHLAA6601/ESMMASK_epitope_FT_15_0.001_5e-05_AUG_1_HLAA6601_2.pt
1543,ESMMASK_epitope_FT_20_0.001_5e-05_AUG_1_HLAA6601_2_per_token_metrics.csv,A6601,inf,/global/scratch/users/sergiomar10/models/ESMC_Pretrain/HLAHLAA6601/ESMMASK_epitope_FT_20_0.001_5e-05_AUG_1_HLAA6601_2.pt
1544,ESMMASK_epitope_FT_25_0.001_1e-06_AUG_6_HLAA6601_2_per_token_metrics.csv,A6601,inf,/global/scratch/users/sergiomar10/models/ESMC_Pretrain/HLAHLAA6601/ESMMASK_epitope_FT_25_0.001_1e-06_AUG_6_HLAA6601_2.pt
1594,ESMMASK_epitope_FT_25_0.001_5e-05_AUG_3_HLAB3801_2_per_token_metrics.csv,B3801,inf,/global/scratch/users/sergiomar10/models/ESMC_Pretrain/HLAHLAB3801/ESMMASK_epitope_FT_25_0.001_5e-05_AUG_3_HLAB3801_2.pt
1595,ESMMASK_epitope_FT_25_0.001_5e-05_AUG_6_HLAB3801_2_per_token_metrics.csv,B3801,inf,/global/scratch/users/sergiomar10/models/ESMC_Pretrain/HLAHLAB3801/ESMMASK_epitope_FT_25_0.001_5e-05_AUG_6_HLAB3801_2.pt
1588,ESMMASK_epitope_FT_15_0.001_5e-05_AUG_6_HLAB3801_1_per_token_metrics.csv,B3801,inf,/global/scratch/users/sergiomar10/models/ESMC_Pretrain/HLAHLAB3801/ESMMASK_epitope_FT_15_0.001_5e-05_AUG_6_HLAB3801_1.pt
1590,ESMMASK_epitope_FT_25_0.001_1e-06_AUG_1_HLAB3801_2_per_token_metrics.csv,B3801,inf,/global/scratch/users/sergiomar10/models/ESMC_Pretrain/HLAHLAB3801/ESMMASK_epitope_FT_25_0.001_1e-06_AUG_1_HLAB3801_2.pt
218,ESMMASK_epitope_FT_20_0.001_1e-06_AUG_3_HLAB5201_1_per_token_metrics.csv,B5201,inf,/global/scratch/users/sergiomar10/models/ESMC_Pretrain/HLAHLAB5201/ESMMASK_epitope_FT_20_0.001_1e-06_AUG_3_HLAB5201_1.pt
219,ESMMASK_epitope_FT_20_0.001_1e-06_AUG_6_HLAB5201_2_per_token_metrics.csv,B5201,inf,/global/scratch/users/sergiomar10/models/ESMC_Pretrain/HLAHLAB5201/ESMMASK_epitope_FT_20_0.001_1e-06_AUG_6_HLAB5201_2.pt
220,ESMMASK_epitope_FT_20_0.001_5e-05_AUG_6_HLAB5201_2_per_token_metrics.csv,B5201,inf,/global/scratch/users/sergiomar10/models/ESMC_Pretrain/HLAHLAB5201/ESMMASK_epitope_FT_20_0.001_5e-05_AUG_6_HLAB5201_2.pt
221,ESMMASK_epitope_FT_25_0.001_1e-06_AUG_1_HLAB5201_1_per_token_metrics.csv,B5201,inf,/global/scratch/users/sergiomar10/models/ESMC_Pretrain/HLAHLAB5201/ESMMASK_epitope_FT_25_0.001_1e-06_AUG_1_HLAB5201_1.pt
222,ESMMASK_epitope_FT_25_0.001_5e-05_AUG_3_HLAB5201_1_per_token_metrics.csv,B5201,inf,/global/scratch/users/sergiomar10/models/ESMC_Pretrain/HLAHLAB5201/ESMMASK_epitope_FT_25_0.001_5e-05_AUG_3_HLAB5201_1.pt
223,ESMMASK_epitope_FT_25_0.001_5e-05_AUG_6_HLAB5201_2_per_token_metrics.csv,B5201,inf,/global/scratch/users/sergiomar10/models/ESMC_Pretrain/HLAHLAB5201/ESMMASK_epitope_FT_25_0.001_5e-05_AUG_6_HLAB5201_2.pt
210,ESMMASK_epitope_FT_15_0.001_1e-06_AUG_1_HLAB2701_2_per_token_metrics.csv,B2701,inf,/global/scratch/users/sergiomar10/models/ESMC_Pretrain/HLAHLAB2701/ESMMASK_epitope_FT_15_0.001_1e-06_AUG_1_HLAB2701_2.pt
211,ESMMASK_epitope_FT_15_0.001_1e-06_AUG_6_HLAB2701_2_per_token_metrics.csv,B2701,inf,/global/scratch/users/sergiomar10/models/ESMC_Pretrain/HLAHLAB2701/ESMMASK_epitope_FT_15_0.001_1e-06_AUG_6_HLAB2701_2.pt
212,ESMMASK_epitope_FT_15_0.001_5e-05_AUG_1_HLAB2701_2_per_token_metrics.csv,B2701,inf,/global/scratch/users/sergiomar10/models/ESMC_Pretrain/HLAHLAB2701/ESMMASK_epitope_FT_15_0.001_5e-05_AUG_1_HLAB2701_2.pt
215,ESMMASK_epitope_FT_25_0.001_1e-06_AUG_3_HLAB2701_1_per_token_metrics.csv,B2701,inf,/global/scratch/users/sergiomar10/models/ESMC_Pretrain/HLAHLAB2701/ESMMASK_epitope_FT_25_0.001_1e-06_AUG_3_HLAB2701_1.pt
216,ESMMASK_epitope_FT_15_0.001_5e-05_AUG_6_HLAB5201_1_per_token_metrics.csv,B5201,inf,/global/scratch/users/sergiomar10/models/ESMC_Pretrain/HLAHLAB5201/ESMMASK_epitope_FT_15_0.001_5e-05_AUG_6_HLAB5201_1.pt
217,ESMMASK_epitope_FT_20_0.001_1e-06_AUG_1_HLAB5201_1_per_token_metrics.csv,B5201,inf,/global/scratch/users/sergiomar10/models/ESMC_Pretrain/HLAHLAB5201/ESMMASK_epitope_FT_20_0.001_1e-06_AUG_1_HLAB5201_1.pt
170,ESMMASK_epitope_FT_25_0.001_5e-05_AUG_1_HLAB1516_2_per_token_metrics.csv,B1516,inf,/global/scratch/users/sergiomar10/models/ESMC_Pretrain/HLAHLAB1516/ESMMASK_epitope_FT_25_0.001_5e-05_AUG_1_HLAB1516_2.pt
171,ESMMASK_epitope_FT_25_0.001_5e-05_AUG_3_HLAB1516_2_per_token_metrics.csv,B1516,inf,/global/scratch/users/sergiomar10/models/ESMC_Pretrain/HLAHLAB1516/ESMMASK_epitope_FT_25_0.001_5e-05_AUG_3_HLAB1516_2.pt
162,ESMMASK_epitope_FT_15_0.001_5e-05_AUG_1_HLAB1516_2_per_token_metrics.csv,B1516,inf,/global/scratch/users/sergiomar10/models/ESMC_Pretrain/HLAHLAB1516/ESMMASK_epitope_FT_15_0.001_5e-05_AUG_1_HLAB1516_2.pt
163,ESMMASK_epitope_FT_15_0.001_5e-05_AUG_3_HLAB1516_1_per_token_metrics.csv,B1516,inf,/global/scratch/users/sergiomar10/models/ESMC_Pretrain/HLAHLAB1516/ESMMASK_epitope_FT_15_0.001_5e-05_AUG_3_HLAB1516_1.pt
164,ESMMASK_epitope_FT_20_0.001_1e-06_AUG_3_HLAB1516_1_per_token_metrics.csv,B1516,inf,/global/scratch/users/sergiomar10/models/ESMC_Pretrain/HLAHLAB1516/ESMMASK_epitope_FT_20_0.001_1e-06_AUG_3_HLAB1516_1.pt
165,ESMMASK_epitope_FT_20_0.001_1e-06_AUG_6_HLAB1516_1_per_token_metrics.csv,B1516,inf,/global/scratch/users/sergiomar10/models/ESMC_Pretrain/HLAHLAB1516/ESMMASK_epitope_FT_20_0.001_1e-06_AUG_6_HLAB1516_1.pt
166,ESMMASK_epitope_FT_20_0.001_1e-06_AUG_6_HLAB1516_2_per_token_metrics.csv,B1516,inf,/global/scratch/users/sergiomar10/models/ESMC_Pretrain/HLAHLAB1516/ESMMASK_epitope_FT_20_0.001_1e-06_AUG_6_HLAB1516_2.pt
167,ESMMASK_epitope_FT_20_0.001_5e-05_AUG_1_HLAB1516_1_per_token_metrics.csv,B1516,inf,/global/scratch/users/sergiomar10/models/ESMC_Pretrain/HLAHLAB1516/ESMMASK_epitope_FT_20_0.001_5e-05_AUG_1_HLAB1516_1.pt
168,ESMMASK_epitope_FT_25_0.001_1e-06_AUG_1_HLAB1516_1_per_token_metrics.csv,B1516,inf,/global/scratch/users/sergiomar10/models/ESMC_Pretrain/HLAHLAB1516/ESMMASK_epitope_FT_25_0.001_1e-06_AUG_1_HLAB1516_1.pt
169,ESMMASK_epitope_FT_25_0.001_1e-06_AUG_3_HLAB1516_2_per_token_metrics.csv,B1516,inf,/global/scratch/users/sergiomar10/models/ESMC_Pretrain/HLAHLAB1516/ESMMASK_epitope_FT_25_0.001_1e-06_AUG_3_HLAB1516_2.pt
154,ESMMASK_epitope_FT_15_0.001_1e-06_AUG_1_HLAA3207_2_per_token_metrics.csv,A3207,inf,/global/scratch/users/sergiomar10/models/ESMC_Pretrain/HLAHLAA3207/ESMMASK_epitope_FT_15_0.001_1e-06_AUG_1_HLAA3207_2.pt
155,ESMMASK_epitope_FT_20_0.001_1e-06_AUG_6_HLAA3207_2_per_token_metrics.csv,A3207,inf,/global/scratch/users/sergiomar10/models/ESMC_Pretrain/HLAHLAA3207/ESMMASK_epitope_FT_20_0.001_1e-06_AUG_6_HLAA3207_2.pt
161,ESMMASK_epitope_FT_15_0.001_1e-06_AUG_3_HLAB1516_2_per_token_metrics.csv,B1516,inf,/global/scratch/users/sergiomar10/models/ESMC_Pretrain/HLAHLAB1516/ESMMASK_epitope_FT_15_0.001_1e-06_AUG_3_HLAB1516_2.pt
130,ESMMASK_epitope_FT_25_0.001_5e-05_AUG_6_HLAC0102_2_per_token_metrics.csv,C0102,inf,/global/scratch/users/sergiomar10/models/ESMC_Pretrain/HLAHLAC0102/ESMMASK_epitope_FT_25_0.001_5e-05_AUG_6_HLAC0102_2.pt
1612,ESMMASK_epitope_FT_15_0.001_1e-06_AUG_6_HLAA2403_2_per_token_metrics.csv,A2403,inf,/global/scratch/users/sergiomar10/models/ESMC_Pretrain/HLAHLAA2403/ESMMASK_epitope_FT_15_0.001_1e-06_AUG_6_HLAA2403_2.pt
1613,ESMMASK_epitope_FT_15_0.001_5e-05_AUG_1_HLAA2403_1_per_token_metrics.csv,A2403,inf,/global/scratch/users/sergiomar10/models/ESMC_Pretrain/HLAHLAA2403/ESMMASK_epitope_FT_15_0.001_5e-05_AUG_1_HLAA2403_1.pt
122,ESMMASK_epitope_FT_15_0.001_5e-05_AUG_3_HLAC0102_1_per_token_metrics.csv,C0102,inf,/global/scratch/users/sergiomar10/models/ESMC_Pretrain/HLAHLAC0102/ESMMASK_epitope_FT_15_0.001_5e-05_AUG_3_HLAC0102_1.pt
123,ESMMASK_epitope_FT_15_0.001_5e-05_AUG_3_HLAC0102_2_per_token_metrics.csv,C0102,inf,/global/scratch/users/sergiomar10/models/ESMC_Pretrain/HLAHLAC0102/ESMMASK_epitope_FT_15_0.001_5e-05_AUG_3_HLAC0102_2.pt
124,ESMMASK_epitope_FT_20_0.001_1e-06_AUG_3_HLAC0102_1_per_token_metrics.csv,C0102,inf,/global/scratch/users/sergiomar10/models/ESMC_Pretrain/HLAHLAC0102/ESMMASK_epitope_FT_20_0.001_1e-06_AUG_3_HLAC0102_1.pt
125,ESMMASK_epitope_FT_20_0.001_1e-06_AUG_6_HLAC0102_1_per_token_metrics.csv,C0102,inf,/global/scratch/users/sergiomar10/models/ESMC_Pretrain/HLAHLAC0102/ESMMASK_epitope_FT_20_0.001_1e-06_AUG_6_HLAC0102_1.pt
127,ESMMASK_epitope_FT_20_0.001_5e-05_AUG_3_HLAC0102_1_per_token_metrics.csv,C0102,inf,/global/scratch/users/sergiomar10/models/ESMC_Pretrain/HLAHLAC0102/ESMMASK_epitope_FT_20_0.001_5e-05_AUG_3_HLAC0102_1.pt
129,ESMMASK_epitope_FT_25_0.001_1e-06_AUG_3_HLAC0102_1_per_token_metrics.csv,C0102,inf,/global/scratch/users/sergiomar10/models/ESMC_Pretrain/HLAHLAC0102/ESMMASK_epitope_FT_25_0.001_1e-06_AUG_3_HLAC0102_1.pt
114,ESMMASK_epitope_FT_15_0.001_1e-06_AUG_6_HLAC0701_2_per_token_metrics.csv,C0701,inf,/global/scratch/users/sergiomar10/models/ESMC_Pretrain/HLAHLAC0701/ESMMASK_epitope_FT_15_0.001_1e-06_AUG_6_HLAC0701_2.pt
115,ESMMASK_epitope_FT_15_0.001_5e-05_AUG_1_HLAC0701_2_per_token_metrics.csv,C0701,inf,/global/scratch/users/sergiomar10/models/ESMC_Pretrain/HLAHLAC0701/ESMMASK_epitope_FT_15_0.001_5e-05_AUG_1_HLAC0701_2.pt
118,ESMMASK_epitope_FT_20_0.001_5e-05_AUG_6_HLAC0701_1_per_token_metrics.csv,C0701,inf,/global/scratch/users/sergiomar10/models/ESMC_Pretrain/HLAHLAC0701/ESMMASK_epitope_FT_20_0.001_5e-05_AUG_6_HLAC0701_1.pt
119,ESMMASK_epitope_FT_25_0.001_1e-06_AUG_3_HLAC0701_2_per_token_metrics.csv,C0701,inf,/global/scratch/users/sergiomar10/models/ESMC_Pretrain/HLAHLAC0701/ESMMASK_epitope_FT_25_0.001_1e-06_AUG_3_HLAC0701_2.pt
120,ESMMASK_epitope_FT_25_0.001_5e-05_AUG_6_HLAC0701_2_per_token_metrics.csv,C0701,inf,/global/scratch/users/sergiomar10/models/ESMC_Pretrain/HLAHLAC0701/ESMMASK_epitope_FT_25_0.001_5e-05_AUG_6_HLAC0701_2.pt
121,ESMMASK_epitope_FT_15_0.001_1e-06_AUG_1_HLAC0102_1_per_token_metrics.csv,C0102,inf,/global/scratch/users/sergiomar10/models/ESMC_Pretrain/HLAHLAC0102/ESMMASK_epitope_FT_15_0.001_1e-06_AUG_1_HLAC0102_1.pt
106,ESMMASK_epitope_FT_15_0.001_5e-05_AUG_6_HLAB4601_1_per_token_metrics.csv,B4601,inf,/global/scratch/users/sergiomar10/models/ESMC_Pretrain/HLAHLAB4601/ESMMASK_epitope_FT_15_0.001_5e-05_AUG_6_HLAB4601_1.pt
110,ESMMASK_epitope_FT_20_0.001_1e-06_AUG_6_HLAB4601_2_per_token_metrics.csv,B4601,inf,/global/scratch/users/sergiomar10/models/ESMC_Pretrain/HLAHLAB4601/ESMMASK_epitope_FT_20_0.001_1e-06_AUG_6_HLAB4601_2.pt
98,ESMMASK_epitope_FT_25_0.001_1e-06_AUG_1_HLAA1102_2_per_token_metrics.csv,A1102,inf,/global/scratch/users/sergiomar10/models/ESMC_Pretrain/HLAHLAA1102/ESMMASK_epitope_FT_25_0.001_1e-06_AUG_1_HLAA1102_2.pt
99,ESMMASK_epitope_FT_25_0.001_5e-05_AUG_1_HLAA1102_2_per_token_metrics.csv,A1102,inf,/global/scratch/users/sergiomar10/models/ESMC_Pretrain/HLAHLAA1102/ESMMASK_epitope_FT_25_0.001_5e-05_AUG_1_HLAA1102_2.pt
100,ESMMASK_epitope_FT_25_0.001_5e-05_AUG_3_HLAA1102_1_per_token_metrics.csv,A1102,inf,/global/scratch/users/sergiomar10/models/ESMC_Pretrain/HLAHLAA1102/ESMMASK_epitope_FT_25_0.001_5e-05_AUG_3_HLAA1102_1.pt
105,ESMMASK_epitope_FT_15_0.001_5e-05_AUG_1_HLAB4601_2_per_token_metrics.csv,B4601,inf,/global/scratch/users/sergiomar10/models/ESMC_Pretrain/HLAHLAB4601/ESMMASK_epitope_FT_15_0.001_5e-05_AUG_1_HLAB4601_2.pt
1653,ESMMASK_epitope_FT_20_0.001_5e-05_AUG_6_HLAA0216_2_per_token_metrics.csv,A0216,inf,/global/scratch/users/sergiomar10/models/ESMC_Pretrain/HLAHLAA0216/ESMMASK_epitope_FT_20_0.001_5e-05_AUG_6_HLAA0216_2.pt
1656,ESMMASK_epitope_FT_25_0.001_5e-05_AUG_1_HLAA0216_2_per_token_metrics.csv,A0216,inf,/global/scratch/users/sergiomar10/models/ESMC_Pretrain/HLAHLAA0216/ESMMASK_epitope_FT_25_0.001_5e-05_AUG_1_HLAA0216_2.pt
1645,ESMMASK_epitope_FT_15_0.001_1e-06_AUG_1_HLAA0216_1_per_token_metrics.csv,A0216,inf,/global/scratch/users/sergiomar10/models/ESMC_Pretrain/HLAHLAA0216/ESMMASK_epitope_FT_15_0.001_1e-06_AUG_1_HLAA0216_1.pt
1646,ESMMASK_epitope_FT_15_0.001_5e-05_AUG_1_HLAA0216_2_per_token_metrics.csv,A0216,inf,/global/scratch/users/sergiomar10/models/ESMC_Pretrain/HLAHLAA0216/ESMMASK_epitope_FT_15_0.001_5e-05_AUG_1_HLAA0216_2.pt
1649,ESMMASK_epitope_FT_20_0.001_1e-06_AUG_1_HLAA0216_2_per_token_metrics.csv,A0216,inf,/global/scratch/users/sergiomar10/models/ESMC_Pretrain/HLAHLAA0216/ESMMASK_epitope_FT_20_0.001_1e-06_AUG_1_HLAA0216_2.pt
91,ESMMASK_epitope_FT_20_0.001_1e-06_AUG_1_HLAA1102_2_per_token_metrics.csv,A1102,inf,/global/scratch/users/sergiomar10/models/ESMC_Pretrain/HLAHLAA1102/ESMMASK_epitope_FT_20_0.001_1e-06_AUG_1_HLAA1102_2.pt
92,ESMMASK_epitope_FT_20_0.001_1e-06_AUG_3_HLAA1102_1_per_token_metrics.csv,A1102,inf,/global/scratch/users/sergiomar10/models/ESMC_Pretrain/HLAHLAA1102/ESMMASK_epitope_FT_20_0.001_1e-06_AUG_3_HLAA1102_1.pt
93,ESMMASK_epitope_FT_20_0.001_1e-06_AUG_6_HLAA1102_1_per_token_metrics.csv,A1102,inf,/global/scratch/users/sergiomar10/models/ESMC_Pretrain/HLAHLAA1102/ESMMASK_epitope_FT_20_0.001_1e-06_AUG_6_HLAA1102_1.pt
94,ESMMASK_epitope_FT_20_0.001_1e-06_AUG_6_HLAA1102_2_per_token_metrics.csv,A1102,inf,/global/scratch/users/sergiomar10/models/ESMC_Pretrain/HLAHLAA1102/ESMMASK_epitope_FT_20_0.001_1e-06_AUG_6_HLAA1102_2.pt
95,ESMMASK_epitope_FT_20_0.001_5e-05_AUG_1_HLAA1102_1_per_token_metrics.csv,A1102,inf,/global/scratch/users/sergiomar10/models/ESMC_Pretrain/HLAHLAA1102/ESMMASK_epitope_FT_20_0.001_5e-05_AUG_1_HLAA1102_1.pt
96,ESMMASK_epitope_FT_20_0.001_5e-05_AUG_1_HLAA1102_2_per_token_metrics.csv,A1102,inf,/global/scratch/users/sergiomar10/models/ESMC_Pretrain/HLAHLAA1102/ESMMASK_epitope_FT_20_0.001_5e-05_AUG_1_HLAA1102_2.pt
97,ESMMASK_epitope_FT_20_0.001_5e-05_AUG_3_HLAA1102_1_per_token_metrics.csv,A1102,inf,/global/scratch/users/sergiomar10/models/ESMC_Pretrain/HLAHLAA1102/ESMMASK_epitope_FT_20_0.001_5e-05_AUG_3_HLAA1102_1.pt
1690,ESMMASK_epitope_FT_15_0.001_1e-06_AUG_1_HLAC1202_2_per_token_metrics.csv,C1202,inf,/global/scratch/users/sergiomar10/models/ESMC_Pretrain/HLAHLAC1202/ESMMASK_epitope_FT_15_0.001_1e-06_AUG_1_HLAC1202_2.pt
1691,ESMMASK_epitope_FT_15_0.001_1e-06_AUG_3_HLAC1202_2_per_token_metrics.csv,C1202,inf,/global/scratch/users/sergiomar10/models/ESMC_Pretrain/HLAHLAC1202/ESMMASK_epitope_FT_15_0.001_1e-06_AUG_3_HLAC1202_2.pt
1692,ESMMASK_epitope_FT_15_0.001_1e-06_AUG_6_HLAC1202_2_per_token_metrics.csv,C1202,inf,/global/scratch/users/sergiomar10/models/ESMC_Pretrain/HLAHLAC1202/ESMMASK_epitope_FT_15_0.001_1e-06_AUG_6_HLAC1202_2.pt
1694,ESMMASK_epitope_FT_20_0.001_5e-05_AUG_3_HLAC1202_2_per_token_metrics.csv,C1202,inf,/global/scratch/users/sergiomar10/models/ESMC_Pretrain/HLAHLAC1202/ESMMASK_epitope_FT_20_0.001_5e-05_AUG_3_HLAC1202_2.pt
1695,ESMMASK_epitope_FT_25_0.001_1e-06_AUG_3_HLAC1202_1_per_token_metrics.csv,C1202,inf,/global/scratch/users/sergiomar10/models/ESMC_Pretrain/HLAHLAC1202/ESMMASK_epitope_FT_25_0.001_1e-06_AUG_3_HLAC1202_1.pt
1696,ESMMASK_epitope_FT_25_0.001_5e-05_AUG_6_HLAC1202_1_per_token_metrics.csv,C1202,inf,/global/scratch/users/sergiomar10/models/ESMC_Pretrain/HLAHLAC1202/ESMMASK_epitope_FT_25_0.001_5e-05_AUG_6_HLAC1202_1.pt
1682,ESMMASK_epitope_FT_20_0.001_1e-06_AUG_6_HLAB3508_1_per_token_metrics.csv,B3508,inf,/global/scratch/users/sergiomar10/models/ESMC_Pretrain/HLAHLAB3508/ESMMASK_epitope_FT_20_0.001_1e-06_AUG_6_HLAB3508_1.pt
1683,ESMMASK_epitope_FT_20_0.001_5e-05_AUG_3_HLAB3508_2_per_token_metrics.csv,B3508,inf,/global/scratch/users/sergiomar10/models/ESMC_Pretrain/HLAHLAB3508/ESMMASK_epitope_FT_20_0.001_5e-05_AUG_3_HLAB3508_2.pt
1684,ESMMASK_epitope_FT_20_0.001_5e-05_AUG_6_HLAB3508_1_per_token_metrics.csv,B3508,inf,/global/scratch/users/sergiomar10/models/ESMC_Pretrain/HLAHLAB3508/ESMMASK_epitope_FT_20_0.001_5e-05_AUG_6_HLAB3508_1.pt
1686,ESMMASK_epitope_FT_25_0.001_1e-06_AUG_6_HLAB3508_1_per_token_metrics.csv,B3508,inf,/global/scratch/users/sergiomar10/models/ESMC_Pretrain/HLAHLAB3508/ESMMASK_epitope_FT_25_0.001_1e-06_AUG_6_HLAB3508_1.pt
1687,ESMMASK_epitope_FT_25_0.001_1e-06_AUG_6_HLAB3508_2_per_token_metrics.csv,B3508,inf,/global/scratch/users/sergiomar10/models/ESMC_Pretrain/HLAHLAB3508/ESMMASK_epitope_FT_25_0.001_1e-06_AUG_6_HLAB3508_2.pt
1679,ESMMASK_epitope_FT_15_0.001_1e-06_AUG_6_HLAB3508_1_per_token_metrics.csv,B3508,inf,/global/scratch/users/sergiomar10/models/ESMC_Pretrain/HLAHLAB3508/ESMMASK_epitope_FT_15_0.001_1e-06_AUG_6_HLAB3508_1.pt
1727,ESMMASK_epitope_FT_20_0.001_5e-05_AUG_6_HLAA2501_2_per_token_metrics.csv,A2501,inf,/global/scratch/users/sergiomar10/models/ESMC_Pretrain/HLAHLAA2501/ESMMASK_epitope_FT_20_0.001_5e-05_AUG_6_HLAA2501_2.pt
1729,ESMMASK_epitope_FT_15_0.001_1e-06_AUG_1_HLAA0205_2_per_token_metrics.csv,A0205,inf,/global/scratch/users/sergiomar10/models/ESMC_Pretrain/HLAHLAA0205/ESMMASK_epitope_FT_15_0.001_1e-06_AUG_1_HLAA0205_2.pt
42,ESMMASK_epitope_FT_15_0.001_1e-06_AUG_3_HLAB2704_2_per_token_metrics.csv,B2704,inf,/global/scratch/users/sergiomar10/models/ESMC_Pretrain/HLAHLAB2704/ESMMASK_epitope_FT_15_0.001_1e-06_AUG_3_HLAB2704_2.pt
45,ESMMASK_epitope_FT_20_0.001_1e-06_AUG_6_HLAB2704_2_per_token_metrics.csv,B2704,inf,/global/scratch/users/sergiomar10/models/ESMC_Pretrain/HLAHLAB2704/ESMMASK_epitope_FT_20_0.001_1e-06_AUG_6_HLAB2704_2.pt
47,ESMMASK_epitope_FT_25_0.001_1e-06_AUG_1_HLAB2704_1_per_token_metrics.csv,B2704,inf,/global/scratch/users/sergiomar10/models/ESMC_Pretrain/HLAHLAB2704/ESMMASK_epitope_FT_25_0.001_1e-06_AUG_1_HLAB2704_1.pt
48,ESMMASK_epitope_FT_25_0.001_1e-06_AUG_6_HLAB2704_1_per_token_metrics.csv,B2704,inf,/global/scratch/users/sergiomar10/models/ESMC_Pretrain/HLAHLAB2704/ESMMASK_epitope_FT_25_0.001_1e-06_AUG_6_HLAB2704_1.pt
49,ESMMASK_epitope_FT_25_0.001_5e-05_AUG_3_HLAB2704_1_per_token_metrics.csv,B2704,inf,/global/scratch/users/sergiomar10/models/ESMC_Pretrain/HLAHLAB2704/ESMMASK_epitope_FT_25_0.001_5e-05_AUG_3_HLAB2704_1.pt
