pep	len	model_A0201	MSi_A0201	model_A0301	MSi_A0301	model_A1101	MSi_A1101	model_A2402	MSi_A2402	prank.MSi_A0201	prank.MSi_A0301	prank.MSi_A1101	prank.MSi_A2402	best.MSi	best.MSi_allele	assign.MSi_scores	assign.MSi_allele
IKTSPKAN	8	panpan	0.0212889459139357	panpan	0.0209031101471434	specific	0.0801917361451261	panpan	0.00206113181596569	22.8224456448913	27.4630549261099	12.3479123479123	35.5406710813422	0.0801917361451261	A1101	NA	unknown
KTSPKANK	8	panpan	0.00680471707782999	panpan	0.655200947324435	specific	0.392958174057357	panpan	0.000233151418278036	34.0665681331363	2.000504001008	3.58320358320359	61.8239236478473	0.655200947324435	A0301	0.655200947324435	A0301,A1101
IPVAIKTS	8	panpan	0.153078419218461	panpan	0.217348903790116	specific	0.128106636022373	panpan	0.0137957339330266	9.02741805483611	7.69741539483079	9.12120912120912	17.5495350990702	0.217348903790116	A0301	0.217348903790116	A0201,A0301,A1101
PVAIKTSP	8	panpan	0.0350462061353028	panpan	0.0542109857468555	specific	0.0634467034303169	panpan	0.0240095624057479	18.6951373902748	18.8007376014752	14.1906141906142	13.8148276296553	0.0634467034303169	A1101	NA	unknown
VAIKTSPK	8	panpan	0.0784183943333725	panpan	0.974580462773641	specific	0.851455459329817	panpan	0.0141613481964062	12.9753259506519	0.180200360400717	0.752100752100748	17.3506347012694	0.974580462773641	A0301	0.974580462773641	A0301,A1101
AIKTSPKA	8	panpan	0.255005765706301	panpan	0.471441560486952	specific	0.0987830013256624	panpan	0.00149544450214307	6.41911283822567	3.45170690341381	10.8303108303108	39.257078514157	0.471441560486952	A0301	0.471441560486952	A0201,A0301
KIPVAIKT	8	panpan	0.33976802478234	panpan	0.585948121547699	specific	0.162316796297414	panpan	0.0687255491890634	5.09821019642039	2.47640495280991	7.73250773250773	8.10701621403243	0.585948121547699	A0301	0.585948121547699	A0201,A0301,A1101
HTDGHSEK	8	panpan	0.00325814346777709	panpan	0.144340175731728	specific	0.374505156609747	panpan	0.00027324488690077	42.4790849581699	10.5138210276421	3.77050377050377	59.9834199668399	0.374505156609747	A1101	0.374505156609747	A0301,A1101
DEFVVVTV	8	panpan	0.250061690085568	panpan	0.0353510027503944	specific	0.164061002391908	panpan	0.0150001214807162	6.51311302622605	22.6619453238907	7.67890767890768	16.9521339042678	0.250061690085568	A0201	0.250061690085568	A0201,A1101
DEFVVVTV	8	panpan	0.250061690085568	panpan	0.0353510027503944	specific	0.164061002391908	panpan	0.0150001214807162	6.51311302622605	22.6619453238907	7.67890767890768	16.9521339042678	0.250061690085568	A0201	0.250061690085568	A0201,A1101
LEDKAFQL	8	panpan	0.604400775333246	panpan	0.0300018116109034	specific	0.301346999241246	panpan	0.186293423532819	2.61710523421047	24.1559483118966	4.66770466770466	4.22520845041691	0.604400775333246	A0201	0.604400775333246	A0201,A1101,A2402
DEFVVVTV	8	panpan	0.250061690085568	panpan	0.0353510027503944	specific	0.164061002391908	panpan	0.0150001214807162	6.51311302622605	22.6619453238907	7.67890767890768	16.9521339042678	0.250061690085568	A0201	0.250061690085568	A0201,A1101
LEDKAFQL	8	panpan	0.604400775333246	panpan	0.0300018116109034	specific	0.301346999241246	panpan	0.186293423532819	2.61710523421047	24.1559483118966	4.66770466770466	4.22520845041691	0.604400775333246	A0201	0.604400775333246	A0201,A1101,A2402
MSFQQVQR	8	panpan	0.0311068402021192	panpan	0.935423747698466	specific	0.700541708535618	panpan	0.000251834597184105	19.6310392620785	0.413900827801661	1.46880146880147	60.9296218592437	0.935423747698466	A0301	0.935423747698466	A0301,A1101
EMASVLFK	8	panpan	0.0692597364230702	panpan	0.970857826868693	specific	0.569880754086706	panpan	0.0316271585379582	13.8217276434553	0.202700405400813	2.22000222000222	12.1270242540485	0.970857826868693	A0301	0.970857826868693	A0301,A1101
FSNFIFLR	8	panpan	0.158023727107017	panpan	0.788232729335626	specific	0.87620850470331	panpan	0.0401373589954649	8.8501177002354	1.20420240840482	0.635700635700631	10.7923215846432	0.87620850470331	A1101	0.87620850470331	A0201,A0301,A1101
FSDCEIFY	8	panpan	0.157824849072009	panpan	0.109977244766196	specific	0.12636297179593	panpan	0.026037717881627	8.85921771843544	12.6185252370505	9.20820920820921	13.3174266348533	0.157824849072009	A0201	0.157824849072009	A0201,A0301,A1101
SSDCSAWY	8	panpan	0.00333389540792489	panpan	0.0211076199570698	specific	0.086592655406437	panpan	0.000648365790445022	42.2148844297689	27.3805547611095	11.7703117703118	49.4590989181978	0.086592655406437	A1101	NA	unknown
DEFVVVTV	8	panpan	0.250061690085568	panpan	0.0353510027503944	specific	0.164061002391908	panpan	0.0150001214807162	6.51311302622605	22.6619453238907	7.67890767890768	16.9521339042678	0.250061690085568	A0201	0.250061690085568	A0201,A1101
TPGTRGPI	8	panpan	0.00141219956252219	panpan	0.000440153282367343	specific	0.0489508009153522	panpan	0.00127011576207678	52.3202046404093	65.5869311738623	16.3785163785164	41.2092824185648	0.0489508009153522	A1101	NA	unknown
DEFVVVTV	8	panpan	0.250061690085568	panpan	0.0353510027503944	specific	0.164061002391908	panpan	0.0150001214807162	6.51311302622605	22.6619453238907	7.67890767890768	16.9521339042678	0.250061690085568	A0201	0.250061690085568	A0201,A1101
IKTSPKAN	8	panpan	0.0212889459139357	panpan	0.0209031101471434	specific	0.0801917361451261	panpan	0.00206113181596569	22.8224456448913	27.4630549261099	12.3479123479123	35.5406710813422	0.0801917361451261	A1101	NA	unknown
KTSPKANK	8	panpan	0.00680471707782999	panpan	0.655200947324435	specific	0.392958174057357	panpan	0.000233151418278036	34.0665681331363	2.000504001008	3.58320358320359	61.8239236478473	0.655200947324435	A0301	0.655200947324435	A0301,A1101
IPVAIKTS	8	panpan	0.153078419218461	panpan	0.217348903790116	specific	0.128106636022373	panpan	0.0137957339330266	9.02741805483611	7.69741539483079	9.12120912120912	17.5495350990702	0.217348903790116	A0301	0.217348903790116	A0201,A0301,A1101
PVAIKTSP	8	panpan	0.0350462061353028	panpan	0.0542109857468555	specific	0.0634467034303169	panpan	0.0240095624057479	18.6951373902748	18.8007376014752	14.1906141906142	13.8148276296553	0.0634467034303169	A1101	NA	unknown
VAIKTSPK	8	panpan	0.0784183943333725	panpan	0.974580462773641	specific	0.851455459329817	panpan	0.0141613481964062	12.9753259506519	0.180200360400717	0.752100752100748	17.3506347012694	0.974580462773641	A0301	0.974580462773641	A0301,A1101
AIKTSPKA	8	panpan	0.255005765706301	panpan	0.471441560486952	specific	0.0987830013256624	panpan	0.00149544450214307	6.41911283822567	3.45170690341381	10.8303108303108	39.257078514157	0.471441560486952	A0301	0.471441560486952	A0201,A0301
KIPVAIKT	8	panpan	0.33976802478234	panpan	0.585948121547699	specific	0.162316796297414	panpan	0.0687255491890634	5.09821019642039	2.47640495280991	7.73250773250773	8.10701621403243	0.585948121547699	A0301	0.585948121547699	A0201,A0301,A1101
VLFDRLSK	8	panpan	0.635535230239232	panpan	0.998219112555186	specific	0.870666709211137	panpan	0.0182559206770141	2.41970483940968	0.0102000204000419	0.660600660600663	15.5971311942624	0.998219112555186	A0301	0.998219112555186	A0201,A0301,A1101
LLFSLLAV	8	panpan	0.994214010238648	panpan	0.533872569600741	specific	0.125522989764189	panpan	0.00223790687008053	0.147200294400585	2.89370578741157	9.24690924690925	34.6137692275385	0.994214010238648	A0201	0.994214010238648	A0201,A0301,A1101
YIVILWAV	8	panpan	0.810532919814189	panpan	0.136810068396153	specific	0.121429745583898	panpan	0.00695893226347835	1.36670273340547	10.9200218400437	9.46010946010946	23.1045462090924	0.810532919814189	A0201	0.810532919814189	A0201,A0301,A1101
SLLAVMFV	8	panpan	0.984461613496145	panpan	0.584608465433121	specific	0.155756661233803	panpan	0.012205193305878	0.276500553001102	2.48600497200995	7.97120797120797	18.4425368850738	0.984461613496145	A0201	0.984461613496145	A0201,A0301,A1101
IKTSPKAN	8	panpan	0.0212889459139357	panpan	0.0209031101471434	specific	0.0801917361451261	panpan	0.00206113181596569	22.8224456448913	27.4630549261099	12.3479123479123	35.5406710813422	0.0801917361451261	A1101	NA	unknown
KTSPKANK	8	panpan	0.00680471707782999	panpan	0.655200947324435	specific	0.392958174057357	panpan	0.000233151418278036	34.0665681331363	2.000504001008	3.58320358320359	61.8239236478473	0.655200947324435	A0301	0.655200947324435	A0301,A1101
PVAIKTSP	8	panpan	0.0350462061353028	panpan	0.0542109857468555	specific	0.0634467034303169	panpan	0.0240095624057479	18.6951373902748	18.8007376014752	14.1906141906142	13.8148276296553	0.0634467034303169	A1101	NA	unknown
VAIKTSPK	8	panpan	0.0784183943333725	panpan	0.974580462773641	specific	0.851455459329817	panpan	0.0141613481964062	12.9753259506519	0.180200360400717	0.752100752100748	17.3506347012694	0.974580462773641	A0301	0.974580462773641	A0301,A1101
AIKTSPKA	8	panpan	0.255005765706301	panpan	0.471441560486952	specific	0.0987830013256624	panpan	0.00149544450214307	6.41911283822567	3.45170690341381	10.8303108303108	39.257078514157	0.471441560486952	A0301	0.471441560486952	A0201,A0301
DEFVVVTV	8	panpan	0.250061690085568	panpan	0.0353510027503944	specific	0.164061002391908	panpan	0.0150001214807162	6.51311302622605	22.6619453238907	7.67890767890768	16.9521339042678	0.250061690085568	A0201	0.250061690085568	A0201,A1101
LEDKAFQL	8	panpan	0.604400775333246	panpan	0.0300018116109034	specific	0.301346999241246	panpan	0.186293423532819	2.61710523421047	24.1559483118966	4.66770466770466	4.22520845041691	0.604400775333246	A0201	0.604400775333246	A0201,A1101,A2402
KIPVAIKT	8	panpan	0.33976802478234	panpan	0.585948121547699	specific	0.162316796297414	panpan	0.0687255491890634	5.09821019642039	2.47640495280991	7.73250773250773	8.10701621403243	0.585948121547699	A0301	0.585948121547699	A0201,A0301,A1101
IPVAIKTS	8	panpan	0.153078419218461	panpan	0.217348903790116	specific	0.128106636022373	panpan	0.0137957339330266	9.02741805483611	7.69741539483079	9.12120912120912	17.5495350990702	0.217348903790116	A0301	0.217348903790116	A0201,A0301,A1101
YLYVYKIV	8	panpan	0.81536361426115	panpan	0.364993731336047	specific	0.102238071677534	panpan	0.0613620493211783	1.33710267420535	4.70770941541883	10.5861105861106	8.63521727043454	0.81536361426115	A0201	0.81536361426115	A0201,A0301,A1101
RLLRPIYV	8	panpan	0.97558589776357	panpan	0.841207029422124	specific	0.114081994069016	panpan	0.279177026259519	0.359100718201433	0.921401842803682	9.86020986020986	3.01090602181204	0.97558589776357	A0201	0.97558589776357	A0201,A0301,A1101,A2402
KLLSFHSV	8	panpan	0.999450616041819	panpan	0.68813648323218	specific	0.0384496126802535	panpan	0.0890870971838012	0.0269000538001052	1.79750359500719	18.5599185599186	6.96151392302785	0.999450616041819	A0201	0.999450616041819	A0201,A0301
LLAARQLL	8	panpan	0.985853866736094	panpan	0.563938323160013	specific	0.0617062168144104	panpan	0.419683274626732	0.261100522201041	2.64480528961057	14.4214144214144	1.97140394280788	0.985853866736094	A0201	0.985853866736094	A0201,A0301,A2402
FMENIMEM	8	panpan	0.894454644123713	panpan	0.191022949774439	specific	0.125784164788072	panpan	0.0538156692583167	0.888401776803549	8.52871705743411	9.23560923560923	9.26431852863706	0.894454644123713	A0201	0.894454644123713	A0201,A0301,A1101
GMLPSNYV	8	panpan	0.883321003119151	panpan	0.317031322737845	specific	0.0780263749685319	panpan	0.0231461714885275	0.950001900003805	5.46111092222185	12.5572125572126	14.0439280878562	0.883321003119151	A0201	0.883321003119151	A0201,A0301
FLNDSEQV	8	panpan	0.999372410774231	panpan	0.276341414575775	specific	0.0548363160393718	panpan	0.00298109612889069	0.0290000580001171	6.23681247362494	15.3910153910154	31.4791629583259	0.999372410774231	A0201	0.999372410774231	A0201,A0301
FLNSFQEL	8	panpan	0.996897411346435	panpan	0.451198424647252	specific	0.113201395494656	panpan	0.252340793532009	0.0946001892003778	3.65310730621461	9.91080991080992	3.29270658541317	0.996897411346435	A0201	0.996897411346435	A0201,A0301,A1101,A2402
MRLLPLLA	8	panpan	0.208676348191996	panpan	0.0913994618555686	specific	0.101629472658452	panpan	0.012987681955201	7.41831483662967	14.1229282458565	10.6266106266106	17.987735975472	0.208676348191996	A0201	0.208676348191996	A0201,A1101
FLFLFAVG	8	panpan	0.240343609203895	panpan	0.0234091886358631	specific	0.124969742012521	panpan	0.000209867916475067	6.70791341582683	26.4377528755057	9.27590927590928	63.0185260370521	0.240343609203895	A0201	0.240343609203895	A0201,A1101
YHFLQIPT	8	panpan	0.0704236252572931	panpan	0.0486538219484828	specific	0.172509571185542	panpan	0.00312985738111233	13.7063274126548	19.761839523679	7.40710740710741	30.9454618909238	0.172509571185542	A1101	0.172509571185542	A1101
DEFVVVTV	8	panpan	0.250061690085568	panpan	0.0353510027503944	specific	0.164061002391908	panpan	0.0150001214807162	6.51311302622605	22.6619453238907	7.67890767890768	16.9521339042678	0.250061690085568	A0201	0.250061690085568	A0201,A1101
LEDKAFQL	8	panpan	0.604400775333246	panpan	0.0300018116109034	specific	0.301346999241246	panpan	0.186293423532819	2.61710523421047	24.1559483118966	4.66770466770466	4.22520845041691	0.604400775333246	A0201	0.604400775333246	A0201,A1101,A2402
KEIIPQCI	8	panpan	0.158915061301862	panpan	0.0020945572002347	specific	0.0294922385345368	panpan	0.0330399855633914	8.82181764363529	50.1909003818008	21.0541210541211	11.8683237366475	0.158915061301862	A0201	0.158915061301862	A0201
REEQCLQW	8	panpan	0.000499796946944005	panpan	0.000190970384034332	specific	0.0453022590671834	panpan	0.000697618429174026	63.996627993256	72.8547457094914	17.056617056617	48.5320970641941	0.0453022590671834	A1101	NA	unknown
RENGKQQW	8	panpan	0.00129710994637738	panpan	0.00143379589448737	specific	0.0281400460967133	panpan	0.00409089595834094	53.3124066248132	54.0526081052162	21.4953214953215	28.1459562919126	0.0281400460967133	A1101	NA	unknown
YEDVFPVW	8	panpan	0.121314895625983	panpan	0.00227877686049354	specific	0.157716162104367	panpan	0.482001695906123	10.3192206384413	49.3094986189972	7.8985078985079	1.6497032994066	0.482001695906123	A2402	0.482001695906123	A0201,A1101,A2402
LQRIHAEI	8	panpan	0.522505266964436	panpan	0.264401383232325	specific	0.0642830731166113	panpan	0.145637795717145	3.22330644661289	6.49531299062598	14.0854140854141	5.0497100994202	0.522505266964436	A0201	0.522505266964436	A0201,A0301,A2402
NEVLHQEL	8	panpan	0.468026677022378	panpan	0.0235244951751762	specific	0.0949889094775749	panpan	0.0763761367183179	3.69470738941478	26.3931527863056	11.1039111039111	7.62101524203048	0.468026677022378	A0201	0.468026677022378	A0201
LQVAHEEI	8	panpan	0.883224217096965	panpan	0.0663416622478204	specific	0.0344738771944928	panpan	0.170182031470661	0.950401900803799	16.989333978668	19.5754195754196	4.51460902921805	0.883224217096965	A0201	0.883224217096965	A0201,A2402
VSPLHRVL	8	panpan	0.333377732833227	panpan	0.143474836965712	specific	0.26871555927727	panpan	0.542582375804583	5.18691037382075	10.5559211118422	5.18990518990519	1.41540283080566	0.542582375804583	A2402	0.542582375804583	A0201,A0301,A1101,A2402
DELNHASI	8	panpan	0.00912117137922905	panpan	0.000427134784431852	specific	0.0290308392545234	panpan	0.0025230059135841	30.9282618565237	65.8634317268635	21.1979211979212	33.2966665933332	0.0290308392545234	A1101	NA	unknown
NQIIHRDL	8	panpan	0.488531573613485	panpan	0.0672596322877022	specific	0.0955133793823835	panpan	0.0866142019629478	3.51320702641406	16.8598337196674	11.0626110626111	7.08441416882834	0.488531573613485	A0201	0.488531573613485	A0201
LVNKRNAL	8	panpan	0.477067945897579	panpan	0.189184096719449	specific	0.112645570105977	panpan	0.0241014278488971	3.61950723901447	8.59211718423437	9.94280994280994	13.7887275774552	0.477067945897579	A0201	0.477067945897579	A0201,A0301,A1101
NPRMKPQM	8	panpan	0.00199545052037138	panpan	0.00316065292381609	specific	0.0401406037660005	panpan	0.000315522220580533	48.2940965881932	45.9827919655839	18.1642181642182	58.3000166000332	0.0401406037660005	A1101	NA	unknown
SLFHLTRL	8	panpan	0.99847985903422	panpan	0.975973065694173	specific	0.19900950341382	panpan	0.16122844775673	0.0592001184002378	0.171100342200681	6.63680663680664	4.69660939321879	0.99847985903422	A0201	0.99847985903422	A0201,A0301,A1101,A2402
WLLRKNFF	8	panpan	0.102617289601282	panpan	0.00575679379210972	specific	0.0468124549687167	panpan	0.244380565149186	11.3045226090452	39.9033798067596	16.7644167644168	3.38610677221355	0.244380565149186	A2402	0.244380565149186	A0201,A2402
NRVMLPKA	8	panpan	0.151353705030245	panpan	0.0252403003032668	specific	0.0449899790549858	panpan	0.00610148253879288	9.09381818763637	25.7322514645029	17.1192171192171	24.2805485610971	0.151353705030245	A0201	0.151353705030245	A0201
MRLLPLLA	8	panpan	0.208676348191996	panpan	0.0913994618555686	specific	0.101629472658452	panpan	0.012987681955201	7.41831483662967	14.1229282458565	10.6266106266106	17.987735975472	0.208676348191996	A0201	0.208676348191996	A0201,A1101
FLFLFAVG	8	panpan	0.240343609203895	panpan	0.0234091886358631	specific	0.124969742012521	panpan	0.000209867916475067	6.70791341582683	26.4377528755057	9.27590927590928	63.0185260370521	0.240343609203895	A0201	0.240343609203895	A0201,A1101
YHFLQIPT	8	panpan	0.0704236252572931	panpan	0.0486538219484828	specific	0.172509571185542	panpan	0.00312985738111233	13.7063274126548	19.761839523679	7.40710740710741	30.9454618909238	0.172509571185542	A1101	0.172509571185542	A1101
DEFVVVTV	8	panpan	0.250061698226879	panpan	0.0353509902281076	specific	0.164061002391908	panpan	0.0150001199149301	6.51311302622605	22.6619453238907	7.67890767890768	16.9521339042678	0.250061698226879	A0201	0.250061698226879	A0201,A1101
LEDKAFQL	8	panpan	0.604400780797005	panpan	0.030001817526742	specific	0.301346999241246	panpan	0.186293414941368	2.61710523421047	24.1559483118966	4.66770466770466	4.22520845041691	0.604400780797005	A0201	0.604400780797005	A0201,A1101,A2402
YYFMVKVW	8	panpan	0.00285315556930072	panpan	0.0220775795512281	specific	0.0926916852598273	panpan	0.982282563050588	44.0290880581761	26.9801539603079	11.2749112749113	0.203300406600815	0.982282563050588	A2402	0.982282563050588	A2402
HVKITDFGL	9	specific	0.0174264663107351	specific	0.0166176433523409	specific	0.00624560058525579	specific	0.00140531012734123	17.1719160900178	23.1931530540606	38.941938941939	35.5328332683309	0.0174264663107351	A0201	NA	unknown
FGLAKLLGA	9	specific	0.0903777472846236	specific	0.00173322396311879	specific	0.00400350570987863	specific	0.000103451210498228	8.06379291539925	53.1996095862884	45.4579454579455	71.8793555389606	0.0903777472846236	A0201	NA	unknown
HVKITDFGR	9	specific	5.95206133302217e-05	specific	0.0908317865260566	specific	0.136891069004842	specific	4.91115797325501e-05	80.9167605867074	9.87124204139231	8.72700872700872	81.3252629573977	0.136891069004842	A1101	0.136891069004842	A1101
FGRAKLLGA	9	specific	0.00199770834524011	specific	0.000553843755283509	specific	0.00111849234714194	specific	2.44914896767886e-05	36.9712705664691	72.4405792546885	66.7371667371667	89.2608974765966	0.00199770834524011	A0201	NA	unknown
VVGAGGVGK	9	specific	0.000179176502228065	specific	0.791120737791061	specific	0.950340798166063	specific	3.28974741428259e-05	68.0848592815218	0.828470788976154	0.300900300900298	86.0924082231568	0.950340798166063	A1101	0.950340798166063	A0301,A1101
KITDFGLAK	9	specific	0.00393154678856007	specific	0.982963662677341	specific	0.980563384956784	specific	0.00016630159678949	29.681055620862	0.105057146857401	0.141700141700141	65.5135542608824	0.982963662677341	A0301	0.982963662677341	A0301,A1101
HVKITDFGL	9	specific	0.0174264663107351	specific	0.0166176433523409	specific	0.00624560058525579	specific	0.00140531012734123	17.1719160900178	23.1931530540606	38.941938941939	35.5328332683309	0.0174264663107351	A0201	NA	unknown
FGLAKLLGA	9	specific	0.0903777472846236	specific	0.00173322396311879	specific	0.00400350570987863	specific	0.000103451210498228	8.06379291539925	53.1996095862884	45.4579454579455	71.8793555389606	0.0903777472846236	A0201	NA	unknown
HVKITDFGR	9	specific	5.95206133302217e-05	specific	0.0908317865260566	specific	0.136891069004842	specific	4.91115797325501e-05	80.9167605867074	9.87124204139231	8.72700872700872	81.3252629573977	0.136891069004842	A1101	0.136891069004842	A1101
FGRAKLLGA	9	specific	0.00199770834524011	specific	0.000553843755283509	specific	0.00111849234714194	specific	2.44914896767886e-05	36.9712705664691	72.4405792546885	66.7371667371667	89.2608974765966	0.00199770834524011	A0201	NA	unknown
KITDFGRAK	9	specific	0.000591626500738335	specific	0.816282194190555	specific	0.80600146651268	specific	8.14958849430367e-05	52.1986378564417	0.736105109524343	0.963700963700964	74.9845556304679	0.816282194190555	A0301	0.816282194190555	A0301,A1101
KITDFGEAK	9	specific	0.000896978722806373	specific	0.531088189118438	specific	0.805840618742837	specific	0.000125822858413116	46.7269370755925	2.00726636871936	0.964200964200967	69.3213849845456	0.805840618742837	A1101	0.805840618742837	A0301,A1101
KITDFGDAK	9	specific	0.000725588299068125	specific	0.551927623401086	specific	0.707064789864752	specific	0.000105702406635504	49.496972341053	1.88156040584493	1.43380143380143	71.6097719272255	0.707064789864752	A1101	0.707064789864752	A0301,A1101
KITDFGKAK	9	specific	0.000722214597538892	specific	0.719646447648605	specific	0.853384650084708	specific	7.66158606442641e-05	49.5555461298884	1.09761047872013	0.743900743900749	75.7686156302059	0.853384650084708	A1101	0.853384650084708	A0301,A1101
KITDFGAAK	9	specific	0.00127170626447511	specific	0.739749754303031	specific	0.79095447924402	specific	8.25967910415078e-05	42.3831856869898	1.01753336294675	1.02760102760103	74.8279451883608	0.79095447924402	A1101	0.79095447924402	A0301,A1101
KITDFGFAK	9	specific	0.00484176086482459	specific	0.953226506710052	specific	0.984735136561924	specific	0.000463487860168025	27.6538975807005	0.238720458343278	0.116700116700119	50.9616828467223	0.984735136561924	A1101	0.984735136561924	A0301,A1101
KITDFGSAK	9	specific	0.000418736521133437	specific	0.783634083469709	specific	0.765798770056831	specific	7.13629508874547e-05	56.8398027073209	0.855163160900607	1.14520114520115	76.6871147095904	0.783634083469709	A0301	0.783634083469709	A0301,A1101
KITDFGNAK	9	specific	0.000424033193357697	specific	0.840802927811941	specific	0.839980388349957	specific	0.000242978618274966	56.659233854842	0.649682260048168	0.810300810300812	60.2258858719039	0.840802927811941	A0301	0.840802927811941	A0301,A1101
VVGAVGVGK	9	specific	0.000432608488549663	specific	0.92567642264896	specific	0.988701069355011	specific	7.76008742882084e-05	56.3809073685826	0.340151471656225	0.0889000889000902	75.6185558179167	0.988701069355011	A1101	0.988701069355011	A0301,A1101
VVGADGVGK	9	specific	0.000135920816173894	specific	0.547929881181982	specific	0.957475006580353	specific	2.92072115029512e-05	71.5059725066754	1.90472737015672	0.262300262300263	87.402433407809	0.957475006580353	A1101	0.957475006580353	A0301,A1101
VVGACGVGK	9	specific	8.2014307456288e-05	specific	0.420227741931255	specific	0.953347084257338	specific	2.92870582783106e-05	77.4384874227937	2.77973353962004	0.285400285400284	87.3769363409794	0.953347084257338	A1101	0.953347084257338	A0301,A1101
AIKTSPKAN	9	specific	8.72567613395955e-05	specific	0.00707525703380156	specific	0.0214631726396672	specific	5.28776318796566e-05	76.7159090450049	32.7833697457577	24.1867241867242	80.4208729268516	0.0214631726396672	A1101	NA	unknown
IKTSPKANK	9	specific	8.08630912100249e-05	specific	0.103575850839843	specific	0.066771911729706	specific	0.00011291242049227	77.5876486057418	9.11589827889601	13.7733137733138	70.7566783670993	0.103575850839843	A0301	0.103575850839843	A0301
KTSPKANKE	9	specific	0.000256999107559766	specific	0.0654506637954101	specific	0.0409147812558836	specific	0.00154295733811725	63.3800711772524	11.9294757315976	17.989217989218	34.3292306234889	0.0654506637954101	A0301	NA	unknown
VVGAAGVGK	9	specific	0.000156229699483567	specific	0.78576782113976	specific	0.966723856661055	specific	2.74389289914239e-05	69.8084435126499	0.847205812289165	0.218200218200215	88.0685820708254	0.966723856661055	A1101	0.966723856661055	A0301,A1101
VVGARGVGK	9	specific	0.000193025738610158	specific	0.853954515192244	specific	0.965076782968309	specific	0.000104166347241994	67.1405084204871	0.605362850060387	0.225300225300229	71.7915770994013	0.965076782968309	A1101	0.965076782968309	A0301,A1101
VVGASGVGK	9	specific	9.89258256977359e-05	specific	0.6232898046573	specific	0.958043682575226	specific	3.24420874525432e-05	75.2999381945538	1.50827010262965	0.260400260400262	86.2495225598652	0.958043682575226	A1101	0.958043682575226	A0301,A1101
PVAIKTSPK	9	specific	3.24835871344146e-05	specific	0.83509105708864	specific	0.785910172926055	specific	6.25153989438903e-05	87.0360047020614	0.668115105565814	1.05190105190105	78.3776810972003	0.83509105708864	A0301	0.83509105708864	A0301,A1101
VAIKTSPKA	9	specific	0.0104177117146466	specific	0.000186823980225744	specific	0.0115005207178405	specific	0.000339808914961755	20.9445730374751	88.4572111205458	31.0685310685311	55.4339489917573	0.0115005207178405	A1101	NA	unknown
KYFNINYYK	9	specific	0.0020642636183532	specific	0.668031925128566	specific	0.791756794518895	specific	0.455783772427175	36.6066992256141	1.31034364666149	1.02570102570102	1.51400171928838	0.791756794518895	A1101	0.791756794518895	A0301,A1101,A2402
LIYWNPFHR	9	specific	0.0110540014275608	specific	0.841131770279672	specific	0.655919953766796	specific	0.00714200339297501	20.4844658272437	0.64807064513952	1.70300170300171	18.7532438214963	0.841131770279672	A0301	0.841131770279672	A0301,A1101
MLSSHIATK	9	specific	0.0586798579891264	specific	0.837608537409041	specific	0.522419360499933	specific	0.000132470688438168	10.0423751065437	0.659553401363633	2.51900251900252	68.6286306865766	0.837608537409041	A0301	0.837608537409041	A0301,A1101
RISASCATR	9	specific	4.13762109950743e-05	specific	0.163224562142406	specific	0.0772230222174484	specific	5.32612505298778e-05	84.6724513332606	6.7162036799212	12.6331126331126	80.3367225284222	0.163224562142406	A0301	0.163224562142406	A0301
RLLRPIYDY	9	specific	0.0459388440828156	specific	0.853018015623093	specific	0.591833919783433	specific	0.0989290760758094	11.2848463548925	0.608384628014103	2.07770207770208	5.14950048928165	0.853018015623093	A0301	0.853018015623093	A0301,A1101
SALANPIGK	9	specific	0.000949881047640449	specific	0.520732802773515	specific	0.952566806475321	specific	8.80409958114559e-05	46.0168813698995	2.06659394254392	0.289000289000285	73.9841232888999	0.952566806475321	A1101	0.952566806475321	A0301,A1101
SMLFARHLR	9	specific	0.00141296597735037	specific	0.0669239045966404	specific	0.138494957149184	specific	0.000720172313744014	41.0682041276343	11.7805020784796	8.65640865640865	44.6027345352227	0.138494957149184	A1101	0.138494957149184	A1101
SVSDSHVYK	9	specific	0.00741428165375611	specific	0.872320034106573	specific	0.997475356525845	specific	0.000107871748605604	23.7640930555724	0.534048890352767	0.0173000173000148	71.3602433206251	0.997475356525845	A1101	0.997475356525845	A0301,A1101
IPVAIKTSP	9	specific	0.000649149259269471	specific	0.000981118123120773	specific	0.00488138051295108	specific	0.000235597968058935	50.9793941450449	62.7016910876688	42.4699424699425	60.6598399026072	0.00488138051295108	A1101	NA	unknown
VKIPVAIKT	9	specific	0.0168971245789382	specific	0.00697639417244444	specific	0.0119854545094401	specific	0.0144476458994884	17.382377772661	32.9623597265492	30.5891305891306	13.8056035095251	0.0168971245789382	A0201	NA	unknown
KIPVAIKTS	9	specific	0.0033489823948916	specific	0.0282778519286113	specific	0.00426187223053931	specific	0.000610692570798064	31.3033475930212	18.3309108746738	44.5024445024445	46.958341017726	0.0282778519286113	A0301	NA	unknown
VIAVASSMR	9	specific	2.21206015974555e-05	specific	0.160037745197769	specific	0.128708275799484	specific	0.000101581687207868	90.4580268308349	6.81098678173597	9.0932090932091	72.1154805491645	0.160037745197769	A0301	0.160037745197769	A0301,A1101
VTFNGQVFK	9	specific	0.0079037210344672	specific	0.988298463821411	specific	0.992024244202508	specific	0.000146519511889191	23.2302636628412	0.0745371895249036	0.0641000641000589	67.2647895584976	0.992024244202508	A1101	0.992024244202508	A0301,A1101
GSNNLILIY	9	specific	0.000389194326351031	specific	0.827886882424354	specific	0.815458552704917	specific	0.00123779180435406	57.8354561282322	0.695915462739971	0.922700922700925	37.1812740672659	0.827886882424354	A0301	0.827886882424354	A0301,A1101
KQLYRVFQK	9	specific	0.0437336568586589	specific	0.918083102173275	specific	0.909004951847924	specific	0.00949370359416611	11.5365116683027	0.36895908814828	0.493100493100496	16.6125987759392	0.918083102173275	A0301	0.918083102173275	A0301,A1101
AVEEVSLRK	9	specific	0.0032287612261453	specific	0.830396983027458	specific	0.996000097857581	specific	4.9928029388941e-05	31.6892276742974	0.687958114128528	0.0324000324000373	81.1261238109347	0.996000097857581	A1101	0.996000097857581	A0301,A1101
FGDDTVIEV	9	specific	0.903271039326986	specific	0.000942127811024335	specific	0.00656448161941322	specific	0.000570696730141012	0.534839285642152	63.4045566397023	38.2531382531383	47.9297490302548	0.903271039326986	A0201	0.903271039326986	A0201
NATNVVIKV	9	specific	0.756081854634815	specific	0.0068602107389577	specific	0.00340712567267979	specific	0.00656482994511154	1.05988261004804	33.1814386281934	47.994347994348	19.4310828392647	0.756081854634815	A0201	0.756081854634815	A0201
VGYLQPRTF	9	specific	0.000161149970515378	specific	0.0125489487606198	specific	0.00261119875672193	specific	0.075693627414714	69.429127735295	26.1018157863724	52.3202523202523	6.0120672679137	0.075693627414714	A2402	NA	unknown
FASEAARVV	9	specific	0.0780228895186964	specific	0.000364415018652739	specific	0.00564013738300875	specific	0.00018755702416592	8.6877047557877	79.2711068671919	40.3786403786404	63.8338719966622	0.0780228895186964	A0201	NA	unknown
KRVDWTIEY	9	specific	0.000998328479549728	specific	0.540964380734497	specific	0.0750060252902686	specific	0.0494173886962017	45.376003328607	1.94844242455375	12.8634128634129	7.60024227252434	0.540964380734497	A0301	0.540964380734497	A0301
HVKITDFGL	9	specific	0.0174264663107351	specific	0.0166176433523409	specific	0.00624560058525579	specific	0.00140531012734123	17.1719160900178	23.1931530540606	38.941938941939	35.5328332683309	0.0174264663107351	A0201	NA	unknown
FGLAKLLGA	9	specific	0.0903777472846236	specific	0.00173322396311879	specific	0.00400350570987863	specific	0.000103451210498228	8.06379291539925	53.1996095862884	45.4579454579455	71.8793555389606	0.0903777472846236	A0201	NA	unknown
HVKITDFGR	9	specific	5.95206133302217e-05	specific	0.0908317865260566	specific	0.136891069004842	specific	4.91115797325501e-05	80.9167605867074	9.87124204139231	8.72700872700872	81.3252629573977	0.136891069004842	A1101	0.136891069004842	A1101
FGRAKLLGA	9	specific	0.00199770834524011	specific	0.000553843755283509	specific	0.00111849234714194	specific	2.44914896767886e-05	36.9712705664691	72.4405792546885	66.7371667371667	89.2608974765966	0.00199770834524011	A0201	NA	unknown
VGYLQPRTF	9	specific	0.000161149970515378	specific	0.0125489487606198	specific	0.00261119875672193	specific	0.075693627414714	69.429127735295	26.1018157863724	52.3202523202523	6.0120672679137	0.075693627414714	A2402	NA	unknown
FASEAARVV	9	specific	0.0780228895186964	specific	0.000364415018652739	specific	0.00564013738300875	specific	0.00018755702416592	8.6877047557877	79.2711068671919	40.3786403786404	63.8338719966622	0.0780228895186964	A0201	NA	unknown
HADQLTPTW	9	specific	0.00112283883238812	specific	0.00124715194037586	specific	0.00282603926719073	specific	0.0118082522824996	43.92721095855	58.6456592663325	51.0437510437511	15.0898292905869	0.0118082522824996	A2402	NA	unknown
FAVDAAKAY	9	specific	0.000635948539114935	specific	0.00811966886879816	specific	0.0975973350888429	specific	0.000304981108650305	51.2460058735372	31.0864399728846	10.9102109102109	57.0017666544724	0.0975973350888429	A1101	NA	unknown
SLEDKAFQL	9	specific	0.928012368745274	specific	0.109529267224005	specific	0.117494436786445	specific	0.0846031013436409	0.434859887457539	8.80455442373184	9.66430966430967	5.63807669477391	0.928012368745274	A0201	0.928012368745274	A0201,A0301,A1101
GLITLSYHL	9	specific	0.971331491735246	specific	0.0393396736551242	specific	0.143492183767699	specific	0.159461803134117	0.232275369519819	15.5998279601085	8.45040845040845	3.77064330208179	0.971331491735246	A0201	0.971331491735246	A0201,A1101,A2402
KVKNEVASF	9	specific	0.00226810849997542	specific	0.0846532976649339	specific	0.0114510153980114	specific	0.0193380606904005	35.544594851162	10.2981185403201	31.1176311176311	12.0743224381243	0.0846532976649339	A0301	NA	unknown
LIVKTVLEF	9	specific	0.169251896400884	specific	0.133513403050731	specific	0.0236009115359694	specific	0.249506643186841	5.55774365686262	7.7206426717352	23.2204232204232	2.70530933585684	0.249506643186841	A2402	0.249506643186841	A0201,A0301,A2402
VATSRTLSY	9	specific	0.000130031007475218	specific	0.512675923191839	specific	0.160965807115038	specific	0.00625122344449996	72.0372771671292	2.11756126402987	7.77760777760778	19.8280510062271	0.512675923191839	A0301	0.512675923191839	A0301,A1101
STSAFVETV	9	specific	0.692827689647674	specific	0.00395245576142366	specific	0.0565838536532182	specific	0.000414061454791358	1.30851824472533	40.5473245681627	15.1369151369151	52.6182867381996	0.692827689647674	A0201	0.692827689647674	A0201
FGDDTVIEV	9	specific	0.903271039326986	specific	0.000942127811024335	specific	0.00656448161941322	specific	0.000570696730141012	0.534839285642152	63.4045566397023	38.2531382531383	47.9297490302548	0.903271039326986	A0201	0.903271039326986	A0201
SEFSSLPSY	9	specific	0.000736704123974461	specific	0.0480991651210287	specific	0.145073528091113	specific	0.000348492439768064	49.2791384401598	14.0852121237761	8.38280838280838	55.0760830458615	0.145073528091113	A1101	0.145073528091113	A1101
VGYLQPRTF	9	specific	0.000161149970515378	specific	0.0125489487606198	specific	0.00261119875672193	specific	0.075693627414714	69.429127735295	26.1018157863724	52.3202523202523	6.0120672679137	0.075693627414714	A2402	NA	unknown
EIKESVQTF	9	specific	0.00580196768586635	specific	0.00284806070340488	specific	0.00224618961935145	specific	0.0821625642012805	25.9640437727983	45.3810613088529	54.8440548440548	5.74792571787345	0.0821625642012805	A2402	NA	unknown
FASEAARVV	9	specific	0.0780228895186964	specific	0.000364415018652739	specific	0.00564013738300875	specific	0.00018755702416592	8.6877047557877	79.2711068671919	40.3786403786404	63.8338719966622	0.0780228895186964	A0201	NA	unknown
HADQLTPTW	9	specific	0.00112283883238812	specific	0.00124715194037586	specific	0.00282603926719073	specific	0.0118082522824996	43.92721095855	58.6456592663325	51.0437510437511	15.0898292905869	0.0118082522824996	A2402	NA	unknown
KRVDWTIEY	9	specific	0.000998328479549728	specific	0.540964380734497	specific	0.0750060252902686	specific	0.0494173886962017	45.376003328607	1.94844242455375	12.8634128634129	7.60024227252434	0.540964380734497	A0301	0.540964380734497	A0301
FAVDAAKAY	9	specific	0.000635948539114935	specific	0.00811966886879816	specific	0.0975973350888429	specific	0.000304981108650305	51.2460058735372	31.0864399728846	10.9102109102109	57.0017666544724	0.0975973350888429	A1101	NA	unknown
HVKITDFGL	9	specific	0.0174264663107351	specific	0.0166176433523409	specific	0.00624560058525579	specific	0.00140531012734123	17.1719160900178	23.1931530540606	38.941938941939	35.5328332683309	0.0174264663107351	A0201	NA	unknown
FGLAKLLGA	9	specific	0.0903777472846236	specific	0.00173322396311879	specific	0.00400350570987863	specific	0.000103451210498228	8.06379291539925	53.1996095862884	45.4579454579455	71.8793555389606	0.0903777472846236	A0201	NA	unknown
HVKITDFGR	9	specific	5.95206133302217e-05	specific	0.0908317865260566	specific	0.136891069004842	specific	4.91115797325501e-05	80.9167605867074	9.87124204139231	8.72700872700872	81.3252629573977	0.136891069004842	A1101	0.136891069004842	A1101
FGRAKLLGA	9	specific	0.00199770834524011	specific	0.000553843755283509	specific	0.00111849234714194	specific	2.44914896767886e-05	36.9712705664691	72.4405792546885	66.7371667371667	89.2608974765966	0.00199770834524011	A0201	NA	unknown
TVLEFILQK	9	specific	0.257326189480308	specific	0.99875293440289	specific	0.999584424495697	specific	0.000829351160518854	4.13187585588424	0.00423048913519297	0.00030000030000199	42.6256536772716	0.999584424495697	A1101	0.999584424495697	A0201,A0301,A1101
FVFSKYCHR	9	specific	0.00106547727461203	specific	0.372862291108403	specific	0.656355180011855	specific	0.000544647844832961	44.5738453894349	3.21104197954659	1.7003017003017	48.6011381971256	0.656355180011855	A1101	0.656355180011855	A0301,A1101
HALDKARTR	9	specific	7.96729805259923e-05	specific	0.0513975233527971	specific	0.125229958920681	specific	0.000229855980807943	77.7575125933646	13.5950797396839	9.26260926260927	61.0150855965759	0.125229958920681	A1101	0.125229958920681	A1101
QSIWSRLQK	9	specific	9.19330895003388e-05	specific	0.191850288791789	specific	0.761357163720661	specific	7.20569368393992e-05	76.135927546243	5.93487262702296	1.16680116680117	76.5589239230009	0.761357163720661	A1101	0.761357163720661	A0301,A1101
SAFLQLTAK	9	specific	0.000572074796017831	specific	0.441443532415562	specific	0.943048046694861	specific	2.31991217125459e-05	52.6447075552108	2.60839872964455	0.340500340500338	89.8189103581582	0.943048046694861	A1101	0.943048046694861	A0301,A1101
SVGHQLFHR	9	specific	0.00168742535304531	specific	0.372489576331443	specific	0.92328516278002	specific	0.00290707860758393	38.9152134307678	3.21325795004598	0.429400429400428	26.9915174382805	0.92328516278002	A1101	0.92328516278002	A0301,A1101
TNFYETAMR	9	specific	2.59868860990183e-05	specific	0.0238570165602949	specific	0.0450094920149746	specific	6.93680738307852e-05	89.0430658732948	19.7691764547091	17.1151171151171	77.0428642981605	0.0450094920149746	A1101	NA	unknown
YTWEQMGLR	9	specific	0.000312533424718454	specific	0.176483860191527	specific	0.251845228674332	specific	0.000685598385656484	60.7747494455688	6.33203497607255	5.4909054909055	45.2953880542715	0.251845228674332	A1101	0.251845228674332	A0301,A1101
EIIPQCIAR	9	specific	0.000482913711314351	specific	0.0862291570830469	specific	0.358490977891617	specific	0.00132624860875339	54.9142398940016	10.1865142078963	3.94130394130394	36.2698295123006	0.358490977891617	A1101	0.358490977891617	A1101
EVCAPVIKR	9	specific	0.00023316876082371	specific	0.665310338967376	specific	0.883917695615027	specific	0.000159610426647057	64.6528392129299	1.32172567695381	0.600500600500598	66.0687453326763	0.883917695615027	A1101	0.883917695615027	A0301,A1101
EYFRYLYHR	9	specific	7.39455475951692e-05	specific	0.0149193040494235	specific	0.121542554635865	specific	0.249579625108486	78.5623972433963	24.2923751476894	9.45300945300945	2.70379765205272	0.249579625108486	A2402	0.249579625108486	A1101,A2402
FAASAVGSR	9	specific	4.15437515218042e-05	specific	0.0115205627966386	specific	0.0680103613425874	specific	1.47539965471072e-05	84.6288239595073	27.0311132330707	13.6308136308136	93.9444970174479	0.0680103613425874	A1101	NA	unknown
FISGTFGLK	9	specific	0.000874750643978572	specific	0.795503707064523	specific	0.716352571547031	specific	0.000346063937691257	47.048688957023	0.809534313799554	1.38480138480138	55.1722261358036	0.795503707064523	A0301	0.795503707064523	A0301,A1101
FSAKAGPAR	9	specific	5.44843871359838e-05	specific	0.00387758656186937	specific	0.109602550794888	specific	3.26200733876915e-05	81.8512144972147	40.8128381243623	10.1169101169101	86.1847217141285	0.109602550794888	A1101	0.109602550794888	A1101
FGLAKLLGA	9	specific	0.0903777472846236	specific	0.00173322396311879	specific	0.00400350570987863	specific	0.000103451210498228	8.06379291539925	53.1996095862884	45.4579454579455	71.8793555389606	0.0903777472846236	A0201	NA	unknown
SECDIGLIY	9	specific	3.58094197208059e-05	specific	0.117035133562361	specific	0.383692945767608	specific	0.000506803071366512	86.0982181449479	8.43136484644835	3.67190367190368	49.6437969062887	0.383692945767608	A1101	0.383692945767608	A0301,A1101
HVKITDFGR	9	specific	5.95206133302217e-05	specific	0.0908317865260566	specific	0.136891069004842	specific	4.91115797325501e-05	80.9167605867074	9.87124204139231	8.72700872700872	81.3252629573977	0.136891069004842	A1101	0.136891069004842	A1101
FGRAKLLGA	9	specific	0.00199770834524011	specific	0.000553843755283509	specific	0.00111849234714194	specific	2.44914896767886e-05	36.9712705664691	72.4405792546885	66.7371667371667	89.2608974765966	0.00199770834524011	A0201	NA	unknown
HVKITDFGL	9	specific	0.0174264663107351	specific	0.0166176433523409	specific	0.00624560058525579	specific	0.00140531012734123	17.1719160900178	23.1931530540606	38.941938941939	35.5328332683309	0.0174264663107351	A0201	NA	unknown
QVDYYGLYY	9	specific	0.000197377971852772	specific	0.91127159860399	specific	0.659332530862755	specific	0.00138436415725817	66.8571324696729	0.393032585846198	1.68270168270168	35.7256233428166	0.91127159860399	A0301	0.91127159860399	A0301,A1101
KSAIVTLTY	9	specific	0.00045589969420041	specific	0.945240921444363	specific	0.533640798429648	specific	0.00444027704299717	55.675396180989	0.270146949061889	2.44060244060244	22.8198748124252	0.945240921444363	A0301	0.945240921444363	A0301,A1101
TTFFESVSY	9	specific	0.000406851373178628	specific	0.718950605061319	specific	0.795072009497219	specific	0.000373610576361393	57.2368925999087	1.09962499735594	1.00920100920101	54.0921784472186	0.795072009497219	A1101	0.795072009497219	A0301,A1101
LSSNIENIY	9	specific	6.32073737590641e-05	specific	0.0686626420537424	specific	0.033151414036446	specific	0.00127877777491802	80.285476528069	11.6118868686624	19.9331199331199	36.7422810905489	0.0686626420537424	A0301	NA	unknown
NSDKLDLIY	9	specific	2.63912070820586e-05	specific	0.012021011524943	specific	0.0225377655680088	specific	0.000160152992003463	88.905922415987	26.5690833839481	23.6809236809237	66.0259142915595	0.0225377655680088	A1101	NA	unknown
NSPNVNKRY	9	specific	0.000110300000371641	specific	0.0222435291525067	specific	0.0185649354103387	specific	0.0021947029747581	74.0221206943216	20.4063686992152	25.6893256893257	30.1079039899382	0.0222435291525067	A0301	NA	unknown
CRDKTSALY	9	specific	1.00398444839891e-05	specific	0.00121293807318921	specific	0.000471641894966742	specific	0.000267439978984838	96.0376851638652	59.1141355750897	80.7743807743808	58.8840145484449	0.00121293807318921	A0301	NA	unknown
FLENFNFPL	9	specific	0.929045745813184	specific	0.0282919186679389	specific	0.0401607061446864	specific	0.0057011875759296	0.430416358649333	18.3249680446981	18.1600181600182	20.607676733473	0.929045745813184	A0201	0.929045745813184	A0201
FTNVNQFFK	9	specific	0.00405628145133001	specific	0.655785316477219	specific	0.909550889995363	specific	0.00112474018410593	29.3578898893561	1.36231822746534	0.491200491200494	38.4548172827786	0.909550889995363	A1101	0.909550889995363	A0301,A1101
FTYDSEEYY	9	specific	0.0131006724222971	specific	0.248513501603156	specific	0.18602094317062	specific	0.000303056092796083	19.1974583015217	4.79314419017862	6.993806993807	57.0895450940318	0.248513501603156	A0301	0.248513501603156	A0301,A1101
PSDKHIEQY	9	specific	5.11848249278104e-05	specific	0.00506513832596182	specific	0.0170369870079513	specific	0.000267678710730874	82.4946172707846	37.1419822661924	26.5896265896266	58.8711148466498	0.0170369870079513	A1101	NA	unknown
TMANQNMNY	9	specific	0.00248649686964263	specific	0.485448741043607	specific	0.00719301599332943	specific	0.00445188023815162	34.5034962492577	2.28939970366431	36.995836995837	22.795587092639	0.485448741043607	A0301	0.485448741043607	A0301
NNNFRNNMY	9	specific	1.09080746017583e-05	specific	0.0156843526499061	specific	0.00219599675158335	specific	0.00185676096597484	95.5718215640413	23.7902563777142	55.2295552295552	32.0697672309278	0.0156843526499061	A0301	NA	unknown
NTFDALYYV	9	specific	0.972702560159895	specific	0.0769770889652945	specific	0.349633340040843	specific	0.00310272956218493	0.223994247649983	10.8880703228165	4.04430404430405	26.3066238960929	0.972702560159895	A0201	0.972702560159895	A0201,A1101
LISRLTLKY	9	specific	0.00558501859718995	specific	0.833004807101356	specific	0.340914840074967	specific	0.00633160547078988	26.3196270667458	0.676072454177257	4.15030415030415	19.7228378134602	0.833004807101356	A0301	0.833004807101356	A0301,A1101
SSANDEQSY	9	specific	4.73221000778342e-05	specific	0.00471233184339326	specific	0.0391700423464095	specific	5.0133807627538e-05	83.3063691926108	38.1154983969468	18.3881183881184	81.0779514870434	0.0391700423464095	A1101	NA	unknown
NTVKCPNDY	9	specific	1.88671264954651e-05	specific	0.00352145177741426	specific	0.0388441545268304	specific	0.000392542866299866	91.7669490327246	42.2137343837033	18.4641184641185	53.3867260052949	0.0388441545268304	A1101	NA	unknown
HTSVFPGLY	9	specific	6.1502504093553e-05	specific	0.689861545628972	specific	0.353565688927968	specific	0.00194301710915274	80.5780425043728	1.21918667839116	3.996403996404	31.5418872465284	0.689861545628972	A0301	0.689861545628972	A0301,A1101
ASFSASTGY	9	specific	7.54000265427151e-05	specific	0.402687800841199	specific	0.612200886507829	specific	6.94139232374861e-05	78.3435534495922	2.9271963037612	1.95180195180196	77.0312747223289	0.612200886507829	A1101	0.612200886507829	A0301,A1101
DSDDLKESY	9	specific	6.0744499612053e-05	specific	0.000485459215328395	specific	0.0111777180827428	specific	8.34919709898981e-05	80.7153879402628	74.6597729838949	31.4020314020314	74.6791955020352	0.0111777180827428	A1101	NA	unknown
PSDKHITEY	9	specific	3.75594409898156e-05	specific	0.00906674921938651	specific	0.0399216229782218	specific	0.000222535018328863	85.6402317098295	29.7461807244813	18.2142182142182	61.4659704858854	0.0399216229782218	A1101	NA	unknown
LTHKYNEFV	9	specific	0.070296731238745	specific	0.00253854963211779	specific	0.00132690211452374	specific	0.000195702298599285	9.1621524453547	47.1516217378648	63.8164638164638	63.2578196883714	0.070296731238745	A0201	NA	unknown
KEDDTFEVY	9	specific	0.000219154085131616	specific	0.0100018289490638	specific	0.0734030707687554	specific	0.00355406794869345	65.4554011092664	28.6147263326796	13.026213026213	24.9486279453899	0.0734030707687554	A1101	NA	unknown
DTFEVYSEY	9	specific	0.000228118513479476	specific	0.229760436630911	specific	0.345265993475914	specific	0.00196215985249384	64.936215163744	5.13087823947187	4.09600409600409	31.4216579946406	0.345265993475914	A1101	0.345265993475914	A0301,A1101
VATSRTLSY	9	specific	0.000130031007475218	specific	0.512675923191839	specific	0.160965807115038	specific	0.00625122344449996	72.0372771671292	2.11756126402987	7.77760777760778	19.8280510062271	0.512675923191839	A0301	0.512675923191839	A0301,A1101
YGDDVIFSY	9	specific	0.029693845655048	specific	0.0825675359859209	specific	0.370611606972913	specific	0.00831591445390182	13.7249496063437	10.4535386530727	3.81450381450381	17.585820809033	0.370611606972913	A1101	0.370611606972913	A1101
NTNGIRYHY	9	specific	0.000439834250963618	specific	0.103734907294468	specific	0.41178287582265	specific	0.00359023702573419	56.1550953136929	9.10894818960246	3.39340339340339	24.8429108580217	0.41178287582265	A1101	0.41178287582265	A0301,A1101
NKNDDSYRY	9	specific	0.000133014961553547	specific	0.00520713038259512	specific	0.0342293419719188	specific	0.00554000599343251	71.7634951989691	36.7746347929528	19.6334196334196	20.8318090521642	0.0342293419719188	A1101	NA	unknown
NEDYKNVDY	9	specific	7.74884674055152e-05	specific	0.00463883987038621	specific	0.00967384460254834	specific	0.000159258344397253	78.048563730302	38.3232959942304	33.1685331685332	66.0982735563168	0.00967384460254834	A1101	NA	unknown
LTIIYIHLF	9	specific	0.0158695712292279	specific	0.191665531017093	specific	0.307400325799568	specific	0.706986139549149	17.8238019640397	5.93950601988531	4.58730458730459	0.798068269656171	0.706986139549149	A2402	0.706986139549149	A0301,A1101,A2402
NLFEQLSCY	9	specific	0.0164973976616036	specific	0.202008679198722	specific	0.0508212708646574	specific	0.00319566234634547	17.5548674818522	5.69776378358832	16.044416044416	26.009225302362	0.202008679198722	A0301	0.202008679198722	A0301
SIYHKSSTY	9	specific	0.00090405755663912	specific	0.689241537782881	specific	0.240088565564818	specific	0.00130841653158061	46.6290784525209	1.22079829329981	5.70660570660571	36.4495183271505	0.689241537782881	A0301	0.689241537782881	A0301,A1101
LNDEYIVSY	9	specific	0.00219271050404125	specific	0.117803348833048	specific	0.144578244971409	specific	0.00381474981162581	35.9146196137362	8.39792383709393	8.4039084039084	24.2485167862409	0.144578244971409	A1101	0.144578244971409	A0301,A1101
DVSTLNDEY	9	specific	0.000119871217107795	specific	0.0125126166015384	specific	0.0265448862234406	specific	0.000346198480833336	73.0279821127768	26.1322350177731	22.0605220605221	55.1684973157535	0.0265448862234406	A1101	NA	unknown
GEEDETHIY	9	specific	1.82790147718353e-05	specific	0.00143131370151271	specific	0.0270632104873787	specific	0.000186290296756514	92.0260875536758	56.3343013095378	21.8783218783219	63.9234644567865	0.0270632104873787	A1101	NA	unknown
STSAFVETV	9	specific	0.692827689647674	specific	0.00395245576142366	specific	0.0565838536532182	specific	0.000414061454791358	1.30851824472533	40.5473245681627	15.1369151369151	52.6182867381996	0.692827689647674	A0201	0.692827689647674	A0201
PSDKHIKEY	9	specific	6.13278837289134e-05	specific	0.00948006286779951	specific	0.0201266758569141	specific	0.000144566631506906	80.608844238157	29.2429539692564	24.8589248589249	67.4517344556074	0.0201266758569141	A1101	NA	unknown
CSSVFNVVN	9	specific	4.20539093841759e-05	specific	0.00256943019577552	specific	0.00881118593747867	specific	0.000121860141584164	84.505919992244	46.9693078013241	34.3271343271343	69.7556413520097	0.00881118593747867	A1101	NA	unknown
NSSIGLIMV	9	specific	0.0159868361708706	specific	0.00648867880579726	specific	0.00150506861164609	specific	0.0010670173594431	17.7720954469988	33.89629056611	61.6501616501616	39.1539206527249	0.0159868361708706	A0201	NA	unknown
KMEKCSSVF	9	specific	0.000162204827178176	specific	0.000815149112994678	specific	0.000403245694534525	specific	0.00720063352451285	69.3480333345452	65.829331995693	82.997882997883	18.6866289551947	0.00720063352451285	A2402	NA	unknown
VTCGNGIQV	9	specific	0.01314384237985	specific	0.0230885201612384	specific	0.0365283799435322	specific	0.000354467163113586	19.1747357110252	20.053727212017	19.036919036919	54.8394541410562	0.0365283799435322	A1101	NA	unknown
LSTEWSPCS	9	specific	0.000213063167222814	specific	0.000581244320816252	specific	0.00309998430057527	specific	0.000197639936389406	65.830172368522	71.6163389548476	49.5300495300495	63.1272102076953	0.00309998430057527	A1101	NA	unknown
NVDENANAN	9	specific	7.7434767285784e-05	specific	0.000729552819781808	specific	0.00519051405044293	specific	9.46959207573496e-05	78.0582587022472	67.736778966008	41.5804415804416	73.0448637519387	0.00519051405044293	A1101	NA	unknown
STEWSPCSV	9	specific	0.005066907020723	specific	0.000734757619051191	specific	0.00484265741988565	specific	5.47049588553487e-05	27.2286316758971	67.6204405147901	42.5955425955426	80.0089894796885	0.005066907020723	A0201	NA	unknown
SEFSSLPSY	9	specific	0.000736704123974461	specific	0.0480991651210287	specific	0.145073528091113	specific	0.000348492439768064	49.2791384401598	14.0852121237761	8.38280838280838	55.0760830458615	0.145073528091113	A1101	0.145073528091113	A1101
ASSFLKSFY	9	specific	6.89869566939169e-05	specific	0.20694694754978	specific	0.358196897049331	specific	0.000313707351166196	79.3442563350582	5.59613131841179	3.94470394470394	56.5981470787718	0.358196897049331	A1101	0.358196897049331	A0301,A1101
CVDWLIAVY	9	specific	0.00154540896902259	specific	0.0982507719720363	specific	0.0944421508258933	specific	0.000901824267042804	39.9899414666069	9.41696808901755	11.1441111441111	41.4595407907719	0.0982507719720363	A0301	NA	unknown
DTDSRFISY	9	specific	0.000170325089498417	specific	0.264846802492523	specific	0.165517342690792	specific	0.0023683418747437	68.7196779653486	4.53337201209114	7.62940762940763	29.2547096508917	0.264846802492523	A0301	0.264846802492523	A0301,A1101
FATCLGLFY	9	specific	0.000207924800846331	specific	0.0998477340938633	specific	0.0447694310154071	specific	0.00117090494644901	66.1636390077196	9.33296266190434	17.1641171641172	37.9211928999235	0.0998477340938633	A0301	NA	unknown
FSDVGEVPY	9	specific	0.00041517880718492	specific	0.0117091620376565	specific	0.0737221828610574	specific	3.04551155645861e-05	56.9588690815226	26.8554472080283	12.996112996113	86.9544711071874	0.0737221828610574	A1101	NA	unknown
FSSPTHSLY	9	specific	9.23868340263676e-05	specific	0.0351980348268019	specific	0.12750191027439	specific	0.00472115413981303	76.0790705753562	16.4904466489993	9.15280915280915	22.2493653447496	0.12750191027439	A1101	0.12750191027439	A1101
FTDRERHCF	9	specific	0.000589079504860971	specific	0.000251969089896262	specific	0.0038071392425656	specific	0.000909064359267278	52.2536770200888	84.6595413142518	46.2260462260462	41.3463660633033	0.0038071392425656	A1101	NA	unknown
IAADGEFLY	9	specific	0.00112975846726092	specific	0.253668984005021	specific	0.243425551739832	specific	0.00296001242504771	43.8550036154166	4.70531117765738	5.64710564710564	26.7891533663687	0.253668984005021	A0301	0.253668984005021	A0301,A1101
ISVATFLPY	9	specific	0.00045388757233301	specific	0.690672532717387	specific	0.661964129873862	specific	0.0035968402971406	55.7350808520265	1.21465401146059	1.67030167030167	24.826181557256	0.690672532717387	A0301	0.690672532717387	A0301,A1101
LTEQYNEKY	9	specific	0.000658101956045892	specific	0.035738041260629	specific	0.0805604168188034	specific	0.000248190363388466	50.7961995709975	16.3639348786706	12.3100123100123	59.9377589388383	0.0805604168188034	A1101	NA	unknown
LTQGYIYFY	9	specific	0.0377576312843467	specific	0.636400642328792	specific	0.884083654483159	specific	0.0153392190225127	12.339881478968	1.44853962507794	0.599400599400601	13.4319152731461	0.884083654483159	A1101	0.884083654483159	A0301,A1101
LTVDYATFY	9	specific	0.000952065149956106	specific	0.613356924802065	specific	0.741703718238407	specific	0.00500950962524864	45.9886043683928	1.55359677193534	1.26320126320126	21.7213845814299	0.741703718238407	A1101	0.741703718238407	A0301,A1101
LVDIVLNFY	9	specific	0.00357397986164819	specific	0.811547285318375	specific	0.338094160291884	specific	0.00608463026350579	30.6409588327254	0.753127791996921	4.18230418230419	20.0623619958661	0.811547285318375	A0301	0.811547285318375	A0301,A1101
MLDIIKAIY	9	specific	0.00185940637390761	specific	0.171439472534176	specific	0.0556653674843094	specific	0.00170731749531367	37.7985748391241	6.47436071769241	15.2719152719153	33.0832000532113	0.171439472534176	A0301	0.171439472534176	A0301
QLDVSRLWY	9	specific	0.000574090460271432	specific	0.22768324799965	specific	0.0270992555678782	specific	0.00121851953946569	52.5887594879439	5.17016135287014	21.8641218641219	37.3890802008725	0.22768324799965	A0301	0.22768324799965	A0301
SSDCSAWYM	9	specific	0.000638641799629985	specific	0.0015717445938874	specific	0.006313781354883	specific	0.000242005372238118	51.1941983672051	54.7801001820118	38.7960387960388	60.2797018153307	0.006313781354883	A1101	NA	unknown
VSEGGCFCY	9	specific	5.17895324989918e-05	specific	0.0066443906026791	specific	0.059845306965225	specific	0.000152537159475151	82.3768637573672	33.5925011558301	14.6681146681147	66.7103039391457	0.059845306965225	A1101	NA	unknown
RPNDCESVL	9	specific	0.00105116505229397	specific	0.00157963738502455	specific	0.00161684291142655	specific	0.00139258237292255	44.7454261950063	54.7001237921702	60.4190604190604	35.6543726461823	0.00161684291142655	A1101	NA	unknown
LPDINKSKF	9	specific	9.26175533297811e-05	specific	0.00145843343898693	specific	0.00118646744834289	specific	0.00715447532386154	76.0516014881782	56.0096616313773	65.7313657313657	18.7371191942524	0.00715447532386154	A2402	NA	unknown
YPIEKLGHV	9	specific	0.444742725643381	specific	0.0015472743455651	specific	0.0033711404160777	specific	0.00929194396975264	2.50342353696814	55.0383614711224	48.1670481670482	16.7678990920827	0.444742725643381	A0201	0.444742725643381	A0201
RVAKNTKKL	9	specific	0.0338264983121513	specific	0.161826193824203	specific	0.0424063717273788	specific	0.0289429957309039	12.9538963688291	6.75729986009168	17.6562176562177	9.96018224859943	0.161826193824203	A0301	0.161826193824203	A0301
LLNSDRRDL	9	specific	0.0340675838452474	specific	0.0101284243128696	specific	0.0029422095342472	specific	0.00150351761618468	12.9142075774285	28.4684722797199	50.3908503908504	34.6647236490838	0.0340675838452474	A0201	NA	unknown
RAEISRNDL	9	specific	0.000269749361981998	specific	0.000349848658863432	specific	0.000459269070594025	specific	0.000226941007309418	62.7360624679359	79.9096085488113	81.1570811570812	61.1921541594988	0.000459269070594025	A1101	NA	unknown
KPNVNHTEL	9	specific	0.00200928341676783	specific	0.00384828702784969	specific	0.0028819574010107	specific	0.0183497397725457	36.9064354415858	40.9260540716947	50.7214507214507	12.3687984431672	0.0183497397725457	A2402	NA	unknown
FLKKKNITL	9	specific	0.977519220776028	specific	0.0795578944344824	specific	0.00223726602889028	specific	0.0392045379655125	0.198342967711707	10.6892373334623	54.9137549137549	8.56439420279339	0.977519220776028	A0201	0.977519220776028	A0201
HCRDKTSAL	9	specific	0.000380692937383744	specific	0.000634652378685985	specific	0.000286256253653955	specific	0.000538829065706321	58.1394338944298	70.0818801099524	87.4541874541874	48.7533143667405	0.000634652378685985	A0301	NA	unknown
SPNDNINVT	9	specific	0.000632527333156602	specific	0.00300831681026447	specific	0.0120297696591883	specific	0.000728518617918934	51.3135677092801	44.5554108459669	30.5465305465305	44.4378602216532	0.0120297696591883	A1101	NA	unknown
LQKHGFHTM	9	specific	0.0083962968062628	specific	0.00156570854766424	specific	0.000581080434754	specific	0.0155681454038131	22.7138044281784	54.8437589709033	77.5573775573776	13.3378885405298	0.0155681454038131	A2402	NA	unknown
YLKKIQNSL	9	specific	0.445950229075323	specific	0.0134631211028439	specific	0.0015863473556152	specific	0.10491185250899	2.49554637226268	25.3549330021465	60.7384607384607	4.96578051762069	0.445950229075323	A0201	0.445950229075323	A0201,A2402
GLITLSYHL	9	specific	0.971331491735246	specific	0.0393396736551242	specific	0.143492183767699	specific	0.159461803134117	0.232275369519819	15.5998279601085	8.45040845040845	3.77064330208179	0.971331491735246	A0201	0.971331491735246	A0201,A1101,A2402
RASHTTPVL	9	specific	0.0171085788248699	specific	0.00848518210300932	specific	0.0141536437804765	specific	0.0911874181526299	17.2962339073565	30.5550099567584	28.6506286506287	5.40185090564976	0.0911874181526299	A2402	NA	unknown
CPRKNLQNA	9	specific	0.000171758497586048	specific	6.00872020690739e-05	specific	9.95886538789965e-05	specific	3.16282909483255e-05	68.6210114279482	97.4043934636928	96.5768965768966	86.5307965263522	0.000171758497586048	A0201	NA	unknown
HPIEVENNF	9	specific	0.000803940110644498	specific	0.00287018905091827	specific	0.00150066630107075	specific	0.127027138720991	48.1287694252901	45.2667373762708	61.6926616926617	4.39285235585843	0.127027138720991	A2402	0.127027138720991	A2402
APRIFISDD	9	specific	2.07120074979436e-05	specific	0.00117999499133532	specific	0.00128063847043652	specific	2.61117954525831e-05	91.0072065958126	59.5696182386459	64.4173644173644	88.5769109446915	0.00128063847043652	A1101	NA	unknown
KRASHTTPV	9	specific	0.00396337611468375	specific	0.006489724944082	specific	0.000623363653599145	specific	0.000178294104123881	29.593396916191	33.8942760474742	76.4652764652765	64.5280371995151	0.006489724944082	A0301	NA	unknown
EPRSPSHSM	9	specific	0.000126874180989369	specific	0.000321071991533491	specific	0.000261442913739445	specific	0.000133221216390409	72.3448905478063	81.2161246100647	88.5327885327885	68.5552636326165	0.000321071991533491	A0301	NA	unknown
LPIEPKKLA	9	specific	0.00917373119598576	specific	0.0022955635580249	specific	0.0327189462803088	specific	0.000186236904576968	21.978905356876	48.7141831177295	20.0549200549201	63.9291080763219	0.0327189462803088	A1101	NA	unknown
LPPPPPNNL	9	specific	0.0259673290811091	specific	0.0261211654271594	specific	0.0177852959663644	specific	0.451496872181694	14.5424579177624	18.9830105570849	26.1297261297261	1.53214192493785	0.451496872181694	A2402	0.451496872181694	A2402
NPVQLKSKF	9	specific	0.000137336854644703	specific	0.000462390771113953	specific	0.0010006954633528	specific	0.0151429004128456	71.3843814001963	75.457522363675	68.6332686332686	13.5072979055117	0.0151429004128456	A2402	NA	unknown
IPMNVNPNI	9	specific	0.276047392386115	specific	0.00795168535146836	specific	0.00548196324750986	specific	0.168887229011549	3.91424393357328	31.3329163279757	40.7838407838408	3.62763801421184	0.276047392386115	A0201	0.276047392386115	A0201,A2402
FPPNTFDAL	9	specific	0.0359265623574578	specific	0.00069765842755487	specific	0.00161984582821301	specific	0.102605063900248	12.6191168688472	68.4941372471401	60.3880603880604	5.03037980551684	0.102605063900248	A2402	0.102605063900248	A2402
NPLGEADSL	9	specific	0.00262220304271163	specific	0.000232161173221831	specific	0.000465176886931928	specific	0.00189834712405046	33.919475178852	85.7702461641047	80.971480971481	31.812377868546	0.00262220304271163	A0201	NA	unknown
HPMPINIKL	9	specific	0.399488578364253	specific	0.0724391666299198	specific	0.0275344405235147	specific	0.141843282158435	2.81285472488497	11.2722390266652	21.7049217049217	4.08839923770825	0.399488578364253	A0201	0.399488578364253	A0201,A2402
KPGSAGKSK	9	specific	1.30948708917287e-05	specific	0.136630199153701	specific	0.196661870564438	specific	8.8838041648979e-06	94.4149892345416	7.60138316849535	6.6982066982067	97.2027802888525	0.196661870564438	A1101	0.196661870564438	A0301,A1101
APFARVLNL	9	specific	0.280928282943528	specific	0.403518030419946	specific	0.121058603189886	specific	0.0287138639422159	3.86031565212824	2.92185782937632	9.47900947900948	9.9998891431877	0.403518030419946	A0301	0.403518030419946	A0201,A0301,A1101
EVASFKQAL	9	specific	0.0144054473643034	specific	0.00189650782110328	specific	0.0212462421110508	specific	0.00107790537557801	18.5055806682259	51.7192405667647	24.2956242956243	39.023411950969	0.0212462421110508	A1101	NA	unknown
LPASPAHQL	9	specific	0.0154066567646762	specific	0.00656696841058672	specific	0.0216551610911135	specific	0.0201720312283012	18.0332537537719	33.7433886016521	24.0961240961241	11.8409184587678	0.0216551610911135	A1101	NA	unknown
HPKYRNFKF	9	specific	0.000450948836548469	specific	0.0157916380514103	specific	0.00239492222929635	specific	0.104598133705763	55.8162762420673	23.7133017658263	53.7648537648538	4.97233114743856	0.104598133705763	A2402	0.104598133705763	A2402
APRITFGGP	9	specific	4.50797929088127e-05	specific	0.00144108222711168	specific	0.00129185122362764	specific	3.78407280466478e-05	83.8017216654346	56.2122214802079	64.2694642694643	84.4723870797393	0.00144108222711168	A0301	NA	unknown
YLNKIQNSL	9	specific	0.655225189516528	specific	0.0290788343583699	specific	0.00436003461734242	specific	0.186310078560685	1.44970127367694	18.0820170972197	44.1552441552442	3.38072965953857	0.655225189516528	A0201	0.655225189516528	A0201,A2402
QVRIKPGSA	9	specific	0.000202397477620106	specific	0.00376655057542495	specific	0.00208379482018073	specific	1.16360957494973e-05	66.5321489309274	41.2326638080647	56.1152561152561	95.6411101402742	0.00376655057542495	A0301	NA	unknown
MPNDPNRNV	9	specific	0.0142712505289839	specific	0.0087930788800198	specific	0.00445749673718233	specific	0.000291505322760659	18.5757682255374	30.1195717536284	43.8237438237438	57.6461470707095	0.0142712505289839	A0201	NA	unknown
NPNANPNAN	9	specific	1.10223871216373e-05	specific	0.000929740680292686	specific	0.000853775095273828	specific	0.000202786028356037	95.5119349144217	63.63058563064	71.2952712952713	62.7629951898221	0.000929740680292686	A0301	NA	unknown
KMEKCSSVF	9	specific	0.000162204827178176	specific	0.000815149112994678	specific	0.000403245694534525	specific	0.00720063352451285	69.3480333345452	65.829331995693	82.997882997883	18.6866289551947	0.00720063352451285	A2402	NA	unknown
MNRTFKKMM	9	specific	9.20689601677014e-05	specific	0.000271889698585619	specific	0.000304754793983876	specific	0.000125599705499132	76.121183109743	83.6187402610615	86.6939866939867	69.3448664729696	0.000304754793983876	A1101	NA	unknown
FVIIPHYTF	9	specific	0.0694975944467135	specific	0.0279248509166589	specific	0.174285505472734	specific	0.567938348237011	9.22163513780999	18.4337520510318	7.35030735030735	1.13930569370666	0.567938348237011	A2402	0.567938348237011	A1101,A2402
ITSDHLRQM	9	specific	0.0250232953028495	specific	0.124378667783458	specific	0.0380811981660372	specific	0.00303966048943241	14.7817015483678	8.10148741983475	18.6492186492186	26.5154378189023	0.124378667783458	A0301	0.124378667783458	A0301
RPYISKNDL	9	specific	0.000612251129502973	specific	0.00979255421602324	specific	0.00296758380625323	specific	0.00237092782317379	51.7525681576726	28.8639222879291	50.2495502495502	29.2430192961399	0.00979255421602324	A0301	NA	unknown
FVLENGVCI	9	specific	0.581842580934366	specific	0.00453194039684932	specific	0.0219600849388775	specific	0.00828905316696667	1.7607482902513	38.6333304122813	23.958023958024	17.6104108655801	0.581842580934366	A0201	0.581842580934366	A0201
KVKDSWITL	9	specific	0.274106192098568	specific	0.265034573333752	specific	0.101337056474424	specific	0.0709554556614926	3.93312893100816	4.53105531565996	10.6486106486106	6.23499023956157	0.274106192098568	A0201	0.274106192098568	A0201,A0301,A1101
STSAFVETV	9	specific	0.692827689647674	specific	0.00395245576142366	specific	0.0565838536532182	specific	0.000414061454791358	1.30851824472533	40.5473245681627	15.1369151369151	52.6182867381996	0.692827689647674	A0201	0.692827689647674	A0201
FASEAARVV	9	specific	0.0780228895186964	specific	0.000364415018652739	specific	0.00564013738300875	specific	0.00018755702416592	8.6877047557877	79.2711068671919	40.3786403786404	63.8338719966622	0.0780228895186964	A0201	NA	unknown
ATAAARGPV	9	specific	0.00170476229140743	specific	0.00714372471347815	specific	0.0263317186627925	specific	1.23973702588456e-05	38.7946322171997	32.6633044350635	22.1363221363221	95.2054428679262	0.0263317186627925	A1101	NA	unknown
GPSPSSEAL	9	specific	0.00295606362176639	specific	0.000499525652835578	specific	0.00412716684830525	specific	0.00180266030860328	32.6252974134623	74.1828356968673	44.991744991745	32.432168228236	0.00412716684830525	A1101	NA	unknown
GPVEEVRAL	9	specific	0.0157806032052659	specific	0.000550679312965248	specific	0.00622977050824274	specific	0.0007649068328987	17.8724788023478	72.5363696158212	38.977138977139	43.7313999905268	0.0157806032052659	A0201	NA	unknown
KPANHRGQL	9	specific	0.00401023857427087	specific	0.0036080961113233	specific	0.00143710083622182	specific	0.00161047513852124	29.475037467027	41.8542435331434	62.4298624298624	33.7945984514311	0.00401023857427087	A0201	NA	unknown
LPGLILYTL	9	specific	0.154513931872013	specific	0.010479076220084	specific	0.0218922963102361	specific	0.0961808239109814	5.87444607373834	28.0828934128262	23.990123990124	5.23344932987056	0.154513931872013	A0201	0.154513931872013	A0201
RGRMQTASL	9	specific	9.21913570286019e-05	specific	0.000785156074210766	specific	0.000157502919794518	specific	0.000375364088380555	76.1036109730924	66.4700496478118	93.4967934967935	54.0265713701197	0.000785156074210766	A0301	NA	unknown
RPTYEEGFL	9	specific	0.000477345527981675	specific	0.00499430650081902	specific	0.000267174341365737	specific	0.00150357736726568	55.0597654624704	37.3313470179584	88.2735882735883	34.6646228701635	0.00499430650081902	A0301	NA	unknown
RPVGGRPGW	9	specific	0.000144366536370752	specific	0.00842925525019685	specific	0.000819056224334721	specific	0.0147327234495505	70.7845050110886	30.6359936059179	71.993071993072	13.6776142807761	0.0147327234495505	A2402	NA	unknown
RPVWKLVKV	9	specific	0.233870253429955	specific	0.0248750179068768	specific	0.0063765308961715	specific	0.0264676458384201	4.43797439719492	19.400620270288	38.6556386556387	10.4019970350842	0.233870253429955	A0201	0.233870253429955	A0201
SPWKDGDEL	9	specific	0.00388206643342907	specific	0.000813057879514329	specific	0.0010665852923759	specific	0.000598397868941213	29.7990111128616	65.8748601168622	67.5502675502675	47.2592668736666	0.00388206643342907	A0201	NA	unknown
VPTLGRGGW	9	specific	1.97262479593458e-05	specific	0.00141650129853272	specific	0.000323053758395041	specific	0.00118200735111347	91.4093459529551	56.5098666086485	85.962685962686	37.7999558588329	0.00141650129853272	A0301	NA	unknown
FPWDILFPS	9	specific	0.0433462967868157	specific	0.0460291117035821	specific	0.0738467354964491	specific	0.000304486450187813	11.5834716886621	14.4168018912301	12.982112982113	57.0242403536937	0.0738467354964491	A1101	NA	unknown
FPWDMLFPA	9	specific	0.333391597561745	specific	0.0106675402717062	specific	0.037239652708614	specific	0.000171765589537978	3.33022286316759	27.8850676827899	18.8567188567189	65.0580335412402	0.333391597561745	A0201	0.333391597561745	A0201
IVRNATFTW	9	specific	0.00209506145523177	specific	0.0576738915079558	specific	0.0159272873799334	specific	0.109495040055157	36.4444094348235	12.7856461518161	27.3353273353273	4.84101621432048	0.109495040055157	A2402	0.109495040055157	A2402
KSFKEIKLW	9	specific	0.000297898206489136	specific	0.105829104663038	specific	0.0292205835984431	specific	0.0130066724321498	61.4061344934983	8.99250901245274	21.1398211398211	14.4637906378399	0.105829104663038	A0301	0.105829104663038	A0301
KTLGIKLSF	9	specific	0.00843416855622586	specific	0.430126666691568	specific	0.134023379296478	specific	0.10759068104542	22.6739136581957	2.69592956437041	8.84980884980885	4.88596361276304	0.430126666691568	A0301	0.430126666691568	A0301,A1101,A2402
RTDKVRALW	9	specific	5.16554717080709e-05	specific	0.0276627405596729	specific	0.00891847373972673	specific	0.0098960846345613	82.4003942621924	18.5083899664885	34.1832341832342	16.3074402053471	0.0276627405596729	A0301	NA	unknown
GSARALSLW	9	specific	1.54744094851747e-05	specific	0.00523023049561036	specific	0.00481484086574508	specific	0.00154085273525197	93.2582578943329	36.7137963301514	42.6813426813427	34.3474716080587	0.00523023049561036	A0301	NA	unknown
ELPDEFVVV	9	specific	0.837111088964674	specific	0.00789691333334114	specific	0.00228174462746311	specific	0.107051837974642	0.767316633744153	31.4162166735664	54.5802545802546	4.90097967188399	0.837111088964674	A0201	0.837111088964674	A0201,A2402
GLITLSYHL	9	specific	0.971331491735246	specific	0.0393396736551242	specific	0.143492183767699	specific	0.159461803134117	0.232275369519819	15.5998279601085	8.45040845040845	3.77064330208179	0.971331491735246	A0201	0.971331491735246	A0201,A1101,A2402
EVASFKQAL	9	specific	0.0144054473643034	specific	0.00189650782110328	specific	0.0212462421110508	specific	0.00107790537557801	18.5055806682259	51.7192405667647	24.2956242956243	39.023411950969	0.0212462421110508	A1101	NA	unknown
VATSRTLSY	9	specific	0.000130031007475218	specific	0.512675923191839	specific	0.160965807115038	specific	0.00625122344449996	72.0372771671292	2.11756126402987	7.77760777760778	19.8280510062271	0.512675923191839	A0301	0.512675923191839	A0301,A1101
STSAFVETV	9	specific	0.692827689647674	specific	0.00395245576142366	specific	0.0565838536532182	specific	0.000414061454791358	1.30851824472533	40.5473245681627	15.1369151369151	52.6182867381996	0.692827689647674	A0201	0.692827689647674	A0201
NATNVVIKV	9	specific	0.756081854634815	specific	0.0068602107389577	specific	0.00340712567267979	specific	0.00656482994511154	1.05988261004804	33.1814386281934	47.994347994348	19.4310828392647	0.756081854634815	A0201	0.756081854634815	A0201
EIKESVQTF	9	specific	0.00580196768586635	specific	0.00284806070340488	specific	0.00224618961935145	specific	0.0821625642012805	25.9640437727983	45.3810613088529	54.8440548440548	5.74792571787345	0.0821625642012805	A2402	NA	unknown
SEFSSLPSY	9	specific	0.000736704123974461	specific	0.0480991651210287	specific	0.145073528091113	specific	0.000348492439768064	49.2791384401598	14.0852121237761	8.38280838280838	55.0760830458615	0.145073528091113	A1101	0.145073528091113	A1101
FASEAARVV	9	specific	0.0780228895186964	specific	0.000364415018652739	specific	0.00564013738300875	specific	0.00018755702416592	8.6877047557877	79.2711068671919	40.3786403786404	63.8338719966622	0.0780228895186964	A0201	NA	unknown
FAVDAAKAY	9	specific	0.000635948539114935	specific	0.00811966886879816	specific	0.0975973350888429	specific	0.000304981108650305	51.2460058735372	31.0864399728846	10.9102109102109	57.0017666544724	0.0975973350888429	A1101	NA	unknown
VVGAGGVGK	9	specific	0.000179176502228065	specific	0.791120737791061	specific	0.950340798166063	specific	3.28974741428259e-05	68.0848592815218	0.828470788976154	0.300900300900298	86.0924082231568	0.950340798166063	A1101	0.950340798166063	A0301,A1101
FGLAKLLGA	9	specific	0.0903777472846236	specific	0.00173322396311879	specific	0.00400350570987863	specific	0.000103451210498228	8.06379291539925	53.1996095862884	45.4579454579455	71.8793555389606	0.0903777472846236	A0201	NA	unknown
ATCKYGFNK	9	specific	5.33698178469464e-05	specific	0.832413769430584	specific	0.994683102766673	specific	3.90734730388075e-05	82.0639989335531	0.679396409926336	0.043900043900047	84.1017222109686	0.994683102766673	A1101	0.994683102766673	A0301,A1101
HVKITDFGR	9	specific	5.95206133302217e-05	specific	0.0908317865260566	specific	0.136891069004842	specific	4.91115797325501e-05	80.9167605867074	9.87124204139231	8.72700872700872	81.3252629573977	0.136891069004842	A1101	0.136891069004842	A1101
FGRAKLLGA	9	specific	0.00199770834524011	specific	0.000553843755283509	specific	0.00111849234714194	specific	2.44914896767886e-05	36.9712705664691	72.4405792546885	66.7371667371667	89.2608974765966	0.00199770834524011	A0201	NA	unknown
VVGAVGVGK	9	specific	0.000432608488549663	specific	0.92567642264896	specific	0.988701069355011	specific	7.76008742882084e-05	56.3809073685826	0.340151471656225	0.0889000889000902	75.6185558179167	0.988701069355011	A1101	0.988701069355011	A0301,A1101
VVGADGVGK	9	specific	0.000135920816173894	specific	0.547929881181982	specific	0.957475006580353	specific	2.92072115029512e-05	71.5059725066754	1.90472737015672	0.262300262300263	87.402433407809	0.957475006580353	A1101	0.957475006580353	A0301,A1101
VVGACGVGK	9	specific	8.2014307456288e-05	specific	0.420227741931255	specific	0.953347084257338	specific	2.92870582783106e-05	77.4384874227937	2.77973353962004	0.285400285400284	87.3769363409794	0.953347084257338	A1101	0.953347084257338	A0301,A1101
ILRGSVAHK	9	specific	0.0047836198353606	specific	0.322109941721687	specific	0.0667208771829286	specific	0.000106915327275045	27.7720550512824	3.74861627751203	13.7796137796138	71.4648518398704	0.322109941721687	A0301	0.322109941721687	A0301
RMLPSGLSR	9	specific	0.000563909390308462	specific	0.889478313260608	specific	0.170232657215092	specific	0.000626682091900774	52.8352743475082	0.474116960937476	7.47820747820748	46.5834434343037	0.889478313260608	A0301	0.889478313260608	A0301,A1101
RQGLLQMQK	9	specific	0.000241240296859191	specific	0.804796089397536	specific	0.55946798755063	specific	0.000133457355795722	64.2089912785648	0.777503467490204	2.28510228510228	68.5334953858371	0.804796089397536	A0301	0.804796089397536	A0301,A1101
KALPRAGVK	9	specific	0.000112026591498264	specific	0.248662494948237	specific	0.655779649524225	specific	0.000207143130914349	73.8405419489317	4.79153257526997	1.70340170340171	62.4672090588156	0.655779649524225	A1101	0.655779649524225	A0301,A1101
HQRIHTGGK	9	specific	2.09325571341321e-05	specific	0.0359541017012412	specific	0.0226474372186904	specific	1.37407997756683e-05	90.9239914199498	16.3138740905707	23.6303236303236	94.4708653180432	0.0359541017012412	A0301	NA	unknown
RIHTGGKPY	9	specific	6.795158700377e-05	specific	0.508504818907628	specific	0.0931193799294609	specific	0.000149845614064128	79.505637222229	2.1403253246145	11.2395112395112	66.9588247565433	0.508504818907628	A0301	0.508504818907628	A0301
QSKVAAWLK	9	specific	1.47122432316122e-05	specific	0.135896169723775	specific	0.668312265713596	specific	7.4204442778816e-05	93.6195975778728	7.62867989601055	1.63510163510163	76.186747370426	0.668312265713596	A1101	0.668312265713596	A0301,A1101
RLEMSCLSK	9	specific	0.000314637599511213	specific	0.279547443178793	specific	0.0971196381258778	specific	1.92948713762902e-05	60.6796175333568	4.31157351028865	10.9434109434109	91.6163024012593	0.279547443178793	A0301	0.279547443178793	A0301
CIVYLSLSR	9	specific	0.000435499893938231	specific	0.158948514274279	specific	0.1474964760024	specific	0.000102700658117488	56.2899160173055	6.84493142074935	8.28700828700829	71.9686456623241	0.158948514274279	A0301	0.158948514274279	A0301,A1101
HLIHHRMLH	9	specific	0.0055809089192588	specific	0.13205357033035	specific	0.0105123635122153	specific	0.00100401065310649	26.326090381376	7.78279057164988	32.1423321423321	39.9849436293109	0.13205357033035	A0301	0.13205357033035	A0301
AIKTSPKAN	9	specific	8.72567613395955e-05	specific	0.00707525703380156	specific	0.0214631726396672	specific	5.28776318796566e-05	76.7159090450049	32.7833697457577	24.1867241867242	80.4208729268516	0.0214631726396672	A1101	NA	unknown
IKTSPKANK	9	specific	8.08630912100249e-05	specific	0.103575850839843	specific	0.066771911729706	specific	0.00011291242049227	77.5876486057418	9.11589827889601	13.7733137733138	70.7566783670993	0.103575850839843	A0301	0.103575850839843	A0301
KTSPKANKE	9	specific	0.000256999107559766	specific	0.0654506637954101	specific	0.0409147812558836	specific	0.00154295733811725	63.3800711772524	11.9294757315976	17.989217989218	34.3292306234889	0.0654506637954101	A0301	NA	unknown
HVKITDFGL	9	specific	0.0174264663107351	specific	0.0166176433523409	specific	0.00624560058525579	specific	0.00140531012734123	17.1719160900178	23.1931530540606	38.941938941939	35.5328332683309	0.0174264663107351	A0201	NA	unknown
IPVAIKTSP	9	specific	0.000649149259269471	specific	0.000981118123120773	specific	0.00488138051295108	specific	0.000235597968058935	50.9793941450449	62.7016910876688	42.4699424699425	60.6598399026072	0.00488138051295108	A1101	NA	unknown
PVAIKTSPK	9	specific	3.24835871344146e-05	specific	0.83509105708864	specific	0.785910172926055	specific	6.25153989438903e-05	87.0360047020614	0.668115105565814	1.05190105190105	78.3776810972003	0.83509105708864	A0301	0.83509105708864	A0301,A1101
VAIKTSPKA	9	specific	0.0104177117146466	specific	0.000186823980225744	specific	0.0115005207178405	specific	0.000339808914961755	20.9445730374751	88.4572111205458	31.0685310685311	55.4339489917573	0.0115005207178405	A1101	NA	unknown
VVGAAGVGK	9	specific	0.000156229699483567	specific	0.78576782113976	specific	0.966723856661055	specific	2.74389289914239e-05	69.8084435126499	0.847205812289165	0.218200218200215	88.0685820708254	0.966723856661055	A1101	0.966723856661055	A0301,A1101
VVGARGVGK	9	specific	0.000193025738610158	specific	0.853954515192244	specific	0.965076782968309	specific	0.000104166347241994	67.1405084204871	0.605362850060387	0.225300225300229	71.7915770994013	0.965076782968309	A1101	0.965076782968309	A0301,A1101
VVGASGVGK	9	specific	9.89258256977359e-05	specific	0.6232898046573	specific	0.958043682575226	specific	3.24420874525432e-05	75.2999381945538	1.50827010262965	0.260400260400262	86.2495225598652	0.958043682575226	A1101	0.958043682575226	A0301,A1101
TTFFESVSY	9	specific	0.000406851373178628	specific	0.718950605061319	specific	0.795072009497219	specific	0.000373610576361393	57.2368925999087	1.09962499735594	1.00920100920101	54.0921784472186	0.795072009497219	A1101	0.795072009497219	A0301,A1101
LTMKMINNK	9	specific	0.000300447936099049	specific	0.465947658403052	specific	0.878050297498703	specific	0.000105864654767155	61.2956522090398	2.42648769683106	0.628200628200626	71.5906239323733	0.878050297498703	A1101	0.878050297498703	A0301,A1101
FTNVNQFFK	9	specific	0.00405628145133001	specific	0.655785316477219	specific	0.909550889995363	specific	0.00112474018410593	29.3578898893561	1.36231822746534	0.491200491200494	38.4548172827786	0.909550889995363	A1101	0.909550889995363	A0301,A1101
ILNNSKFNK	9	specific	0.00512740225224206	specific	0.729953852875365	specific	0.626360460743308	specific	0.000600824211086446	27.121785005918	1.05903244684441	1.86660186660187	47.1943652490096	0.729953852875365	A0301	0.729953852875365	A0301,A1101
KIFTFIENK	9	specific	0.0379326652581868	specific	0.991313837634193	specific	0.993781508339776	specific	0.000368028538501777	12.3146341561941	0.0570108773933709	0.0520000520000563	54.3037134008754	0.993781508339776	A1101	0.993781508339776	A0301,A1101
RLSHTDIHK	9	specific	0.0256333816919121	specific	0.781332908570766	specific	0.473242930767851	specific	0.000373770422752568	14.621229564817	0.865638657806811	2.87950287950288	54.0851239227993	0.781332908570766	A0301	0.781332908570766	A0301,A1101
STCRFFVCK	9	specific	8.63029607997569e-05	specific	0.310335366951767	specific	0.99243725405799	specific	5.29237956586313e-05	76.8461852305182	3.89990662706123	0.0605000605000572	80.4130121710702	0.99243725405799	A1101	0.99243725405799	A0301,A1101
TMANQNMNY	9	specific	0.00248649686964263	specific	0.485448741043607	specific	0.00719301599332943	specific	0.00445188023815162	34.5034962492577	2.28939970366431	36.995836995837	22.795587092639	0.485448741043607	A0301	0.485448741043607	A0301
QVFDYPIEK	9	specific	0.105554231465794	specific	0.998700283633338	specific	0.999353117412991	specific	0.000407643635790894	7.37272319643225	0.00453266693056786	0.00120000119999686	52.8324419437835	0.999353117412991	A1101	0.999353117412991	A0201,A0301,A1101
ILISRLTLK	9	specific	0.0831664077730642	specific	0.979652407434252	specific	0.81121107339859	specific	0.00606651756707935	8.41028717314816	0.121274021875661	0.941300941300938	20.0877582837753	0.979652407434252	A0301	0.979652407434252	A0301,A1101
KNYDNYNMK	9	specific	7.09255232312994e-05	specific	0.705732801391019	specific	0.497691950561582	specific	0.00153317134213088	79.0272509503092	1.15522571170426	2.69230269230269	34.4087451915858	0.705732801391019	A0301	0.705732801391019	A0301,A1101
KTCKYYCFK	9	specific	2.89240715217936e-05	specific	0.634136204669873	specific	0.940193479590946	specific	8.33336691200436e-05	88.088010147404	1.45700060334834	0.354400354400353	74.7080182732338	0.940193479590946	A1101	0.940193479590946	A0301,A1101
RLNNRSIYK	9	specific	0.0332878408146725	specific	0.99852491484748	specific	0.896280056900448	specific	0.00304801573536729	13.0464025594726	0.00594282997563589	0.545800545800545	26.4879251736673	0.99852491484748	A0301	0.99852491484748	A0301,A1101
RSKKTFLVK	9	specific	3.42174976421656e-05	specific	0.842034985290633	specific	0.818414441082213	specific	0.000261792834220387	86.5418641007308	0.645048867185805	0.909500909500904	59.1793975637704	0.842034985290633	A0301	0.842034985290633	A0301,A1101
ASFSASTGY	9	specific	7.54000265427151e-05	specific	0.402687800841199	specific	0.612200886507829	specific	6.94139232374861e-05	78.3435534495922	2.9271963037612	1.95180195180196	77.0312747223289	0.612200886507829	A1101	0.612200886507829	A0301,A1101
VKIPVAIKT	9	specific	0.0168971245789382	specific	0.00697639417244444	specific	0.0119854545094401	specific	0.0144476458994884	17.382377772661	32.9623597265492	30.5891305891306	13.8056035095251	0.0168971245789382	A0201	NA	unknown
KIPVAIKTS	9	specific	0.0033489823948916	specific	0.0282778519286113	specific	0.00426187223053931	specific	0.000610692570798064	31.3033475930212	18.3309108746738	44.5024445024445	46.958341017726	0.0282778519286113	A0301	NA	unknown
MDFPKLLNK	9	specific	0.00391282472281015	specific	0.848076952166028	specific	0.905307157834371	specific	0.000220657240150028	29.7224612302111	0.62560876235026	0.506100506100504	61.5794475501148	0.905307157834371	A1101	0.905307157834371	A0301,A1101
ALNLFFQNK	9	specific	0.00173126870215078	specific	0.978164868884616	specific	0.958674867947896	specific	0.000862929832064828	38.6189108506934	0.129029918623524	0.257600257600255	42.0726797417238	0.978164868884616	A0301	0.978164868884616	A0301,A1101
DTFEVYSEY	9	specific	0.000228118513479476	specific	0.229760436630911	specific	0.345265993475914	specific	0.00196215985249384	64.936215163744	5.13087823947187	4.09600409600409	31.4216579946406	0.345265993475914	A1101	0.345265993475914	A0301,A1101
LSYNSIYHK	9	specific	0.00320392068736181	specific	0.588679968151781	specific	0.967935356828901	specific	0.000175663600979684	31.7697161393006	1.68232451276349	0.210400210400208	64.7414869526571	0.967935356828901	A1101	0.967935356828901	A0301,A1101
LLLTNLNKK	9	specific	0.0807603607833799	specific	0.902358013391495	specific	0.69749372439045	specific	0.0026919215656297	8.53723071205529	0.431207713994763	1.48030148030148	27.8379595896686	0.902358013391495	A0301	0.902358013391495	A0301,A1101
DLMNRTFKK	9	specific	0.0236444134708209	specific	0.458782658601801	specific	0.518958311693536	specific	0.00126109299612078	15.1387996816818	2.47634703306732	2.54110254110254	36.9293267665789	0.518958311693536	A1101	0.518958311693536	A0301,A1101
PSHNSFIKK	9	specific	4.73520004216472e-05	specific	0.191221264878954	specific	0.33679095672754	specific	0.00024993289182144	83.3004108244362	5.9490749834054	4.1983041983042	59.8375846920851	0.33679095672754	A1101	0.33679095672754	A0301,A1101
SIYHKSSTY	9	specific	0.00090405755663912	specific	0.689241537782881	specific	0.240088565564818	specific	0.00130841653158061	46.6290784525209	1.22079829329981	5.70660570660571	36.4495183271505	0.689241537782881	A0301	0.689241537782881	A0301,A1101
LICGVSPYK	9	specific	0.013516844282113	specific	0.856304666068819	specific	0.945408733685811	specific	0.000211363508934445	18.9659908463307	0.597707679244319	0.327100327100327	62.1868421026111	0.945408733685811	A1101	0.945408733685811	A0301,A1101
HIYVQKKVK	9	specific	0.0012731379252962	specific	0.590990128823452	specific	0.389517117788394	specific	0.000140002533442285	42.3691481755275	1.67043885281222	3.61790361790362	67.9017123346344	0.590990128823452	A0301	0.590990128823452	A0301,A1101
KLYQCNECK	9	specific	0.0033400976692696	specific	0.295373428283246	specific	0.207508505051697	specific	4.88042577718531e-05	31.3342503160965	4.08755903798677	6.41980641980642	81.3978237799956	0.295373428283246	A0301	0.295373428283246	A0301,A1101
RIKPGSADK	9	specific	0.000340353214660006	specific	0.565025798914333	specific	0.240920558013022	specific	6.22090452310036e-05	59.6384179421614	1.80480724582063	5.68900568900569	78.4353266395974	0.565025798914333	A0301	0.565025798914333	A0301,A1101
RIKPGSANK	9	specific	0.000328865966320752	specific	0.832791002260314	specific	0.443120619199342	specific	0.000139009837439453	60.0984241631017	0.677281165358745	3.11610311610312	67.9918086893601	0.832791002260314	A0301	0.832791002260314	A0301,A1101
KHIKEYLNK	9	specific	4.07841088804345e-05	specific	0.149452191637506	specific	0.184948367360307	specific	0.00334025388484254	84.8227233984108	7.14821720137028	7.02290702290702	25.5577357395308	0.184948367360307	A1101	0.184948367360307	A0301,A1101
LDYANDIEK	9	specific	0.00208592582194225	specific	0.149517414374794	specific	0.261583322208996	specific	2.95509806053048e-05	36.4945001232069	7.14630340866625	5.31960531960532	87.2746457369005	0.261583322208996	A1101	0.261583322208996	A0301,A1101
VTCGNGIQV	9	specific	0.01314384237985	specific	0.0230885201612384	specific	0.0365283799435322	specific	0.000354467163113586	19.1747357110252	20.053727212017	19.036919036919	54.8394541410562	0.0365283799435322	A1101	NA	unknown
KIFNFYPRK	9	specific	0.0649853951143086	specific	0.989000548256768	specific	0.991567969322205	specific	0.00416103613916776	9.54247811562062	0.0721197671619378	0.0674000674000697	23.4327114266163	0.991567969322205	A1101	0.991567969322205	A0301,A1101
KMKNFFFTK	9	specific	0.00718811194467687	specific	0.964299228456285	specific	0.644976948532793	specific	0.0112438555367084	24.0285840089517	0.189969107356724	1.75830175830176	15.4155467609151	0.964299228456285	A0301	0.964299228456285	A0301,A1101
RMLRRRAQK	9	specific	0.00111970541431927	specific	0.381822497066524	specific	0.0681609836174175	specific	0.000383501136885695	43.9644760069642	3.12935324886456	13.6123136123136	53.7176839794774	0.381822497066524	A0301	0.381822497066524	A0301
TLYSPRGEK	9	specific	0.00212124125947063	specific	0.964827831586202	specific	0.604620977956802	specific	3.34425130330847e-05	36.2995907913925	0.187350233130168	1.99760199760199	85.9095952617783	0.964827831586202	A0301	0.964827831586202	A0301,A1101
AMYQRAKLK	9	specific	0.000769344197362266	specific	0.966950300004747	specific	0.691697921107213	specific	0.000393404446159846	48.7052162988637	0.176270380633226	1.5087015087015	53.3542751929664	0.966950300004747	A0301	0.966950300004747	A0301,A1101
SLLTPPSTK	9	specific	0.0212103164969247	specific	0.983036543263329	specific	0.974200687143538	specific	0.000275716119902509	15.8540058412206	0.104956420925606	0.178600178600175	58.4462309187712	0.983036543263329	A0301	0.983036543263329	A0301,A1101
RLMFFRPIK	9	specific	0.00866502901866018	specific	0.838490803043047	specific	0.83520482050048	specific	0.00129167697567836	22.4495154533813	0.657740334591406	0.830800830800826	36.6114700520322	0.838490803043047	A0301	0.838490803043047	A0301,A1101
SLYLKIHLK	9	specific	0.213153101934262	specific	0.993811884191301	specific	0.946976493464576	specific	0.00231513682257779	4.75215208179325	0.0412976320340652	0.319100319100318	29.515928612244	0.993811884191301	A0301	0.993811884191301	A0201,A0301,A1101
KIYAAGTFY	9	specific	0.000342116057099343	specific	0.983860577477349	specific	0.236724902451452	specific	0.000832130217394549	59.5710580850007	0.0995172206089245	5.77820577820578	42.5796984896263	0.983860577477349	A0301	0.983860577477349	A0301,A1101
YLFFIQGYK	9	specific	0.0860418714259544	specific	0.958122882578108	specific	0.651277045988374	specific	0.000499594714518202	8.26920513348765	0.217568012667291	1.72670172670173	49.8651074152122	0.958122882578108	A0301	0.958122882578108	A0301,A1101
TTYSPIGEK	9	specific	0.000602159743755227	specific	0.991853683524662	specific	0.988465942276849	specific	3.28715756179025e-05	51.9686852406171	0.053183291985337	0.091000091000093	86.1015791049018	0.991853683524662	A0301	0.991853683524662	A0301,A1101
RLYKLILWR	9	specific	0.0495162833275976	specific	0.993445111645593	specific	0.649889344887601	specific	0.00209250589480582	10.8847267835719	0.0431106988062924	1.73370173370173	30.6692425758689	0.993445111645593	A0301	0.993445111645593	A0301,A1101
KTYPCKIFY	9	specific	0.00222902318287923	specific	0.960130423969693	specific	0.876014964448081	specific	0.00391652810804367	35.7353636220415	0.207797597283621	0.636300636300635	24.0079575035449	0.960130423969693	A0301	0.960130423969693	A0301,A1101
SLQPRGSFK	9	specific	0.000715706263616826	specific	0.802225403653251	specific	0.694949869977103	specific	0.000187119574974027	49.6784500971517	0.786568801351339	1.49390149390149	63.8629971046216	0.802225403653251	A0301	0.802225403653251	A0301,A1101
KVINLSPFK	9	specific	0.0190632126117736	specific	0.965179930792914	specific	0.965095347828335	specific	0.00267947972192562	16.5621427503827	0.185839344153316	0.225200225200228	27.8895583968492	0.965179930792914	A0301	0.965179930792914	A0301,A1101
CLFFGIPWK	9	specific	0.181720904531696	specific	0.667369008307449	specific	0.374876776046585	specific	0.000342290956025535	5.30870406502094	1.31376832834237	3.76680376680376	55.3210766010495	0.667369008307449	A0301	0.667369008307449	A0201,A0301,A1101
KQFSAMALK	9	specific	0.00111945527836136	specific	0.836140937275357	specific	0.600241032035814	specific	0.000137206952673176	43.9662938142039	0.664589697953144	2.02450202450203	68.1655515479138	0.836140937275357	A0301	0.836140937275357	A0301,A1101
RLFLGLAIK	9	specific	0.0149476893986503	specific	0.993929685486687	specific	0.557098972797394	specific	0.000648818502103647	18.2429075220864	0.0409954542387014	2.2998022998023	46.092851650406	0.993929685486687	A0301	0.993929685486687	A0301,A1101
KLKLPIIMK	9	specific	0.0157864591435321	specific	0.997511341836717	specific	0.753522229856915	specific	0.000670036909664557	17.8711659415636	0.0135980007917036	1.20300120300121	45.6422690978573	0.997511341836717	A0301	0.997511341836717	A0301,A1101
LLINRGFSK	9	specific	0.0531653880529727	specific	0.889142274856567	specific	0.734789672493935	specific	0.000987549777323693	10.5295474467887	0.47482204246001	1.29770129770129	40.2050447911911	0.889142274856567	A0301	0.889142274856567	A0301,A1101
RLKCPFYGK	9	specific	0.00070036024449859	specific	0.919080115026898	specific	0.763845357629988	specific	0.00077979607630962	49.9597052728529	0.365332954603825	1.15730115730116	43.4585914533429	0.919080115026898	A0301	0.919080115026898	A0301,A1101
KVMTDPSRK	9	specific	0.000600455295273609	specific	0.402133575868275	specific	0.961611170238919	specific	0.000154339511009817	52.0058492997403	2.93203114848715	0.241800241800239	66.5371657541135	0.961611170238919	A1101	0.961611170238919	A0301,A1101
RIAGKALKK	9	specific	0.00439120365982591	specific	0.995235847102271	specific	0.970176729891035	specific	0.00110061692203089	28.5995613025195	0.0303185054689181	0.200500200500198	38.7537275603137	0.995235847102271	A0301	0.995235847102271	A0301,A1101
KLILWRGLK	9	specific	0.00171990098429925	specific	0.892908210886849	specific	0.431981089214484	specific	0.00065164092915274	38.6938449046863	0.461123315736511	3.21890321890322	46.0324850771614	0.892908210886849	A0301	0.892908210886849	A0301,A1101
GLLAAGLGR	9	specific	0.000854330923720105	specific	0.725912280215157	specific	0.301614734965066	specific	2.14705424493447e-05	47.3464053871727	1.07444351440834	4.66520466520467	90.5954119388756	0.725912280215157	A0301	0.725912280215157	A0301,A1101
GVYTKEFLY	9	specific	0.00158934235320708	specific	0.979612604777018	specific	0.885736363463931	specific	0.00210956345141666	39.6492035984504	0.121475473739241	0.593700593700597	30.5672543085508	0.979612604777018	A0301	0.979612604777018	A0301,A1101
KAPVGHFYK	9	specific	0.000533209805645739	specific	0.333436791743669	specific	0.684990413818094	specific	0.00179101185886515	53.5854228017661	3.61253554366318	1.53920153920154	32.5060391767975	0.684990413818094	A1101	0.684990413818094	A0301,A1101
KIVEMSTSK	9	specific	0.000731417525648818	specific	0.452668084100717	specific	0.667964685159839	specific	9.97590047419629e-05	49.3865910458855	2.52509838405388	1.63760163760164	72.3593655362295	0.667964685159839	A1101	0.667964685159839	A0301,A1101
KMFCAGYPK	9	specific	0.000594477009421896	specific	0.73453373544746	specific	0.679482502655851	specific	6.21804052792601e-05	52.1368324102912	1.03949161607707	1.56950156950157	78.4416757115748	0.73453373544746	A0301	0.73453373544746	A0301,A1101
KVYDIAFSR	9	specific	0.00412335357094283	specific	0.996193789111243	specific	0.995643315050337	specific	0.0015548156295482	29.193984269908	0.0235698680389529	0.036000036000039	34.2359093433145	0.996193789111243	A0301	0.996193789111243	A0301,A1101
MLNTSVPNY	9	specific	0.0153358395665337	specific	0.510685783790218	specific	0.0978732681745088	specific	0.016985241067904	18.068196048491	2.1287418424586	10.8907108907109	12.8005353376245	0.510685783790218	A0301	0.510685783790218	A0301
RIALWPLAY	9	specific	0.00246156994077498	specific	0.994355192449358	specific	0.670403414633539	specific	0.00858829964629169	34.614685458754	0.0366642391717131	1.62200162200162	17.340827253845	0.994355192449358	A0301	0.994355192449358	A0301,A1101
RIHTSVKLY	9	specific	0.000444477762922565	specific	0.674090679362416	specific	0.167677012179047	specific	0.00280274359484136	56.0049242378338	1.28435635625956	7.56210756210757	27.3952377929013	0.674090679362416	A0301	0.674090679362416	A0301,A1101
RLFPYALHK	9	specific	0.241574080918346	specific	0.999646487500932	specific	0.996212581793467	specific	0.00391470802181478	4.33708609539044	0.000705081522534012	0.0303000303000345	24.0111824289937	0.999646487500932	A0301	0.999646487500932	A0201,A0301,A1101
RTREFTAKK	9	specific	0.000204746191413473	specific	0.647954829202758	specific	0.806878091891607	specific	7.85571783451486e-05	66.3778372941333	1.40029190375033	0.961100961100958	75.4666819850626	0.806878091891607	A1101	0.806878091891607	A0301,A1101
SLSNFPQLK	9	specific	0.0145847252638052	specific	0.932949486043718	specific	0.964593851566315	specific	0.000877699079771806	18.4146903062399	0.316984507344431	0.227800227800223	41.834740710955	0.964593851566315	A1101	0.964593851566315	A0301,A1101
SVFTSVRRK	9	specific	0.00326212925974434	specific	0.912644264433119	specific	0.994233082400428	specific	3.9347328431067e-05	31.5811691328252	0.389305726369948	0.0470000470000453	84.0214014115096	0.994233082400428	A1101	0.994233082400428	A0301,A1101
TLFRVVVAK	9	specific	0.435590607217617	specific	0.979792776372698	specific	0.968814460436503	specific	0.000236427003883616	2.56411810091658	0.120871118148491	0.206000206000201	60.6114660208753	0.979792776372698	A0301	0.979792776372698	A0201,A0301,A1101
TLWEQFLEK	9	specific	0.45038591882007	specific	0.994070261054569	specific	0.897948057121701	specific	0.0015595213373874	2.46878421012235	0.0403910986479517	0.537400537400534	34.1947915438424	0.994070261054569	A0301	0.994070261054569	A0201,A0301,A1101
TSARTENFK	9	specific	1.55672031677557e-05	specific	0.0372596164525021	specific	0.175654091944711	specific	2.05465426367901e-05	93.2144285419974	16.0302298666489	7.30550730550731	91.0238231289638	0.175654091944711	A1101	0.175654091944711	A1101
ALYFNSQWK	9	specific	0.0040047485606445	specific	0.893090282380581	specific	0.696283749077055	specific	0.000185548636832304	29.4882670641605	0.460015330486818	1.48750148750149	63.9815131148648	0.893090282380581	A0301	0.893090282380581	A0301,A1101
GIKAHPVLK	9	specific	0.00108740221353206	specific	0.906685096687741	specific	0.943025708198547	specific	0.000153849233898661	44.3238968939734	0.413479949999651	0.340500340500338	66.5854388569252	0.943025708198547	A1101	0.943025708198547	A0301,A1101
VIDAAVLLK	9	specific	0.0159181828053584	specific	0.967220448123084	specific	0.96247230635749	specific	0.000223891944504986	17.8034021272384	0.175666025042476	0.238200238200237	61.3836341080209	0.967220448123084	A0301	0.967220448123084	A0301,A1101
AVEEVSLRK	9	specific	0.0032287612261453	specific	0.830396983027458	specific	0.996000097857581	specific	4.9928029388941e-05	31.6892276742974	0.687958114128528	0.0324000324000373	81.1261238109347	0.996000097857581	A1101	0.996000097857581	A0301,A1101
FGLAKLLGA	9	specific	0.0903777472846236	specific	0.00173322396311879	specific	0.00400350570987863	specific	0.000103451210498228	8.06379291539925	53.1996095862884	45.4579454579455	71.8793555389606	0.0903777472846236	A0201	NA	unknown
FQYNDDASI	9	specific	0.129466240604719	specific	0.00364602200224166	specific	0.000606264121043252	specific	0.00375379004963937	6.54501496661294	41.7070829467976	76.9078769078769	24.3987781563706	0.129466240604719	A0201	0.129466240604719	A0201
YLNKYVYTI	9	specific	0.993781683180067	specific	0.018409731302644	specific	0.0263544369084735	specific	0.720016209284465	0.0777617541435904	22.1882104325877	22.1277221277221	0.770958740102246	0.993781683180067	A0201	0.993781683180067	A0201,A2402
FVLENGVCI	9	specific	0.581842580934366	specific	0.00453194039684932	specific	0.0219600849388775	specific	0.00828905316696667	1.7607482902513	38.6333304122813	23.958023958024	17.6104108655801	0.581842580934366	A0201	0.581842580934366	A0201
HVKITDFGR	9	specific	5.95206133302217e-05	specific	0.0908317865260566	specific	0.136891069004842	specific	4.91115797325501e-05	80.9167605867074	9.87124204139231	8.72700872700872	81.3252629573977	0.136891069004842	A1101	0.136891069004842	A1101
FGRAKLLGA	9	specific	0.00199770834524011	specific	0.000553843755283509	specific	0.00111849234714194	specific	2.44914896767886e-05	36.9712705664691	72.4405792546885	66.7371667371667	89.2608974765966	0.00199770834524011	A0201	NA	unknown
FLIHSSTGL	9	specific	0.721059064598133	specific	0.00255198887974378	specific	0.00173536708961891	specific	0.00896507261107521	1.20490323206127	47.0672134070244	59.1999591999592	17.0297227269567	0.721059064598133	A0201	0.721059064598133	A0201
LLFAKFSFL	9	specific	0.629490608039002	specific	0.697107508613004	specific	0.0329405377646455	specific	0.149940968844264	1.55594200790948	1.18685365428645	19.99171999172	3.93602151025274	0.697107508613004	A0301	0.697107508613004	A0201,A0301,A2402
QLLFSLLAV	9	specific	0.784632763535612	specific	0.0597759042180971	specific	0.00381934923510935	specific	0.00190411183827229	0.955358693764108	12.5389683448614	46.1728461728462	31.7753920048051	0.784632763535612	A0201	0.784632763535612	A0201
GLYDVQLTI	9	specific	0.998998702896966	specific	0.694823209941387	specific	0.111133180202321	specific	0.0764726896214092	0.0131286078424275	1.19773205491981	10.02451002451	5.98163203399071	0.998998702896966	A0201	0.998998702896966	A0201,A0301,A1101
LLIDAGTNV	9	specific	0.919001227617264	specific	0.0199219580917593	specific	0.00336606283515519	specific	0.00211644497419393	0.475659561060149	21.4530118564494	48.1901481901482	30.5298653291288	0.919001227617264	A0201	0.919001227617264	A0201
LLNPHTLGL	9	specific	0.959197337097592	specific	0.668030761265093	specific	0.0518855493598191	specific	0.0752217104994795	0.295999612201125	1.31034364666149	15.8648158648159	6.03373473577279	0.959197337097592	A0201	0.959197337097592	A0201,A0301
SLLAVMFVI	9	specific	0.929542904429966	specific	0.146913001095203	specific	0.0414510013402226	specific	0.370338946063485	0.428699540700705	7.23171899882453	17.8686178686179	1.89474448008659	0.929542904429966	A0201	0.929542904429966	A0201,A0301,A2402
YQLKGVPEA	9	specific	0.882625168561936	specific	0.000571534376252379	specific	0.00239868618703412	specific	0.00164429433318484	0.611793125456972	71.9048180234953	53.7368537368537	33.5410386880197	0.882625168561936	A0201	0.882625168561936	A0201
SLCTVDMSL	9	specific	0.378684759994758	specific	0.0380780113612774	specific	0.018251713039495	specific	0.00122166031880069	2.9673683402612	15.8499304487441	25.8664258664259	37.3576371777468	0.378684759994758	A0201	0.378684759994758	A0201
LLFSLLAVM	9	specific	0.611617470713746	specific	0.155677141314987	specific	0.00687803693880495	specific	0.00741589353533022	1.62845231891611	6.9461609821987	37.6191376191376	18.4512093974328	0.611617470713746	A0201	0.611617470713746	A0201,A0301
FSLLAVMFV	9	specific	0.363358622750578	specific	0.00629849919787375	specific	0.00277422234303231	specific	0.00087759728696205	3.08199118565468	34.2844883072302	51.3503513503514	41.835849279078	0.363358622750578	A0201	0.363358622750578	A0201
ALLSNDNAL	9	specific	0.561899035506778	specific	0.0264025895529787	specific	0.00505311974566717	specific	0.0105920531281703	1.85911185977838	18.8846013217257	41.965941965942	15.8240037247889	0.561899035506778	A0201	0.561899035506778	A0201
YVVVGADGV	9	specific	0.159210721488732	specific	0.000425657329942434	specific	0.00166180513158452	specific	0.000629094763689864	5.76850830737908	76.8012062937591	59.9370599370599	46.5287204805945	0.159210721488732	A0201	0.159210721488732	A0201
YVVVGARGV	9	specific	0.086521197750052	specific	0.00184022417987093	specific	0.00273398677388899	specific	0.000375056218818928	8.24466473575142	52.2060489951077	51.5842515842516	54.0365484832269	0.086521197750052	A0201	NA	unknown
YVVVGASGV	9	specific	0.0531948673883259	specific	0.00082139622119194	specific	0.00198398541676177	specific	0.000544633784603832	10.5255078751449	65.7073528922948	56.9374569374569	48.6015413128067	0.0531948673883259	A0201	NA	unknown
YVVVGAVGV	9	specific	0.453992349582	specific	0.00313140106060119	specific	0.00940721255454062	specific	0.00160190979561195	2.44919228764982	43.9520625145423	33.5068335068335	33.8596008550084	0.453992349582	A0201	0.453992349582	A0201
ILCGTCLIV	9	specific	0.177345325624467	specific	0.0458821699467889	specific	0.00374205480750618	specific	0.00264752473061283	5.39565584465423	14.4418826482459	46.5041465041465	28.0210748878079	0.177345325624467	A0201	0.177345325624467	A0201
AIKTSPKAN	9	specific	8.72567613395955e-05	specific	0.00707525703380156	specific	0.0214631726396672	specific	5.28776318796566e-05	76.7159090450049	32.7833697457577	24.1867241867242	80.4208729268516	0.0214631726396672	A1101	NA	unknown
IKTSPKANK	9	specific	8.08630912100249e-05	specific	0.103575850839843	specific	0.066771911729706	specific	0.00011291242049227	77.5876486057418	9.11589827889601	13.7733137733138	70.7566783670993	0.103575850839843	A0301	0.103575850839843	A0301
KTSPKANKE	9	specific	0.000256999107559766	specific	0.0654506637954101	specific	0.0409147812558836	specific	0.00154295733811725	63.3800711772524	11.9294757315976	17.989217989218	34.3292306234889	0.0654506637954101	A0301	NA	unknown
HVKITDFGL	9	specific	0.0174264663107351	specific	0.0166176433523409	specific	0.00624560058525579	specific	0.00140531012734123	17.1719160900178	23.1931530540606	38.941938941939	35.5328332683309	0.0174264663107351	A0201	NA	unknown
HMTEVVRHC	9	specific	0.0800892597594712	specific	0.00381803333889113	specific	0.000228900094547864	specific	0.00175587219889242	8.57449576046956	41.0400758264814	89.99658999659	32.746094564892	0.0800892597594712	A0201	NA	unknown
FLTDVACRV	9	specific	0.970888879564073	specific	0.00402784176756591	specific	0.00411898304547422	specific	0.0038120889130116	0.23439614463282	40.2921857829376	45.019445019445	24.2561759841817	0.970888879564073	A0201	0.970888879564073	A0201
RQNQSIVAV	9	specific	0.240120704906682	specific	0.0121336257903345	specific	0.00811309092961842	specific	0.00178809951485037	4.35627406069861	26.4591913923648	35.3918353918354	32.5266988554538	0.240120704906682	A0201	0.240120704906682	A0201
AVLERYLEL	9	specific	0.828894429736667	specific	0.477754798179699	specific	0.611754441178507	specific	0.295894124638289	0.790948127860525	2.34207936599069	1.95460195460195	2.3494589683665	0.828894429736667	A0201	0.828894429736667	A0201,A0301,A1101,A2402
MQSLHFAFL	9	specific	0.0139869420335597	specific	0.0226111406738508	specific	0.00286208520680904	specific	0.0381721355702515	18.7304838194958	20.2514522161216	50.8351508351508	8.68180164491353	0.0381721355702515	A2402	NA	unknown
ALEAVRIEL	9	specific	0.880587189727359	specific	0.0490720414706933	specific	0.0258609306091406	specific	0.00776231541838368	0.618256440087095	13.9316050777957	22.3109223109223	18.0888084001246	0.880587189727359	A0201	0.880587189727359	A0201
KLVPRKVCV	9	specific	0.960944432682461	specific	0.0159768411375808	specific	0.00463655417804287	specific	0.00863069129973155	0.285496725927181	23.5933371810639	43.2324432324432	17.3061593052704	0.960944432682461	A0201	0.960944432682461	A0201
TLHDIWPEI	9	specific	0.964277684688568	specific	0.0718859895805104	specific	0.0259862173394342	specific	0.468480924765269	0.269338439351896	11.3171627922437	22.2637222637223	1.46673640567949	0.964277684688568	A0201	0.964277684688568	A0201,A2402
WLNNDIYNV	9	specific	0.922852479086982	specific	0.00574595664212565	specific	0.00213542565040841	specific	0.00389369986464772	0.461723038888961	35.4760760803108	55.7069557069557	24.0592539739648	0.922852479086982	A0201	0.922852479086982	A0201
VIHYGINPV	9	specific	0.264359170807681	specific	0.0300783045576989	specific	0.00686538580127187	specific	0.00109246276572069	4.04855969073039	17.7956532731395	37.6484376484376	38.8490644188936	0.264359170807681	A0201	0.264359170807681	A0201
YTIGLPPYI	9	specific	0.90619886914889	specific	0.0226371617793726	specific	0.134358199967796	specific	0.319212665926251	0.524538377950401	20.2412788970108	8.83350883350883	2.1986937036354	0.90619886914889	A0201	0.90619886914889	A0201,A1101,A2402
YLVVGAAGV	9	specific	0.651829675336679	specific	0.00178592805551969	specific	0.000556318734476275	specific	0.000785978113092117	1.4643447208858	52.7063546983107	78.2555782555783	43.3506572297286	0.651829675336679	A0201	0.651829675336679	A0201
YLVVGACGV	9	specific	0.394648711859352	specific	0.00114770200877561	specific	0.00086280468007721	specific	0.000525001999652533	2.84658514811089	60.0503831110816	71.1249711249711	49.1453443666095	0.394648711859352	A0201	0.394648711859352	A0201
YLVVGADGV	9	specific	0.681612726549308	specific	0.00059687765323891	specific	0.000537919537745147	specific	0.000977845093648789	1.35406441500944	71.1584388689284	78.7843787843788	40.339584649758	0.681612726549308	A0201	0.681612726549308	A0201
YLVVGARGV	9	specific	0.630392837524414	specific	0.00240244287915124	specific	0.000834268315213343	specific	0.000587504922603128	1.55210441484785	48.0157495066947	71.6820716820717	47.5267341280759	0.630392837524414	A0201	0.630392837524414	A0201
YLVVGASGV	9	specific	0.396057889243174	specific	0.00118767048984173	specific	0.000521877946418202	specific	0.000743783423326505	2.83628424041915	59.4620429434938	79.2537792537793	44.1318954196988	0.396057889243174	A0201	0.396057889243174	A0201
YLVVGAVGV	9	specific	0.912875873512692	specific	0.00418775207665855	specific	0.00269593027481581	specific	0.00250804566344919	0.500805894542944	39.7446396177249	51.8067518067518	28.6170814223131	0.912875873512692	A0201	0.912875873512692	A0201
YVVVGAAGV	9	specific	0.138440833615863	specific	0.00118298540895031	specific	0.00216753540236599	specific	0.000489425096537843	6.2903199744699	59.524392295272	55.4431554431554	50.1735916901733	0.138440833615863	A0201	0.138440833615863	A0201
YVVVGACGV	9	specific	0.0834865564274272	specific	0.000791011017316931	specific	0.00301051780209668	specific	0.000339205838131799	8.39685559743245	66.3445451368009	50.01715001715	55.4605546267098	0.0834865564274272	A0201	NA	unknown
IPVAIKTSP	9	specific	0.000649149259269471	specific	0.000981118123120773	specific	0.00488138051295108	specific	0.000235597968058935	50.9793941450449	62.7016910876688	42.4699424699425	60.6598399026072	0.00488138051295108	A1101	NA	unknown
PVAIKTSPK	9	specific	3.24835871344146e-05	specific	0.83509105708864	specific	0.785910172926055	specific	6.25153989438903e-05	87.0360047020614	0.668115105565814	1.05190105190105	78.3776810972003	0.83509105708864	A0301	0.83509105708864	A0301,A1101
VAIKTSPKA	9	specific	0.0104177117146466	specific	0.000186823980225744	specific	0.0115005207178405	specific	0.000339808914961755	20.9445730374751	88.4572111205458	31.0685310685311	55.4339489917573	0.0115005207178405	A1101	NA	unknown
MLREQLDQV	9	specific	0.754495414429241	specific	0.00172994324273898	specific	0.0002520035701647	specific	0.000631243956110615	1.06604295680486	53.2287193805758	88.958988958989	46.4822613983478	0.754495414429241	A0201	0.754495414429241	A0201
TLHGFVNHI	9	specific	0.798577315939797	specific	0.0462613960752302	specific	0.00379574803850523	specific	0.145663411529838	0.904258112469758	14.3795332964676	46.2734462734463	4.01190803721967	0.798577315939797	A0201	0.798577315939797	A0201,A2402
RILSCLSDL	9	specific	0.0726801744459926	specific	0.0342364898837801	specific	0.00513220027577416	specific	0.005681542001144	9.00864872288942	16.7146625731648	41.7438417438417	20.6372049571135	0.0726801744459926	A0201	NA	unknown
GLLHKVKEL	9	specific	0.974264829688602	specific	0.0603700673143774	specific	0.0161177863073981	specific	0.0170032416923075	0.216319061526715	12.4779284301964	27.2087272087272	12.7953956126905	0.974264829688602	A0201	0.974264829688602	A0201
ALLVVSREL	9	specific	0.896158919069502	specific	0.194450800230132	specific	0.0294521512835622	specific	0.0606861439591739	0.561803426364671	5.87191891965395	21.0674210674211	6.80298023423037	0.896158919069502	A0201	0.896158919069502	A0201,A0301
WLAKTRVFL	9	specific	0.617213139206999	specific	0.0145055143464914	specific	0.00171805222427316	specific	0.00852223623147034	1.60593170700178	24.5725946899303	59.3698593698594	17.4008914903288	0.617213139206999	A0201	0.617213139206999	A0201
ILCKDLSTV	9	specific	0.394437424284923	specific	0.00486862399506107	specific	0.000764477712650723	specific	0.000768616537814321	2.84729207314857	37.6853986682017	73.1315731315731	43.6686147231956	0.394437424284923	A0201	0.394437424284923	A0201
ILYKNIDCV	9	specific	0.960020523601108	specific	0.0255805362973964	specific	0.00155863103806648	specific	0.00315699045863261	0.291758061975111	19.1598852933089	61.036961036961	26.1282452072065	0.960020523601108	A0201	0.960020523601108	A0201
KLPPLLNEI	9	specific	0.894158095783657	specific	0.103366111660661	specific	0.00669302445364287	specific	0.939811089303758	0.569579601779024	9.12657522766579	37.987937987938	0.288832385507587	0.939811089303758	A2402	0.939811089303758	A0201,A0301,A2402
KMKSDQYPI	9	specific	0.0270513180747937	specific	0.00671321852476897	specific	0.00302939402238817	specific	0.00649796920706649	14.284228300431	33.4668959188874	49.9167499167499	19.5098919549196	0.0270513180747937	A0201	NA	unknown
LISTDIIFL	9	specific	0.792158658636941	specific	0.334166172045904	specific	0.162494135258991	specific	0.106002088186667	0.926172788637492	3.60488037284711	7.72670772670773	4.93181802148808	0.792158658636941	A0201	0.792158658636941	A0201,A0301,A1101,A2402
FLENFNFPL	9	specific	0.929045745813184	specific	0.0282919186679389	specific	0.0401607061446864	specific	0.0057011875759296	0.430416358649333	18.3249680446981	18.1600181600182	20.607676733473	0.929045745813184	A0201	0.929045745813184	A0201
FLKKKNITL	9	specific	0.977519220776028	specific	0.0795578944344824	specific	0.00223726602889028	specific	0.0392045379655125	0.198342967711707	10.6892373334623	54.9137549137549	8.56439420279339	0.977519220776028	A0201	0.977519220776028	A0201
FLFEVTDNL	9	specific	0.998885138829549	specific	0.075461040344736	specific	0.0196962883698385	specific	0.102527489493756	0.0151483936643326	11.011862492987	25.0764250764251	5.03279849960343	0.998885138829549	A0201	0.998885138829549	A0201,A2402
KMYSEFKSI	9	specific	0.184767374277322	specific	0.154497740587168	specific	0.00162386628110703	specific	0.0277367102861818	5.252755997754	6.97940053968954	60.3439603439603	10.1713140865751	0.184767374277322	A0201	0.184767374277322	A0201,A0301
KLPLESSTI	9	specific	0.0583167264742466	specific	0.00542472282868402	specific	0.000330124188862463	specific	0.0563802632095758	10.0759035511874	36.2200378125148	85.6776856776857	7.08647133696338	0.0583167264742466	A0201	NA	unknown
VLNGNDNTI	9	specific	0.374606551478306	specific	0.00759377008340481	specific	0.0010355040542941	specific	0.111338301318594	2.99604929893235	31.8891249233224	68.052168052168	4.78639403953154	0.374606551478306	A0201	0.374606551478306	A0201,A2402
SLIKQNKYV	9	specific	0.929101700252957	specific	0.0242908732014459	specific	0.00448955214906037	specific	0.00152303764174096	0.430012401484947	19.6096265787531	43.7117437117437	34.4984384306303	0.929101700252957	A0201	0.929101700252957	A0201
YLKKIQNSL	9	specific	0.445950229075323	specific	0.0134631211028439	specific	0.0015863473556152	specific	0.10491185250899	2.49554637226268	25.3549330021465	60.7384607384607	4.96578051762069	0.445950229075323	A0201	0.445950229075323	A0201,A2402
ELPDEFVVV	9	specific	0.837111088964674	specific	0.00789691333334114	specific	0.00228174462746311	specific	0.107051837974642	0.767316633744153	31.4162166735664	54.5802545802546	4.90097967188399	0.837111088964674	A0201	0.837111088964674	A0201,A2402
SLEDKAFQL	9	specific	0.928012368745274	specific	0.109529267224005	specific	0.117494436786445	specific	0.0846031013436409	0.434859887457539	8.80455442373184	9.66430966430967	5.63807669477391	0.928012368745274	A0201	0.928012368745274	A0201,A0301,A1101
GLITLSYHL	9	specific	0.971331491735246	specific	0.0393396736551242	specific	0.143492183767699	specific	0.159461803134117	0.232275369519819	15.5998279601085	8.45040845040845	3.77064330208179	0.971331491735246	A0201	0.971331491735246	A0201,A1101,A2402
FLPTGAFKA	9	specific	0.693999927573734	specific	0.00545144508291173	specific	0.0163218700881973	specific	0.00783179519348778	1.30336779087945	36.1512420011019	27.0697270697271	18.0270309219961	0.693999927573734	A0201	0.693999927573734	A0201
NLFSSIEIV	9	specific	0.917077022128635	specific	0.0140135074531726	specific	0.00184944152583297	specific	0.00269631582453561	0.483031779310117	24.9308768293088	58.1160581160581	27.8180053634541	0.917077022128635	A0201	0.917077022128635	A0201
CLINNSSYI	9	specific	0.227510000522145	specific	0.00708259218839279	specific	0.00134156882120256	specific	0.0367697200699088	4.53250037366038	32.7717862636018	63.6205636205636	8.84707907416421	0.227510000522145	A0201	0.227510000522145	A0201
AVLATILMV	9	specific	0.757970841022001	specific	0.390900491685089	specific	0.202902364089257	specific	0.00515912324661309	1.05230841321586	3.03829700652604	6.53590653590653	21.4704450699456	0.757970841022001	A0201	0.757970841022001	A0201,A0301,A1101
FISDDKDSL	9	specific	0.604228179653486	specific	0.00171836936184514	specific	0.0108664990383507	specific	0.00423517492935288	1.66309164576188	53.3341794311604	31.7390317390317	23.265015303279	0.604228179653486	A0201	0.604228179653486	A0201
KRASHTTPV	9	specific	0.00396337611468375	specific	0.006489724944082	specific	0.000623363653599145	specific	0.000178294104123881	29.593396916191	33.8942760474742	76.4652764652765	64.5280371995151	0.006489724944082	A0301	NA	unknown
HMTEVVRRC	9	specific	0.0636909307376805	specific	0.00681434641387758	specific	0.000278336968393848	specific	0.00132484449529784	9.643265428134	33.2768260855989	87.7896877896878	36.2819229827335	0.0636909307376805	A0201	NA	unknown
SMTNIPMNV	9	specific	0.794610637757513	specific	0.0541050741031844	specific	0.00223034873154372	specific	0.0112339151557535	0.9169827631478	13.2382077633505	54.965254965255	15.4213919382911	0.794610637757513	A0201	0.794610637757513	A0201
NMYQQNIPL	9	specific	0.525135243725446	specific	0.159771766619653	specific	0.00303275793249011	specific	0.00444114706065445	2.05119349144217	6.82025356746069	49.8967498967499	22.8184639075414	0.525135243725446	A0201	0.525135243725446	A0201,A0301
NTFDALYYV	9	specific	0.972702560159895	specific	0.0769770889652945	specific	0.349633340040843	specific	0.00310272956218493	0.223994247649983	10.8880703228165	4.04430404430405	26.3066238960929	0.972702560159895	A0201	0.972702560159895	A0201,A1101
SISDYTKSL	9	specific	0.688691469364696	specific	0.205841645073896	specific	0.180801400387039	specific	0.0222116535458352	1.32699928499582	5.61798884561031	7.14380714380715	11.3077979705141	0.688691469364696	A0201	0.688691469364696	A0201,A0301,A1101
NLFEWSKTV	9	specific	0.961195327175988	specific	0.0286519955020695	specific	0.0158804104722246	specific	0.00339501749449861	0.284486833016229	18.2164862161599	27.3654273654274	25.3988073822575	0.961195327175988	A0201	0.961195327175988	A0201
GIANDLSTL	9	specific	0.258519892575633	specific	0.0142913656744693	specific	0.021609735498795	specific	0.00447926872383404	4.11965615166168	24.7282162545465	24.1157241157241	22.7389493394446	0.258519892575633	A0201	0.258519892575633	A0201
HITEYLKKI	9	specific	0.610903948917985	specific	0.0383560843447615	specific	0.00622963094372406	specific	0.0864055884484615	1.63047210473801	15.789897793397	38.977338977339	5.56995014466815	0.610903948917985	A0201	0.610903948917985	A0201
ALYIPPYEL	9	specific	0.968512488736047	specific	0.778495028946135	specific	0.506748754965762	specific	0.232844151794496	0.248231677512911	0.877322865894503	2.62830262830263	2.85637693734877	0.968512488736047	A0201	0.968512488736047	A0201,A0301,A1101,A2402
SCSRAIPQV	9	specific	0.0697340695618348	specific	0.000719421063115572	specific	0.00240640515057748	specific	0.000235414837127321	9.20416399045045	67.9724776463976	53.6839536839537	60.671127141678	0.0697340695618348	A0201	NA	unknown
RLPRIFCSC	9	specific	0.00429846600695277	specific	0.0136679711929307	specific	0.000659078886022573	specific	0.0200313862109195	28.7995200988887	25.1956853039858	75.5699755699756	11.8785089960303	0.0200313862109195	A2402	NA	unknown
YLKIIQNSL	9	specific	0.458374099987042	specific	0.0254014206797163	specific	0.00492508692119726	specific	0.117463262593891	2.42364199700263	19.219917948656	42.3357423357423	4.62252751516471	0.458374099987042	A0201	0.458374099987042	A0201,A2402
QMVSSVTFI	9	specific	0.0808517301468075	specific	0.00491486621128085	specific	0.000742833280414364	specific	0.0242325647823034	8.53278718324709	37.5506273714662	73.6258736258736	10.8559052920019	0.0808517301468075	A0201	NA	unknown
LTHKYNEFV	9	specific	0.070296731238745	specific	0.00253854963211779	specific	0.00132690211452374	specific	0.000195702298599285	9.1621524453547	47.1516217378648	63.8164638164638	63.2578196883714	0.070296731238745	A0201	NA	unknown
NLFFQNKSI	9	specific	0.385885423028635	specific	0.0273161946655212	specific	0.00113689501382876	specific	0.00593913585891844	2.91374302668945	18.6053890388027	66.4618664618665	20.2600902374452	0.385885423028635	A0201	0.385885423028635	A0201
FDNSGISLL	9	specific	0.0171436964091489	specific	0.00133889762764304	specific	0.00425429261948117	specific	0.00305877797782159	17.2817924387298	57.4538700413883	44.5273445273445	26.4564821505415	0.0171436964091489	A0201	NA	unknown
APRITFGGP	9	specific	4.50797929088127e-05	specific	0.00144108222711168	specific	0.00129185122362764	specific	3.78407280466478e-05	83.8017216654346	56.2122214802079	64.2694642694643	84.4723870797393	0.00144108222711168	A0301	NA	unknown
LLFQKAANL	9	specific	0.780178177025583	specific	0.252876665682157	specific	0.00898222099825085	specific	0.0195818316663564	0.968285323024343	4.72092369708489	34.0906340906341	12.0024670679683	0.780178177025583	A0201	0.780178177025583	A0201,A0301
VLPDVFIRC	9	specific	0.595375770599478	specific	0.162006630281879	specific	0.0115269205881001	specific	0.374445086386469	1.7014675763782	6.75145775604784	31.044631044631	1.87075909706118	0.595375770599478	A0201	0.595375770599478	A0201,A0301,A2402
VLEKGIPTL	9	specific	0.948271608352661	specific	0.0104097635375284	specific	0.0042495575667595	specific	0.100965851690206	0.344373482635907	28.1598480247141	44.5444445444445	5.07966069753122	0.948271608352661	A0201	0.948271608352661	A0201,A2402
NLIYRNLHL	9	specific	0.919111496872372	specific	0.125018435097688	specific	0.00937128171192272	specific	0.25397347021434	0.475255603895763	8.07801827772758	33.5553335553336	2.66751724075378	0.919111496872372	A0201	0.919111496872372	A0201,A0301,A2402
NTSAGFPYV	9	specific	0.295314172396643	specific	0.0772264255498158	specific	0.0173597038411875	specific	0.00593131894434009	3.70822577973832	10.8707454625486	26.3923263923264	20.2699665716321	0.295314172396643	A0201	0.295314172396643	A0201
GLEPLDLNT	9	specific	0.0623834704233198	specific	0.00770865642222292	specific	0.0050454833918151	specific	3.62246977471368e-05	9.74576955859601	31.7073146164407	41.989741989742	84.9787003751999	0.0623834704233198	A0201	NA	unknown
FIPSHNSFI	9	specific	0.169570464862045	specific	0.00340817492856079	specific	0.00189407219172608	specific	0.0477503873749811	5.55027044932156	42.6905709447992	57.7184577184577	7.74314678147401	0.169570464862045	A0201	0.169570464862045	A0201
HLNNIFHHL	9	specific	0.86080174114969	specific	0.202275332611882	specific	0.0328296199075289	specific	0.683634151849482	0.688343008107417	5.69182095361269	20.02322002322	0.847953835192206	0.86080174114969	A0201	0.86080174114969	A0201,A0301,A2402
VIIPHYTFL	9	specific	0.503416287454052	specific	0.302589437681147	specific	0.270515780937341	specific	0.739001347900679	2.16591732612674	3.9905599656726	5.16020516020516	0.72742224654353	0.739001347900679	A2402	0.739001347900679	A0201,A0301,A1101,A2402
YIHKLILSV	9	specific	0.984132185247209	specific	0.0251403409313854	specific	0.00611249758757266	specific	0.00174871051145955	0.156129444033759	19.311679272517	39.2456392456392	32.7920497525374	0.984132185247209	A0201	0.984132185247209	A0201
NIFHHLIYV	9	specific	0.99175003502104	specific	0.224106978314618	specific	0.0409451186736987	specific	0.0114712641236211	0.0952329015031284	5.2399644236009	17.982217982218	15.2845341645579	0.99175003502104	A0201	0.99175003502104	A0201,A0301
SLFITSDHL	9	specific	0.608369517740276	specific	0.0577966254741316	specific	0.0167174124450462	specific	0.012130350086631	1.64259081966949	12.7702350842522	26.7986267986268	14.9166911055548	0.608369517740276	A0201	0.608369517740276	A0201
KINETYDKV	9	specific	0.327706219354231	specific	0.0233132750614257	specific	0.0164275345113715	specific	0.0171668617745228	3.38576697327015	19.9667000069501	26.996926996927	12.7402695433002	0.327706219354231	A0201	0.327706219354231	A0201
FLQYHFKEL	9	specific	0.681903633640872	specific	0.0165991695317643	specific	0.0133282541781303	specific	0.0687148247923081	1.35295353280738	23.2082619438292	29.3408293408293	6.34655250430578	0.681903633640872	A0201	0.681903633640872	A0201
KLGVQYFFL	9	specific	0.186114955227822	specific	0.425316768708742	specific	0.0723594203440573	specific	0.704390785429213	5.2253878998671	2.73329888506466	13.1406131406131	0.803308773510458	0.704390785429213	A2402	0.704390785429213	A0201,A0301,A2402
YVGDNINNV	9	specific	0.740949824783537	specific	0.0308809745435913	specific	0.0435301151435447	specific	0.0151827301736881	1.12552564926015	17.5693221044065	17.4155174155174	13.4929872988327	0.740949824783537	A0201	0.740949824783537	A0201
KVKDSWITL	9	specific	0.274106192098568	specific	0.265034573333752	specific	0.101337056474424	specific	0.0709554556614926	3.93312893100816	4.53105531565996	10.6486106486106	6.23499023956157	0.274106192098568	A0201	0.274106192098568	A0201,A0301,A1101
STSAFVETV	9	specific	0.692827689647674	specific	0.00395245576142366	specific	0.0565838536532182	specific	0.000414061454791358	1.30851824472533	40.5473245681627	15.1369151369151	52.6182867381996	0.692827689647674	A0201	0.692827689647674	A0201
FGDDTVIEV	9	specific	0.903271039326986	specific	0.000942127811024335	specific	0.00656448161941322	specific	0.000570696730141012	0.534839285642152	63.4045566397023	38.2531382531383	47.9297490302548	0.903271039326986	A0201	0.903271039326986	A0201
YLKKIQYSL	9	specific	0.899440887239244	specific	0.0114078070806196	specific	0.00705002080995756	specific	0.166839778961407	0.550997572217438	27.1399979653362	37.2782372782373	3.65847636381593	0.899440887239244	A0201	0.899440887239244	A0201,A2402
HIKEYLNKI	9	specific	0.227912785105097	specific	0.0287288935787931	specific	0.00503797555479145	specific	0.0836607288336381	4.52856179130765	18.1941250593024	42.013842013842	5.68524122946251	0.227912785105097	A0201	0.227912785105097	A0201
CKMEKCSSV	9	specific	0.00210239776058074	specific	0.000245801700097699	specific	8.16065696309909e-05	specific	0.000104799418880444	36.4016909646901	84.9957644745682	97.5145975145975	71.7157913513546	0.00210239776058074	A0201	NA	unknown
SCSRAVPQV	9	specific	0.0606185727143181	specific	0.000504923873050897	specific	0.00153280270306924	specific	0.000163547001248708	9.8806912514997	73.9962912711915	61.3256613256613	65.7533073122161	0.0606185727143181	A0201	NA	unknown
CISSCNPNL	9	specific	0.0569638904216441	specific	0.00240391967938665	specific	0.00235849221748828	specific	0.00220735328287623	10.1866888035193	48.0039645726753	54.017654017654	30.0452195015273	0.0569638904216441	A0201	NA	unknown
CISSCNPNP	9	specific	0.00135025655211462	specific	0.000663286279449535	specific	0.00122388214659471	specific	6.58117704400989e-05	41.6284927146325	69.3494011339725	65.1909651909652	77.719292411045	0.00135025655211462	A0201	NA	unknown
ILCETCLIV	9	specific	0.282796402252279	specific	0.030155973532035	specific	0.00736475297280903	specific	0.00204662550671249	3.83951185816256	17.7714790495098	36.6737366737367	30.9294537480184	0.282796402252279	A0201	0.282796402252279	A0201
NATNVVIKV	9	specific	0.756081854634815	specific	0.0068602107389577	specific	0.00340712567267979	specific	0.00656482994511154	1.05988261004804	33.1814386281934	47.994347994348	19.4310828392647	0.756081854634815	A0201	0.756081854634815	A0201
SLLMWITQL	9	specific	0.95638577275806	specific	0.26878688454421	specific	0.0674072051446678	specific	0.129841539512078	0.308118327132589	4.47303717894868	13.7046137046137	4.33369512965712	0.95638577275806	A0201	0.95638577275806	A0201,A0301,A2402
SLLMWITQM	9	specific	0.516600236948579	specific	0.15873338938432	specific	0.0128513159668526	specific	0.0187897764435749	2.09785054392833	6.8515793322475	29.7561297561298	12.2368788365275	0.516600236948579	A0201	0.516600236948579	A0201,A0301
SLLMWITQI	9	specific	0.926332947942946	specific	0.146841425562484	specific	0.0394316149616821	specific	0.175065459000568	0.442838041454086	7.23453932491466	18.3247183247183	3.53512296539957	0.926332947942946	A0201	0.926332947942946	A0201,A0301,A2402
SALMWITQA	9	specific	0.0164351764545346	specific	0.00255628915930275	specific	0.0314053883375083	specific	0.000167874694098666	17.5782969973864	47.0451544279623	20.4526204526205	65.3802237493588	0.0314053883375083	A1101	NA	unknown
SALMWITQL	9	specific	0.141966808519727	specific	0.019087366310042	specific	0.0862499092330432	specific	0.0143389181558127	6.19407718005582	21.8448357311141	11.7976117976118	13.8474267614392	0.141966808519727	A0201	0.141966808519727	A0201
SALMWITQV	9	specific	0.270456201631007	specific	0.00649484274995808	specific	0.0385692102504739	specific	0.00132673622612083	3.97625135830596	33.8858150692038	18.5291185291185	36.2657983554896	0.270456201631007	A0201	0.270456201631007	A0201
SALMWITQM	9	specific	0.00846099101776316	specific	0.0118968132472522	specific	0.0139933152929492	specific	0.00231052086451389	22.6427079672472	26.6852203833025	28.7868287868288	29.5380999747045	0.0139933152929492	A1101	NA	unknown
SALMWITQI	9	specific	0.114546234711977	specific	0.00933310697182606	specific	0.0501165764406323	specific	0.0196518431604596	7.03551995346413	29.4245628242745	16.1650161650162	11.9863424407244	0.114546234711977	A0201	0.114546234711977	A0201
SMLMWITQA	9	specific	0.370006898687118	specific	0.0224373719643659	specific	0.0101820832760521	specific	0.00143063128554641	3.03543512245962	20.3224639980338	32.5313325313325	35.2992277311339	0.370006898687118	A0201	0.370006898687118	A0201
SMLMWITQL	9	specific	0.80632026526663	specific	0.1113187819383	specific	0.0187057945737454	specific	0.0937883493781555	0.874668250178756	8.71843375205104	25.6123256123256	5.31356857148904	0.80632026526663	A0201	0.80632026526663	A0201,A0301
SMLMWITQV	9	specific	0.931857755449083	specific	0.0471822377016199	specific	0.00533140450845369	specific	0.00712364307162514	0.419004568755532	14.2288473025092	41.1909411909412	18.7727949320297	0.931857755449083	A0201	0.931857755449083	A0201
SMLMWITQM	9	specific	0.214355036256408	specific	0.0562745647199335	specific	0.00379997126049905	specific	0.0149849563304896	4.73245917002961	12.9590962063592	46.2554462554463	13.5700831728429	0.214355036256408	A0201	0.214355036256408	A0201
SMLMWITQI	9	specific	0.742289473613103	specific	0.0594701993748054	specific	0.0110106241849583	specific	0.126066640805867	1.11936530250333	12.5743231469199	31.5757315757316	4.41159723502954	0.742289473613103	A0201	0.742289473613103	A0201,A2402
SILMWITQA	9	specific	0.295933453655905	specific	0.0311567888449645	specific	0.0802102904482227	specific	0.000640737486765709	3.7017624651082	17.5005262929936	12.3456123456123	46.2745560436615	0.295933453655905	A0201	0.295933453655905	A0201
SILMWITQL	9	specific	0.714569386798475	specific	0.180467034979827	specific	0.149374125784056	specific	0.0723015051574395	1.22974659767078	6.23050323682782	8.21130821130821	6.17563145551971	0.714569386798475	A0201	0.714569386798475	A0201,A0301,A1101
SILMWITQV	9	specific	0.87412997285525	specific	0.0733347573356393	specific	0.0493056684758307	specific	0.00521892934934082	0.639262212634972	11.190147392256	16.3131163131163	21.3607976046866	0.87412997285525	A0201	0.87412997285525	A0201
SILMWITQM	9	specific	0.141983465308699	specific	0.091634301146971	specific	0.028483290627547	specific	0.0106373767318776	6.19347124430926	9.81836092720235	21.3738213738214	15.7948786168295	0.141983465308699	A0201	0.141983465308699	A0201
SILMWITQI	9	specific	0.637393104947276	specific	0.0976728468202054	specific	0.0779934751852933	specific	0.10192293840357	1.52514027412534	9.45202071328062	12.5613125613126	5.05184571553538	0.637393104947276	A0201	0.637393104947276	A0201,A2402
SLLMWITQA	9	specific	0.747857875790861	specific	0.0532738496161376	specific	0.0378572925873515	specific	0.000911373531465405	1.09431995831162	13.3472939474795	18.7034187034187	41.3107911044463	0.747857875790861	A0201	0.747857875790861	A0201
YLQPRTFLL	9	specific	0.978670762644874	specific	0.186977410553178	specific	0.103970070553911	specific	0.927314922544691	0.190061845841871	6.05644882669398	10.4634104634105	0.324508123284872	0.978670762644874	A0201	0.978670762644874	A0201,A0301,A1101,A2402
FASEAARVV	9	specific	0.0780228895186964	specific	0.000364415018652739	specific	0.00564013738300875	specific	0.00018755702416592	8.6877047557877	79.2711068671919	40.3786403786404	63.8338719966622	0.0780228895186964	A0201	NA	unknown
LLVVGAAGV	9	specific	0.376071923857348	specific	0.00367048029237051	specific	0.000438276201303643	specific	0.000351001168014086	2.98524344478511	41.6031337851899	81.8200818200818	54.9773197039922	0.376071923857348	A0201	0.376071923857348	A0201
LLVVGACGV	9	specific	0.232598227616108	specific	0.00184269997405811	specific	0.000576621778913259	specific	0.000276012788881748	4.45595049100993	52.1824791270688	77.6810776810777	58.4316179753313	0.232598227616108	A0201	0.232598227616108	A0201
LLVVGADGV	9	specific	0.411555003726648	specific	0.00111438140750519	specific	0.000356812631666455	specific	0.000403504632014299	2.72701382745374	60.5433358212639	84.6727846727847	52.9878430388472	0.411555003726648	A0201	0.411555003726648	A0201
LLVVGARGV	9	specific	0.31999597675167	specific	0.00519181775321979	specific	0.000778489599248417	specific	0.000279620632568209	3.44928923736927	36.8120041136471	72.8376728376728	58.2475956669095	0.31999597675167	A0201	0.31999597675167	A0201
LLVVGASGV	9	specific	0.178898241908367	specific	0.00260011530502121	specific	0.000446136210019419	specific	0.000363968682398132	5.3644501537057	46.7891091093511	81.5705815705816	54.458711380258	0.178898241908367	A0201	0.178898241908367	A0201
LLVVGAVGV	9	specific	0.754405704306232	specific	0.00863200975221743	specific	0.00177003983281704	specific	0.001127914839293	1.06634592467815	30.3447949371118	58.8714588714589	38.4193431028419	0.754405704306232	A0201	0.754405704306232	A0201
LVVVGAAGV	9	specific	0.0532801030932509	specific	0.00242686022221758	specific	0.00193521784559607	specific	0.00017997250632528	10.5164188389463	47.8541851121029	57.3627573627574	64.3969238242375	0.0532801030932509	A0201	NA	unknown
LVVVGACGV	9	specific	0.0428546115548468	specific	0.00121514923593161	specific	0.0021749708810325	specific	0.000162586462949646	11.6438632847373	59.0868388475745	55.3803553803554	65.8263720294154	0.0428546115548468	A0201	NA	unknown
LVVVGADGV	9	specific	0.0706199459466006	specific	0.000777954825608794	specific	0.00153259570693949	specific	0.000241674157120207	9.14225755500887	66.6324198498579	61.3270613270613	60.296330337176	0.0706199459466006	A0201	NA	unknown
LVVVGARGV	9	specific	0.0344043298003574	specific	0.00382163461809613	specific	0.00328378809119315	specific	0.00014105770914797	12.8560377457574	41.0292981517799	48.5962485962486	67.7901500698902	0.0344043298003574	A0201	NA	unknown
LVVVGASGV	9	specific	0.0194032640439066	specific	0.0017954953428167	specific	0.00211110788951794	specific	0.000189152240262431	16.4393397724105	52.6181187820623	55.9007559007559	63.725232320606	0.0194032640439066	A0201	NA	unknown
LVVVGAVGV	9	specific	0.228134721910788	specific	0.00655081528975643	specific	0.00823844281904308	specific	0.000613378634872319	4.52603705903026	33.7771317888019	35.1983351983352	46.8954549714745	0.228134721910788	A0201	0.228134721910788	A0201
VKIPVAIKT	9	specific	0.0168971245789382	specific	0.00697639417244444	specific	0.0119854545094401	specific	0.0144476458994884	17.382377772661	32.9623597265492	30.5891305891306	13.8056035095251	0.0168971245789382	A0201	NA	unknown
KIPVAIKTS	9	specific	0.0033489823948916	specific	0.0282778519286113	specific	0.00426187223053931	specific	0.000610692570798064	31.3033475930212	18.3309108746738	44.5024445024445	46.958341017726	0.0282778519286113	A0301	NA	unknown
QLPDSVNQL	9	specific	0.73659298862848	specific	0.0448618530415438	specific	0.00407633472413696	specific	0.519588764674134	1.14380471094845	14.5977056647257	45.1795451795452	1.29390055740821	0.73659298862848	A0201	0.73659298862848	A0201,A2402
QLPDFVNQL	9	specific	0.929023589690526	specific	0.214676729755269	specific	0.0289667168172147	specific	0.6569936659601	0.430618337231525	5.43436547195639	21.2177212177212	0.911948449566702	0.929023589690526	A0201	0.929023589690526	A0201,A0301,A2402
YITKRIIAV	9	specific	0.990575563907623	specific	0.0248896008200164	specific	0.00596430342387369	specific	0.021361200166656	0.107654584307881	19.395785425562	39.5891395891396	11.5219531760981	0.990575563907623	A0201	0.990575563907623	A0201
YIYNPSLAL	9	specific	0.877058623234431	specific	0.511350370943546	specific	0.145261766627017	specific	0.0442457397232324	0.630678122891848	2.12521643484593	8.37430837430837	8.05142949859464	0.877058623234431	A0201	0.877058623234431	A0201,A0301,A1101
YLAVDALEL	9	specific	0.898555938402812	specific	0.0378447012002451	specific	0.0175760254443478	specific	0.0994500097792803	0.553219336621547	15.8981781700717	26.2583262583263	5.12974782090779	0.898555938402812	A0201	0.898555938402812	A0201
YLDVFVHAI	9	specific	0.992982863055335	specific	0.00478345965838495	specific	0.019078558817657	specific	0.0839583225839306	0.0856389188490403	37.9186799262283	25.4048254048254	5.668915044378	0.992982863055335	A0201	0.992982863055335	A0201
YLFIKDNEI	9	specific	0.859508501655526	specific	0.0381873577812763	specific	0.00305982281246126	specific	0.0771738767908472	0.690261804638237	15.8237417064786	49.7509497509497	5.95311159955294	0.859508501655526	A0201	0.859508501655526	A0201
YLIIENRYA	9	specific	0.583681615193685	specific	0.00910720713460857	specific	0.00420505630619598	specific	0.000306518926976827	1.75105331830613	29.6974293734948	44.7056447056447	56.9331362097653	0.583681615193685	A0201	0.583681615193685	A0201
YLLIHGTAV	9	specific	0.787920183274481	specific	0.00895295471600548	specific	0.004797489924498	specific	0.00208457002111323	0.943138989541548	29.9007950297796	42.7393427393427	30.7110658277829	0.787920183274481	A0201	0.787920183274481	A0201
YLLQKLSCL	9	specific	0.950867324405246	specific	0.0228054624356042	specific	0.00456361120994618	specific	0.0735214101108593	0.332759714159914	20.1704685669621	43.4715434715435	6.11899370232527	0.950867324405246	A0201	0.950867324405246	A0201
YLNEAVFNF	9	specific	0.698113223165274	specific	0.172424405596555	specific	0.0400434172252264	specific	0.846893794669045	1.28912830083497	6.44575455306393	18.1869181869182	0.503289927852368	0.846893794669045	A2402	0.846893794669045	A0201,A0301,A2402
YLYHRVDVI	9	specific	0.948212336169349	specific	0.0172704860713566	specific	0.00593321555453359	specific	0.181890169489715	0.344777439800281	22.8188554915274	39.6584396584397	3.43746819165329	0.948212336169349	A0201	0.948212336169349	A0201,A2402
YMWRWKQFL	9	specific	0.573151107298003	specific	0.0155989747128236	specific	0.00382208430614956	specific	0.0366905062383416	1.80043708165186	23.8481737884937	46.1596461596462	8.85524216670648	0.573151107298003	A0201	0.573151107298003	A0201
YQANVVWKV	9	specific	0.97652594115999	specific	0.0191907833662855	specific	0.0132798857544711	specific	0.0426152257926232	0.203493421557577	21.7972930913091	29.3813293813294	8.20461345741234	0.97652594115999	A0201	0.97652594115999	A0201
YQSPDLSKV	9	specific	0.453409222265085	specific	0.00132213431971245	specific	0.00205403476958179	specific	0.0183367258461923	2.45201998780049	57.6637828832395	56.3601563601564	12.3734342734999	0.453409222265085	A0201	0.453409222265085	A0201
YVQCFLAFT	9	specific	0.00824584345960776	specific	0.0039097260337049	specific	0.015929441556687	specific	0.000551856549312942	22.8672071613526	40.6967011250079	27.3326273326273	48.406937217756	0.015929441556687	A1101	NA	unknown
YVYKIVSQL	9	specific	0.891735759708617	specific	0.274401836883691	specific	0.0649235469677175	specific	0.0463479706105621	0.578668637977631	4.38812521844937	14.000514000514	7.86095733927525	0.891735759708617	A0201	0.891735759708617	A0201,A0301
SLHDLTDGV	9	specific	0.982245671749115	specific	0.00427959858710791	specific	0.00192164055783148	specific	0.000276978111439045	0.169460030458368	39.4340008440833	57.4804574804575	58.3815308519548	0.982245671749115	A0201	0.982245671749115	A0201
SLHPSAPFL	9	specific	0.803648226128684	specific	0.0629947277611791	specific	0.0179549855679599	specific	0.103943865733001	0.887998836603365	12.1833050797095	26.032826032826	4.99208381581241	0.803648226128684	A0201	0.803648226128684	A0201,A2402
SLLAARQLL	9	specific	0.697002015676763	specific	0.0311809889216723	specific	0.0137939203068432	specific	0.0218496577736611	1.29347084035208	17.4928711221775	28.9446289446289	11.4006153560872	0.697002015676763	A0201	0.697002015676763	A0201
SLLLLPLSV	9	specific	0.986892014079624	specific	0.212236263495611	specific	0.0174166740857749	specific	0.00285800315127239	0.138355328800932	5.48402335632906	26.3593263593264	27.1766483148253	0.986892014079624	A0201	0.986892014079624	A0201,A0301
SLSEARQDV	9	specific	0.533367224534353	specific	0.000931124758390054	specific	0.00238711736727863	specific	0.000130692170415614	2.00827304272655	63.6039939846474	53.8233538233538	68.8110405322739	0.533367224534353	A0201	0.533367224534353	A0201
SLSSDFNPL	9	specific	0.124168059752103	specific	0.101278263648661	specific	0.0538964212031311	specific	0.0143723084204895	6.71235422195831	9.24664053835996	15.5415155415155	13.8346278385643	0.124168059752103	A0201	0.124168059752103	A0201,A0301
SQPPAGSEV	9	specific	0.0142454813712296	specific	0.000649417860121086	specific	0.000971417339207569	specific	0.00142443092407455	18.5909166192017	69.7018411693072	69.1321691321691	35.3572763892122	0.0142454813712296	A0201	NA	unknown
SVLSALFSI	9	specific	0.764638414647844	specific	0.121974353329279	specific	0.222611773841911	specific	0.0324834869760606	1.02685911185978	8.20614166296499	6.07410607410608	9.4054950714069	0.764638414647844	A0201	0.764638414647844	A0201,A0301,A1101
TIITQLSSV	9	specific	0.636926925016774	specific	0.00796999838096073	specific	0.00429260295437012	specific	0.00317547091040448	1.52665511349177	31.3025978225068	44.3956443956444	26.0724136853743	0.636926925016774	A0201	0.636926925016774	A0201
TLFHDLWKL	9	specific	0.990710034635332	specific	0.120691678960672	specific	0.120422493679588	specific	0.185515923764453	0.105634798485965	8.26556996272133	9.51100951100952	3.39080755156606	0.990710034635332	A0201	0.990710034635332	A0201,A0301,A1101,A2402
TVWDFTLEL	9	specific	0.984516719977061	specific	0.865713470511966	specific	0.508904231732918	specific	0.022302982523009	0.153301743883083	0.560237632618277	2.61230261230261	11.2844172610103	0.984516719977061	A0201	0.984516719977061	A0201,A0301,A1101
VLASLCLYV	9	specific	0.822640606760979	specific	0.241335860769161	specific	0.0248801092809824	specific	0.00431791005229469	0.813872696939222	4.91895087898484	22.6955226955227	23.0785743007707	0.822640606760979	A0201	0.822640606760979	A0201,A0301
VLFDRLSKL	9	specific	0.994043740961287	specific	0.565341670976745	specific	0.0697778553483658	specific	0.391754068806767	0.0749340539929144	1.80329635684378	13.4271134271134	1.78368610994376	0.994043740961287	A0201	0.994043740961287	A0201,A0301,A2402
VLNFYTTFV	9	specific	0.602331267959542	specific	0.33710080538359	specific	0.0264744740226888	specific	0.0232228088734296	1.67056485330296	3.57415896365103	22.0868220868221	11.0741924333171	0.602331267959542	A0201	0.602331267959542	A0201,A0301
VLSALFSIT	9	specific	0.00310360346572765	specific	0.0471330517896503	specific	0.00708026054680507	specific	0.00337455486713023	32.1002540890564	14.2363010214617	37.2151372151372	25.4563521457344	0.0471330517896503	A0301	NA	unknown
LQVCWLQSA	9	specific	0.00595889506121341	specific	0.000715630294270397	specific	0.00139902863695282	specific	0.000381008472978373	25.7151051702477	68.0643396961904	62.8921628921629	53.8166488791872	0.00595889506121341	A0201	NA	unknown
LVADVLSPV	9	specific	0.804094349675708	specific	0.135154129406955	specific	0.129878752435454	specific	0.000570071429734753	0.884565200706122	7.65889767554767	9.03790903790904	47.9467806677813	0.804094349675708	A0201	0.804094349675708	A0201,A0301,A1101
MLIILAGFL	9	specific	0.101687739743162	specific	0.0304060861613834	specific	0.00607612404383468	specific	0.0163263134759392	7.53713376233585	17.6973447637121	39.3277393277393	13.0399860521974	0.101687739743162	A0201	0.101687739743162	A0201
MLPSNYVEA	9	specific	0.326951509643631	specific	0.005182376183681	specific	0.00446856060902374	specific	0.00304896452896881	3.39071544853383	36.837991404049	43.7861437861438	26.4854057006604	0.326951509643631	A0201	0.326951509643631	A0201
MLVSTMPVV	9	specific	0.848402595851156	specific	0.0057913495171609	specific	0.00170486586409417	specific	0.00778627277082301	0.726819928014832	35.3717240149759	59.5089595089595	18.0649237960194	0.848402595851156	A0201	0.848402595851156	A0201
NILGFTFDI	9	specific	0.481472042926018	specific	0.0269395762912205	specific	0.0193636828836235	specific	0.0832099204688954	2.29417372581812	18.7243463642471	25.2550252550253	5.70630402379995	0.481472042926018	A0201	0.481472042926018	A0201
NLFLFIDKL	9	specific	0.947203646765815	specific	0.120616148081091	specific	0.0198881286201261	specific	0.0455594324577962	0.351341743721501	8.26929682219758	24.975024975025	7.93513062459752	0.947203646765815	A0201	0.947203646765815	A0201,A0301
NLINEAMDV	9	specific	0.531164486509644	specific	0.0030448472236003	specific	0.00062159359333249	specific	0.000745714286428425	2.02018977907583	44.3722911019719	76.5114765114765	44.096018124081	0.531164486509644	A0201	0.531164486509644	A0201
QLFMATYEI	9	specific	0.754225198758973	specific	0.0205338545644433	specific	0.0100214246191172	specific	0.0290757031878456	1.06685087113363	21.1548630983498	32.7437327437327	9.93559219205238	0.754225198758973	A0201	0.754225198758973	A0201
QLLKFIPSL	9	specific	0.991085294882456	specific	0.170880940646586	specific	0.0381687238666927	specific	0.195003423617325	0.101393248259951	6.49077904457425	18.6276186276186	3.27148530996069	0.991085294882456	A0201	0.991085294882456	A0201,A0301,A2402
QLSSVRCYV	9	specific	0.352051736000511	specific	0.0171951444951749	specific	0.00195254266703463	specific	0.000598654198278028	3.17156868685644	22.8601531235615	57.2061572061572	47.2520107914068	0.352051736000511	A0201	0.352051736000511	A0201
RLIGLMMTA	9	specific	0.729773504080044	specific	0.0983888029560654	specific	0.005703492026022	specific	0.00347334029085889	1.17137478741755	9.40850711074716	40.2203402203402	25.1733649376027	0.729773504080044	A0201	0.729773504080044	A0201
RLLRGYDQV	9	specific	0.581653216977914	specific	0.0161613083952994	specific	0.00109258664981427	specific	0.0197685364913115	1.76105125812459	23.4739769518923	67.1378671378671	11.9507674818674	0.581653216977914	A0201	0.581653216977914	A0201
RLMDSAQVA	9	specific	0.180857718334947	specific	0.00394713498850794	specific	0.0155585648993717	specific	0.00138512723268731	5.32657916954486	40.5646494284307	27.5905275905276	35.7178633659555	0.180857718334947	A0201	0.180857718334947	A0201
RLMGINSTA	9	specific	0.42233486858507	specific	0.0324075055941648	specific	0.00351558649182759	specific	0.000510347098236805	2.65207977346082	17.1670227328355	47.4928474928475	49.5425140914125	0.42233486858507	A0201	0.42233486858507	A0201
RLSEVMARM	9	specific	0.441087848403388	specific	0.138936844091465	specific	0.00262482541334571	specific	0.0225259960544564	2.52897382761532	7.51858645256362	52.2344522344522	11.2357410425176	0.441087848403388	A0201	0.441087848403388	A0201,A0301
RLVLQLLEL	9	specific	0.911835357877943	specific	0.405735596290065	specific	0.00827977951481039	specific	0.226942479061998	0.50444150902238	2.90483514690374	35.1359351359351	2.91553416355008	0.911835357877943	A0201	0.911835357877943	A0201,A0301,A2402
RMGQTVIAV	9	specific	0.86950076950921	specific	0.109618781915762	specific	0.00606165906230874	specific	0.00326416161907319	0.654612584881498	8.79982030493769	39.3620393620394	25.7892249194021	0.86950076950921	A0201	0.86950076950921	A0201,A0301
RSFSEVFLV	9	specific	0.411448161272953	specific	0.182842116865019	specific	0.195476925652474	specific	0.0033795233636839	2.72802372036469	6.16543428489121	6.73150673150673	25.4416384233743	0.411448161272953	A0201	0.411448161272953	A0201,A0301,A1101
RVYDALNLL	9	specific	0.430759341186947	specific	0.909549805853102	specific	0.391451018138064	specific	0.161960392591492	2.59582873832059	0.402198645639118	3.5996035996036	3.73285120697874	0.909549805853102	A0301	0.909549805853102	A0201,A0301,A1101,A2402
KLINSQINL	9	specific	0.954850241872999	specific	0.218294342820041	specific	0.0095760062686875	specific	0.269191717917824	0.31407669530723	5.35952610463611	33.2893332893333	2.54255137961303	0.954850241872999	A0201	0.954850241872999	A0201,A0301,A2402
KLLNCPCPA	9	specific	0.130930579206627	specific	0.00463006353445634	specific	0.0148085405100877	specific	7.52683767402439e-05	6.50815387536305	38.3507941736092	28.1357281357281	75.996779105708	0.130930579206627	A0201	0.130930579206627	A0201
KLLSEFFSC	9	specific	0.178563386794283	specific	0.0625585246774588	specific	0.00101522437320638	specific	0.0165687666064413	5.37030753258925	12.2311498973099	68.3886683886684	12.9544247488841	0.178563386794283	A0201	0.178563386794283	A0201
KLNPSQNVV	9	specific	0.399027739775678	specific	0.0475470967474394	specific	0.00153414865650798	specific	0.0142401632784943	2.81568242503565	14.1693182768211	61.3113613113613	13.8900562447154	0.399027739775678	A0201	0.399027739775678	A0201
KLYESFYGP	9	specific	0.255004511962438	specific	0.219313417343559	specific	0.0673055333657733	specific	0.00281965915520333	4.16368748257935	5.33696349591506	13.7152137152137	27.3268089060347	0.255004511962438	A0201	0.255004511962438	A0201,A0301
KMLDGLESL	9	specific	0.99430034160614	specific	0.0340854115656435	specific	0.00237890497379188	specific	0.16040721452381	0.0727122895888166	16.7497151974279	53.8770538770539	3.75673581108387	0.99430034160614	A0201	0.99430034160614	A0201,A2402
KTIQTIVFL	9	specific	0.642001913984617	specific	0.385137252406114	specific	0.479576457643675	specific	0.163945764427384	1.50474043732403	3.09289046155644	2.83170283170283	3.70523778282345	0.642001913984617	A0201	0.642001913984617	A0201,A0301,A1101,A2402
KTIYKYVHL	9	specific	0.154327177789269	specific	0.280706122882354	specific	0.410675592187908	specific	0.638976058529483	5.87969751687532	4.29465155374786	3.4043034043034	0.951353007394151	0.638976058529483	A2402	0.638976058529483	A0201,A0301,A1101,A2402
LIIENRYAV	9	specific	0.964477964242299	specific	0.00169612303544745	specific	0.0134335965206143	specific	0.00415432829257851	0.268530525023125	53.5437900952162	29.2468292468292	23.4469212543751	0.964477964242299	A0201	0.964477964242299	A0201
LLAAGLGRA	9	specific	0.239555309492991	specific	0.0096726358944175	specific	0.00171967967168967	specific	5.66918718208637e-05	4.3633433110753	29.0017153626184	59.3539593539594	79.5676785878051	0.239555309492991	A0201	0.239555309492991	A0201
LLAKQLYRV	9	specific	0.995488584041595	specific	0.0101254858307382	specific	0.0041708697769132	specific	0.029329882168612	0.0610985211128234	28.4727027688551	44.8282448282448	9.88903233088542	0.995488584041595	A0201	0.995488584041595	A0201
LLAPLIATL	9	specific	0.99908003144794	specific	0.27681115991824	specific	0.039924138982355	specific	0.370813816620244	0.0122197042225602	4.35478493502673	18.2137182137182	1.89182189139862	0.99908003144794	A0201	0.99908003144794	A0201,A0301,A2402
LLFGPSCAL	9	specific	0.565434549529002	specific	0.20915480970612	specific	0.0527122238920937	specific	0.00432957304577333	1.84376148753186	5.54879013047031	15.7298157298157	23.0512632133762	0.565434549529002	A0201	0.565434549529002	A0201,A0301
LLLLPLSVA	9	specific	0.297200931193462	specific	0.0723074633446837	specific	0.00979386550356259	specific	0.00032246931916799	3.68843187868358	11.2833188791621	33.022933022933	56.2045046161784	0.297200931193462	A0201	0.297200931193462	A0201
LLLNGLGLA	9	specific	0.388156420892725	specific	0.0497529623008126	specific	0.00242355719415442	specific	0.000235416264450726	2.89596891145663	13.8372248797081	53.5631535631536	60.671127141678	0.388156420892725	A0201	0.388156420892725	A0201
LLLSSLGYL	9	specific	0.713716239689125	specific	0.132445962846072	specific	0.00452100464042182	specific	0.0305422065790076	1.23277627640365	7.76607006697267	43.6107436107436	9.70490924354335	0.713716239689125	A0201	0.713716239689125	A0201,A0301
LLPGNNWKV	9	specific	0.94412632783254	specific	0.0381994829844593	specific	0.00142066983395289	specific	0.0230871959740196	0.366187169512544	15.8202162988659	62.6314626314626	11.1068448034861	0.94412632783254	A0201	0.94412632783254	A0201
LLSEFFSCL	9	specific	0.616345107638174	specific	0.0513635460446999	specific	0.0236679290441922	specific	0.0532431116863841	1.61077919297438	13.5989073250919	23.1912231912232	7.30133199498927	0.616345107638174	A0201	0.616345107638174	A0201
LLSFHSVFT	9	specific	0.0570012621515667	specific	0.0581292938906699	specific	0.0200069727343968	specific	0.000650115731808714	10.1843660498241	12.732362133899	24.9169249169249	46.0638273213668	0.0581292938906699	A0301	NA	unknown
LLSNELHRL	9	specific	0.976894244882796	specific	0.035234530439872	specific	0.00909752861828995	specific	0.162703581032757	0.202180560773335	16.4829929300468	33.9287339287339	3.72226942034989	0.976894244882796	A0201	0.976894244882796	A0201,A2402
LLYDHPLKV	9	specific	0.999527988168928	specific	0.812843875421418	specific	0.0858007531225111	specific	0.0130565194315952	0.00494847526368858	0.749501658452467	11.8377118377118	14.4396036969739	0.999527988168928	A0201	0.999527988168928	A0201,A0301
LMMHSATSA	9	specific	0.0238248882119579	specific	0.000310884111870951	specific	0.000564838628023168	specific	0.000111652341474332	15.0905268005381	81.6876226967757	78.016778016778	70.9023039068964	0.0238248882119579	A0201	NA	unknown
FLSELEASV	9	specific	0.997804035080804	specific	0.00187950236563223	specific	0.000504935484117159	specific	0.000411909904607594	0.0281760122156638	51.8636815529521	79.7507797507798	52.6939717073259	0.997804035080804	A0201	0.997804035080804	A0201
FLTKLVHLV	9	specific	0.997067904472351	specific	0.00950365189458656	specific	0.00627183076556908	specific	0.0462614411514045	0.0392848342361751	29.215757967673	38.8849388849389	7.87012822102027	0.997067904472351	A0201	0.997067904472351	A0201
FLVESQLHL	9	specific	0.992386829853058	specific	0.0214275370182128	specific	0.005992592764553	specific	0.0764429401130959	0.0901834369483434	20.7607225272539	39.5222395222395	5.98284138103401	0.992386829853058	A0201	0.992386829853058	A0201
FMATYEINV	9	specific	0.967048459582859	specific	0.0111568809379403	specific	0.00133221331567774	specific	0.00184134908473399	0.255704885053987	27.3915106170168	63.7444637444637	32.1760889918178	0.967048459582859	A0201	0.967048459582859	A0201
FMKDGLTGA	9	specific	0.595540200815433	specific	0.00116496132028298	specific	0.000881101426690103	specific	0.000107567979303743	1.70086164063162	59.7905102070623	70.7684707684708	71.3973299632862	0.595540200815433	A0201	0.595540200815433	A0201
FSDYVQCFL	9	specific	0.0391632580235334	specific	0.00146935497717604	specific	0.0112709672186409	specific	0.0019205541833925	12.1446691792802	55.8904021281375	31.3046313046313	31.6789465781022	0.0391632580235334	A0201	NA	unknown
FVLEHEDGL	9	specific	0.828661995463901	specific	0.00239858979886726	specific	0.00387765119679884	specific	0.00164616771409259	0.792563956518055	48.0378084857568	45.9371459371459	33.5249140607757	0.828661995463901	A0201	0.828661995463901	A0201
GLKDLLNPI	9	specific	0.586428012057311	specific	0.0564251639121115	specific	0.0235816672327928	specific	0.0113343598443155	1.74034845344999	12.9396561015237	23.2273232273232	15.3598160180031	0.586428012057311	A0201	0.586428012057311	A0201
GLSEKCSLV	9	specific	0.169236269256928	specific	0.0181321027990028	specific	0.00332412042681969	specific	0.000494740745405488	5.55824860331811	22.3376877153646	48.3877483877484	50.0133532069364	0.169236269256928	A0201	0.169236269256928	A0201
GLSKYRPAI	9	specific	0.667928908268611	specific	0.00423289321562253	specific	0.00346947478213527	specific	0.00695584472078836	1.40243828544421	39.5832766749967	47.7017477017477	18.9595382712989	0.667928908268611	A0201	0.667928908268611	A0201
GLTFKDVTV	9	specific	0.91569397383266	specific	0.0155291444659901	specific	0.00193352374510848	specific	0.00283333855117536	0.489899051104625	23.8914859391635	57.3764573764574	27.2775280140204	0.91569397383266	A0201	0.91569397383266	A0201
GMLTNIWTV	9	specific	0.994712693161435	specific	0.0507784536186389	specific	0.0102566104361661	specific	0.0083323043239539	0.0676628250340316	13.6809989595011	32.4419324419324	17.5722156547959	0.994712693161435	A0201	0.994712693161435	A0201
GQFGKVWMA	9	specific	0.295316796630828	specific	0.0289540157464216	specific	0.064532389060413	specific	0.000223496850545541	3.70822577973832	18.1221060180722	14.049914049914	61.4091311748504	0.295316796630828	A0201	0.295316796630828	A0201
HLIGGIQVL	9	specific	0.965875110361311	specific	0.0482982146054079	specific	0.00524659939383128	specific	0.193284052208764	0.26216819968411	14.0558001516933	41.4244414244414	3.29547069298609	0.965875110361311	A0201	0.965875110361311	A0201,A2402
HLMNIAIIA	9	specific	0.309196527364353	specific	0.0542257552646333	specific	0.0227523444327946	specific	0.00420048638129123	3.55896360749907	13.2198756437646	23.5836235836236	23.3510805011937	0.309196527364353	A0201	0.309196527364353	A0201
ILYHGNLVV	9	specific	0.986054711871677	specific	0.232293122913688	specific	0.00340931484552824	specific	0.0049313892115985	0.143707761228995	5.07991091798592	47.982847982848	21.8641883114593	0.986054711871677	A0201	0.986054711871677	A0201,A0301
KAWENFPNV	9	specific	0.632097039951219	specific	0.0255388522847271	specific	0.0200065955511592	specific	0.00969508598736866	1.54543912163554	19.1748934571456	24.9170249170249	16.4525618505428	0.632097039951219	A0201	0.632097039951219	A0201
KIFLCNARV	9	specific	0.328795053023431	specific	0.020836437126526	specific	0.00255131652267093	specific	0.000221652497245057	3.37657694778045	21.0222070461818	52.7101527101527	61.518274745508	0.328795053023431	A0201	0.328795053023431	A0201
KLADFGLAC	9	specific	0.113623340778658	specific	0.114425627149467	specific	0.00446704843129484	specific	0.00102982825498606	7.06965433385444	8.56099912066261	43.7912437912438	39.646830351789	0.114425627149467	A0301	0.114425627149467	A0201,A0301
ALDKNLHQL	9	specific	0.933242912424935	specific	0.0333018044788939	specific	0.0189280607056187	specific	0.0856841954093802	0.414460050656229	16.9421017271476	25.4894254894255	5.59554799041794	0.933242912424935	A0201	0.933242912424935	A0201
ALHEEVVCV	9	specific	0.994039534197913	specific	0.00760165985530282	specific	0.00724372791381837	specific	0.000456136213703455	0.0749340539929144	31.8769370855757	36.8960368960369	51.1891408697825	0.994039534197913	A0201	0.994039534197913	A0201
ALWPLAYGV	9	specific	0.997748324606154	specific	0.145035988532214	specific	0.0831291620284497	specific	0.00598438764524568	0.0293878837088091	7.29870174346515	12.0746120746121	20.2014369058453	0.997748324606154	A0201	0.997748324606154	A0201,A0301
AVLGSFSYV	9	specific	0.220062002081734	specific	0.152825044850922	specific	0.0936817166563641	specific	0.00308736580657675	4.64348760457441	7.03872811351409	11.1969111969112	26.3614476287224	0.220062002081734	A0201	0.220062002081734	A0201,A0301
AVPGGGMPI	9	specific	0.0233956935069121	specific	0.0659218267511783	specific	0.0359643502384036	specific	0.00197121311972902	15.206664485298	11.8858614031324	19.1783191783192	31.3688498404166	0.0659218267511783	A0301	NA	unknown
EMASVLFKA	9	specific	0.332787897882776	specific	0.0119798273740849	specific	0.00937138640947523	specific	0.00366614988697715	3.33709013496208	26.6086686751417	33.5552335552336	24.642058469914	0.332787897882776	A0201	0.332787897882776	A0201
FIWLATRRV	9	specific	0.837718892097473	specific	0.0278036402851487	specific	0.0022537549301748	specific	0.000244909342169741	0.765195858631151	18.4656821714093	54.7853547853548	60.1167423012463	0.837718892097473	A0201	0.837718892097473	A0201
FIYLFVTET	9	specific	0.234762181026033	specific	0.0596861724447485	specific	0.0329874912225932	specific	0.000338982570547191	4.42605766084564	12.5470264194047	19.97691997692	55.4680122668102	0.234762181026033	A0201	0.234762181026033	A0201
ALPPTVYEV	9	specific	0.998953505357107	specific	0.0515063014851573	specific	0.0635160974692553	specific	0.407377078053024	0.0140375114622837	13.5805752055061	14.1826141826142	1.70971438246205	0.998953505357107	A0201	0.998953505357107	A0201,A2402
FLCNARVKV	9	specific	0.839632827043533	specific	0.00282746206982362	specific	0.00227264383352753	specific	0.00034034747402632	0.756510779596931	45.4883344262097	54.6385546385546	55.4088550406089	0.839632827043533	A0201	0.839632827043533	A0201
FLDEGFSGL	9	specific	0.94455861515469	specific	0.00907503386256899	specific	0.00212434371086323	specific	0.00837831433640935	0.364066394399543	29.734798694189	55.8036558036558	17.5283768244764	0.94455861515469	A0201	0.94455861515469	A0201
FLDKFMEAV	9	specific	0.984598528014289	specific	0.000772197846692456	specific	0.00121280911804204	specific	0.000447648925618458	0.152089872389927	66.7604425091635	65.3499653499654	51.4763607925657	0.984598528014289	A0201	0.984598528014289	A0201
FLDPDLTNI	9	specific	0.978357410430908	specific	0.00874207057749174	specific	0.00380588897117175	specific	0.0741101409036977	0.192182620954873	30.1935045875626	46.2308462308462	6.08704678459816	0.978357410430908	A0201	0.978357410430908	A0201
FLGSLLILV	9	specific	0.993762666649289	specific	0.156931431203621	specific	0.0355023400426742	specific	0.0205275520869691	0.0781657113079759	6.90969819489058	19.2924192924193	11.740139538493	0.993762666649289	A0201	0.993762666649289	A0201,A0301
FLLWKATGV	9	specific	0.897675248649385	specific	0.0162481865850774	specific	0.00219529052680578	specific	0.00284469944612308	0.555441101025644	23.4208943858387	55.2337552337552	27.2296580268898	0.897675248649385	A0201	0.897675248649385	A0201
FLNDASACV	9	specific	0.860166693396038	specific	0.00257422655119192	specific	0.00201906471356163	specific	0.000327129934629748	0.689756858182755	46.9414067182182	56.6428566428566	55.9947836830866	0.860166693396038	A0201	0.860166693396038	A0201
LLAAPSAMA	9	specific	0.053249974996854	specific	0.0245710477544587	specific	0.00589993672914109	specific	8.89322146501096e-05	10.519246539097	19.5146420250747	39.7364397364397	73.8528083557818	0.053249974996854	A0201	NA	unknown
YQVNLYMYL	9	specific	0.31949825639733	specific	0.0249720937667007	specific	0.0200243939991601	specific	0.463732679022683	3.45332880901309	19.3692945055011	24.9100249100249	1.48608595837226	0.463732679022683	A2402	0.463732679022683	A0201,A2402
NLLNNYQTL	9	specific	0.7525771210591	specific	0.00799805097366162	specific	0.00296112598464602	specific	0.566233000324832	1.07270825001717	31.2613001904727	50.2847502847503	1.14484853432177	0.7525771210591	A0201	0.7525771210591	A0201,A2402
AAVTSQFPV	9	specific	0.0150428943255198	specific	0.00128896407410113	specific	0.0614541219793157	specific	0.000236107350255615	18.2017038913194	58.0907601080991	14.4554144554145	60.629303889764	0.0614541219793157	A1101	NA	unknown
LLEAVEPEV	9	specific	0.974355922804938	specific	0.00127788901823802	specific	0.000428201866400298	specific	0.00023999641373274	0.216117082944522	58.2471874801696	82.1456821456821	60.3952952368859	0.974355922804938	A0201	0.974355922804938	A0201
LMAVEEREV	9	specific	0.355577416148865	specific	0.00284206433069731	specific	0.000145095677893428	specific	9.37073262050268e-05	3.14207981385654	45.4099696512767	94.1280941280941	73.1855511246424	0.355577416148865	A0201	0.355577416148865	A0201
SLHSLKNPV	9	specific	0.36268170500795	specific	0.00505380971736018	specific	0.00400494228039684	specific	8.30512521142326e-05	3.0858287787163	37.1751210977515	45.4533454533454	74.7504461986695	0.36268170500795	A0201	0.36268170500795	A0201
YQGSYGFPL	9	specific	0.0197922696003742	specific	0.021166532471721	specific	0.0837056349573282	specific	0.0087993984786509	16.3059329188733	20.8735355708592	12.023512023512	17.1612392179153	0.0837056349573282	A1101	NA	unknown
SQFPVPCKL	9	specific	0.576693365805679	specific	0.0688044923348773	specific	0.226470742092675	specific	0.0428189406184376	1.78235999854576	11.5988932234615	5.991305991306	8.18486078903848	0.576693365805679	A0201	0.576693365805679	A0201,A1101
GLMKGGANL	9	specific	0.116268171235505	specific	0.0131717110882796	specific	0.00145818438761904	specific	0.00102240082573025	6.97593627171774	25.586804097128	62.1778621778622	39.7437796730933	0.116268171235505	A0201	0.116268171235505	A0201
NRVMLPKAA	9	specific	0.00065907353726484	specific	3.9321148042896e-05	specific	0.000128407659320458	specific	3.44545998108971e-05	50.7779205093092	98.795620033582	95.003495003495	85.5638227863154	0.00065907353726484	A0201	NA	unknown
SHVAVENAL	9	specific	0.00207449721836607	specific	0.000343573805979064	specific	0.000394258230078333	specific	0.0116906508230891	36.5581233765971	80.1913389800291	83.3175833175833	15.1547309152439	0.0116906508230891	A2402	NA	unknown
WMRLLPLLA	9	specific	0.0751526224185252	specific	0.00367990908364706	specific	0.00160223059913448	specific	0.000141070188451585	8.85524598971525	41.5632463162009	60.5646605646606	67.7892430596077	0.0751526224185252	A0201	NA	unknown
SHLVEALYL	9	specific	0.0146492828892204	specific	0.0131166519020806	specific	0.00601496565853444	specific	0.0864519801669909	18.3843935189113	25.6300155218661	39.4679394679395	5.56763222950182	0.0864519801669909	A2402	NA	unknown
THFPHQVIL	9	specific	0.0222723195105775	specific	0.0172432608600502	specific	0.00979534380777112	specific	0.301957200715939	15.5255886665778	22.8314462330012	33.021433021433	2.31035674729988	0.301957200715939	A2402	0.301957200715939	A2402
YESQLGGKI	9	specific	0.00166796572956598	specific	0.000232869071774659	specific	0.000805491585308478	specific	0.000954421363534645	39.0499331450893	85.7300565173203	72.2745722745723	40.6802174002868	0.00166796572956598	A0201	NA	unknown
TEYFKNKNM	9	specific	0.000583492980516883	specific	0.00920588861109669	specific	0.000367594911076373	specific	0.000334694110771415	52.3750661479857	29.5871344781843	84.2774842774843	55.6473987448993	0.00920588861109669	A0301	NA	unknown
MENEDVEFI	9	specific	0.0135036633282397	specific	0.000218119902600241	specific	0.00101024748770142	specific	0.00172626981789613	18.9732620752895	86.5700100625206	68.4687684687685	32.9496679838471	0.0135036633282397	A0201	NA	unknown
IENNLYERL	9	specific	0.00669819104408715	specific	0.000921225505009223	specific	0.0100079865072939	specific	0.0521906075158363	24.6551215709086	63.7898333288007	32.7608327608328	7.37913332144142	0.0521906075158363	A2402	NA	unknown
AEISRNDLI	9	specific	0.00401801533265219	specific	0.000444108305833879	specific	0.001444411358856	specific	0.0117959793868168	29.4565564267565	76.1213062541738	62.3460623460623	15.0945658998399	0.0117959793868168	A2402	NA	unknown
DENLKAIQI	9	specific	0.000704386071850685	specific	0.000634902253565568	specific	0.000333645108739927	specific	0.00302973989652047	49.8839633045312	70.0759372799768	85.5471855471855	26.5449660425428	0.00302973989652047	A2402	NA	unknown
EELQITQWI	9	specific	0.00261415351219322	specific	0.000183637017110621	specific	0.000579326843484108	specific	0.00560347904592062	33.9565382486841	88.6597709693763	77.6079776079776	20.7464493066914	0.00560347904592062	A2402	NA	unknown
NENNENNFL	9	specific	0.000440950164712382	specific	0.000854612620213402	specific	0.000271672978550994	specific	0.0015244430099099	56.1169213616588	65.0389356089336	88.0788880788881	34.4850348342338	0.0015244430099099	A2402	NA	unknown
YENDIEKKI	9	specific	0.100503775260381	specific	0.000625942812779338	specific	0.00237994809581323	specific	0.0042614789727976	7.58762840788363	70.317578790342	53.8694538694539	23.20303626731	0.100503775260381	A0201	0.100503775260381	A0201
DENANANNA	9	specific	1.53152285770896e-05	specific	7.37567029966672e-05	specific	0.000113488727099832	specific	2.55740576744453e-05	93.3311721625039	96.4279562809166	95.8156958156958	88.7984230114555	0.000113488727099832	A1101	NA	unknown
GLITLSYHL	9	specific	0.971331491735246	specific	0.0393396736551242	specific	0.143492183767699	specific	0.159461803134117	0.232275369519819	15.5998279601085	8.45040845040845	3.77064330208179	0.971331491735246	A0201	0.971331491735246	A0201,A1101,A2402
IEIVERSNY	9	specific	1.26523378664014e-05	specific	0.00311013147147605	specific	0.00905874403782592	specific	0.000728035309852891	94.6377716106984	44.0552058686957	33.983233983234	44.4460233141954	0.00905874403782592	A1101	NA	unknown
SILISRLTL	9	specific	0.5515150030454	specific	0.0462979974663338	specific	0.0252708029332098	specific	0.0159422982941679	1.91152530185699	14.3741948220828	22.5380225380225	13.186518602277	0.5515150030454	A0201	0.5515150030454	A0201
RLNLFCFSF	9	specific	0.00636080773246022	specific	0.448225308571839	specific	0.0266704561352122	specific	0.140686748839087	25.1237118815921	2.55823721561292	22.019622019622	4.11157838937145	0.448225308571839	A0301	0.448225308571839	A0301,A2402
SESTSTYNT	9	specific	0.000118929046814251	specific	0.00017880277089876	specific	0.00726805235667093	specific	6.07595330082391e-05	73.1238209500265	88.9805830621288	36.8500368500369	78.7171045006858	0.00726805235667093	A1101	NA	unknown
ASFSASTGY	9	specific	7.54000265427151e-05	specific	0.402687800841199	specific	0.612200886507829	specific	6.94139232374861e-05	78.3435534495922	2.9271963037612	1.95180195180196	77.0312747223289	0.612200886507829	A1101	0.612200886507829	A0301,A1101
TEYLKKIQN	9	specific	0.00026249055871964	specific	0.0152871791285154	specific	0.00674908363284917	specific	0.000179898006699592	63.093362579832	24.0469060519162	37.8794378794379	64.4011565388891	0.0152871791285154	A0301	NA	unknown
GEYAPFARV	9	specific	0.0178061585989275	specific	0.0201216492256814	specific	0.00593428772619404	specific	0.000257253161486738	17.0290162431176	21.3528902802498	39.6565396565397	59.4258020238423	0.0201216492256814	A0301	NA	unknown
NEEPSDQHI	9	specific	0.000806490369312347	specific	2.31832803807782e-05	specific	8.81356683022163e-05	specific	0.000398333767207425	48.0895855803451	99.6234864669674	97.1723971723972	53.1717645683488	0.000806490369312347	A0201	NA	unknown
FDNSGISLL	9	specific	0.0171436964091489	specific	0.00133889762764304	specific	0.00425429261948117	specific	0.00305877797782159	17.2817924387298	57.4538700413883	44.5273445273445	26.4564821505415	0.0171436964091489	A0201	NA	unknown
NENNTTYQY	9	specific	8.12159254099597e-05	specific	0.0106175990713786	specific	0.0481677336412354	specific	0.00298174162375315	77.5371539601941	27.9381502488434	16.5119165119165	26.714476186445	0.0481677336412354	A1101	NA	unknown
KEKKDHIVI	9	specific	0.000554607543645603	specific	0.000370828188944527	specific	0.000444452741901418	specific	0.00372961295143897	53.0582587022472	78.9833328800666	81.6288816288816	24.4670054853966	0.00372961295143897	A2402	NA	unknown
IQNSLSTEW	9	specific	0.000361629833961441	specific	0.00720138509769994	specific	0.00428701801625316	specific	0.0924378735433695	58.8239393094756	32.5564342214339	44.4145444145444	5.35952375913435	0.0924378735433695	A2402	NA	unknown
MEKCSSVFN	9	specific	7.67766436583446e-06	specific	0.000234512506822397	specific	0.00019592448293609	specific	2.439928323664e-05	97.3542825518782	85.6355755933009	91.5457915457915	89.3073565588433	0.000234512506822397	A0301	NA	unknown
DELDYANDI	9	specific	0.00108909616950037	specific	8.31099659716925e-05	specific	0.000429675013103149	specific	0.00250660145687915	44.3024871642611	95.7371778406979	82.0987820987821	28.6226242629282	0.00250660145687915	A2402	NA	unknown
TEWSPCSVT	9	specific	4.14172921149468e-05	specific	0.000507283110463261	specific	0.00122930840504473	specific	2.32922900658118e-05	84.6619484469867	73.9219555335302	65.1100651100651	89.7775910008455	0.00122930840504473	A1101	NA	unknown
NEEPSDKHI	9	specific	0.000707998677916757	specific	3.66685379581341e-05	specific	0.000126742197797528	specific	0.000197913473064028	49.8184212546102	98.9498314351531	95.0861950861951	63.105845076597	0.000707998677916757	A0201	NA	unknown
DENANANSA	9	specific	1.88637115879086e-05	specific	6.98734514539131e-05	specific	0.00011092583861824	specific	2.16073314095776e-05	91.7679589256355	96.7029380747044	95.949995949996	90.5314173245011	0.00011092583861824	A1101	NA	unknown
MPNDPNRNV	9	specific	0.0142712505289839	specific	0.0087930788800198	specific	0.00445749673718233	specific	0.000291505322760659	18.5757682255374	30.1195717536284	43.8237438237438	57.6461470707095	0.0142712505289839	A0201	NA	unknown
EEKDDIKNG	9	specific	2.78113706281789e-05	specific	8.12412112500783e-05	specific	0.00026029046045516	specific	2.16983462761691e-05	88.4484409273241	95.8703375225248	88.5871885871886	90.4865707049788	0.00026029046045516	A1101	NA	unknown
NEKNDVKNN	9	specific	1.5173404446734e-05	specific	0.000123592794837382	specific	0.000304506722688479	specific	2.81086873036173e-05	93.3972191588804	92.7592156673143	86.7053867053867	87.8130067290085	0.000304506722688479	A1101	NA	unknown
DEYIHKLIL	9	specific	0.000916069265734916	specific	0.00169708485775825	specific	0.000990876762155746	specific	0.00159431904415139	46.4665866831481	53.5342211316961	68.7964687964688	33.9200682071732	0.00169708485775825	A0301	NA	unknown
KDLSDMTNI	9	specific	0.00190842232479091	specific	0.000645699320611056	specific	0.000757646286052152	specific	0.00431385400400662	37.495203008673	69.7981351600988	73.2874732874733	23.0881482981968	0.00431385400400662	A2402	NA	unknown
NEYSLFITS	9	specific	0.000420236586425244	specific	0.00806153577510966	specific	0.00216611923732199	specific	0.000298623813789936	56.7882981688622	31.1691359628845	55.4541554541555	57.3163984435703	0.00806153577510966	A0301	NA	unknown
KEKHLNNIF	9	specific	5.79565238904806e-05	specific	0.000867454426835302	specific	0.000453459955791619	specific	0.0279159239299285	81.1929662978538	64.7846026311628	81.3461813461813	10.1367469169209	0.0279159239299285	A2402	NA	unknown
SEITISDYI	9	specific	0.0244411668565565	specific	0.000521625938341685	specific	0.00795279419832392	specific	0.016915260608443	14.9307617420249	73.4502559949557	35.6569356569357	12.8274433093379	0.0244411668565565	A0201	NA	unknown
NDNNFAECY	9	specific	5.95327818758015e-05	specific	0.00120314115286067	specific	0.0107430318171131	specific	0.000253689830917208	80.9138318972656	59.2499141311432	31.8761318761319	59.623731823262	0.0107430318171131	A1101	NA	unknown
SECDIGLIY	9	specific	3.58094197208059e-05	specific	0.117035133562361	specific	0.383692945767608	specific	0.000506803071366512	86.0982181449479	8.43136484644835	3.67190367190368	49.6437969062887	0.383692945767608	A1101	0.383692945767608	A0301,A1101
EIKESVQTF	9	specific	0.00580196768586635	specific	0.00284806070340488	specific	0.00224618961935145	specific	0.0821625642012805	25.9640437727983	45.3810613088529	54.8440548440548	5.74792571787345	0.0821625642012805	A2402	NA	unknown
HADQLTPTW	9	specific	0.00112283883238812	specific	0.00124715194037586	specific	0.00282603926719073	specific	0.0118082522824996	43.92721095855	58.6456592663325	51.0437510437511	15.0898292905869	0.0118082522824996	A2402	NA	unknown
EEQEPVQQL	9	specific	0.00522021651327857	specific	0.000209427283137881	specific	0.00277492635963989	specific	0.00501605769392452	26.9541427826993	87.0697114101328	51.3472513472514	21.7114074683227	0.00522021651327857	A0201	NA	unknown
EEYYLFSGF	9	specific	6.79127809177103e-05	specific	0.00336174891565153	specific	0.00099986366350322	specific	0.0148479141625709	79.5134133976433	42.8947424085383	68.6474686474686	13.6281318309212	0.0148479141625709	A2402	NA	unknown
GEEVLLHAF	9	specific	0.00033594065473944	specific	0.000140055038296932	specific	0.00366195788188356	specific	0.00154037693141933	59.8188858053492	91.5824346062069	46.8467468467468	34.3514019859494	0.00366195788188356	A1101	NA	unknown
KEIIPQCIA	9	specific	0.000555759264206626	specific	0.000455229370464553	specific	0.00219694998269952	specific	9.78867787131163e-05	53.0280629042096	75.7124596970365	55.2226552226552	72.5996224821646	0.00219694998269952	A1101	NA	unknown
QEAWTAAAM	9	specific	0.000118093693287969	specific	0.000545935649917093	specific	0.000272788324735639	specific	0.000195389416344938	73.2058242543961	72.6724503496701	88.032388032388	63.2825105238388	0.000545935649917093	A0301	NA	unknown
REYLYVYKI	9	specific	0.100221355598316	specific	0.0450912242672429	specific	0.014711718349569	specific	0.0752099660308078	7.60065602643496	14.5613436033493	28.2110282110282	6.03413785145389	0.100221355598316	A0201	0.100221355598316	A0201
SEGKLPYSY	9	specific	4.54583209249947e-05	specific	0.00637652211111622	specific	0.16630011346812	specific	0.00064724038835872	83.7098214105376	34.1267514980464	7.6057076057076	46.1275195989805	0.16630011346812	A1101	0.16630011346812	A1101
SERVLTEIF	9	specific	0.000125919370196938	specific	0.000295798176302655	specific	0.00193162497386684	specific	0.00631854708021314	72.441739277967	82.4154682798932	57.3947573947574	19.7412803558705	0.00631854708021314	A2402	NA	unknown
SESSTIQEV	9	specific	0.0592352282453147	specific	0.000199076008826419	specific	0.00131120152774302	specific	0.00025976044122776	9.99137551454043	87.6971332392553	64.019164019164	59.2963011112892	0.0592352282453147	A0201	NA	unknown
VEKSELWMY	9	specific	6.10061975463246e-05	specific	0.0121039846680813	specific	0.00942293607546137	specific	0.000569017726504563	80.6698417699787	26.4863873939482	33.4848334848335	47.9722777346108	0.0121039846680813	A0301	NA	unknown
AELEEVSSY	9	specific	0.000180592825967721	specific	0.0159842043726005	specific	0.0535487692060997	specific	0.000290849853282617	67.9925550694604	23.5887037882016	15.5981155981156	57.678597883038	0.0535487692060997	A1101	NA	unknown
AELLAKQLY	9	specific	7.26087780911149e-05	specific	0.00944113118090778	specific	0.044226610908461	specific	0.000426602451237714	78.7631639540943	29.2900937053343	17.2736172736173	52.1965269568495	0.044226610908461	A1101	NA	unknown
AEVSVLYTV	9	specific	0.4402749557462	specific	0.000641926916140929	specific	0.0108146190310233	specific	0.00341604895948977	2.53432626004338	69.8961414917309	31.7977317977318	25.3394485982156	0.4402749557462	A0201	0.4402749557462	A0201
AEYQDMHSY	9	specific	8.41590592148241e-05	specific	0.0189341433619726	specific	0.0642835851510527	specific	0.000319582511802392	77.1364284531268	21.9210852614795	14.0851140851141	56.3391452536656	0.0642835851510527	A1101	NA	unknown
EAIYETYTW	9	specific	0.00025290766511369	specific	0.000769145254775575	specific	0.00633591651237819	specific	0.114258428937238	63.587907138327	66.8297419502353	38.7496387496387	4.70143740973988	0.114258428937238	A2402	0.114258428937238	A2402
EENSTGSLY	9	specific	2.10566933674719e-06	specific	0.00212347566242796	specific	0.00277503353491839	specific	0.000216568857796827	99.8993136767777	49.9194696175336	51.3461513461513	61.8532638765015	0.00277503353491839	A1101	NA	unknown
EEQCLQWDL	9	specific	0.000360662034380725	specific	8.99472113483587e-05	specific	0.000365569935432634	specific	0.00033922155645912	58.8598914971056	95.2325409224279	84.3463843463844	55.4597483953476	0.000365569935432634	A1101	NA	unknown
TVLEFILQK	9	specific	0.257326189480308	specific	0.99875293440289	specific	0.999584424495697	specific	0.000829351160518854	4.13187585588424	0.00423048913519297	0.00030000030000199	42.6256536772716	0.999584424495697	A1101	0.999584424495697	A0201,A0301,A1101
HVKITDFGL	9	specific	0.0174264663107351	specific	0.0166176433523409	specific	0.00624560058525579	specific	0.00140531012734123	17.1719160900178	23.1931530540606	38.941938941939	35.5328332683309	0.0174264663107351	A0201	NA	unknown
FGLAKLLGA	9	specific	0.0903777472846236	specific	0.00173322396311879	specific	0.00400350570987863	specific	0.000103451210498228	8.06379291539925	53.1996095862884	45.4579454579455	71.8793555389606	0.0903777472846236	A0201	NA	unknown
HVKITDFGR	9	specific	5.95206133302217e-05	specific	0.0908317865260566	specific	0.136891069004842	specific	4.91115797325501e-05	80.9167605867074	9.87124204139231	8.72700872700872	81.3252629573977	0.136891069004842	A1101	0.136891069004842	A1101
FGRAKLLGA	9	specific	0.00199770834524011	specific	0.000553843755283509	specific	0.00111849234714194	specific	2.44914896767886e-05	36.9712705664691	72.4405792546885	66.7371667371667	89.2608974765966	0.00199770834524011	A0201	NA	unknown
RTLVLDAYK	9	specific	0.000985257767573778	specific	0.802700716919369	specific	0.891705724928114	specific	7.99213689463822e-05	45.5444534661544	0.784755734579112	0.567100567100565	75.2389216252415	0.891705724928114	A1101	0.891705724928114	A0301,A1101
HVKITDFGL	9	specific	0.0174264663107351	specific	0.0166176433523409	specific	0.00624560058525579	specific	0.00140531012734123	17.1719160900178	23.1931530540606	38.941938941939	35.5328332683309	0.0174264663107351	A0201	NA	unknown
FGLAKLLGA	9	specific	0.0903777472846236	specific	0.00173322396311879	specific	0.00400350570987863	specific	0.000103451210498228	8.06379291539925	53.1996095862884	45.4579454579455	71.8793555389606	0.0903777472846236	A0201	NA	unknown
HVKITDFGR	9	specific	5.95206133302217e-05	specific	0.0908317865260566	specific	0.136891069004842	specific	4.91115797325501e-05	80.9167605867074	9.87124204139231	8.72700872700872	81.3252629573977	0.136891069004842	A1101	0.136891069004842	A1101
FGRAKLLGA	9	specific	0.00199770834524011	specific	0.000553843755283509	specific	0.00111849234714194	specific	2.44914896767886e-05	36.9712705664691	72.4405792546885	66.7371667371667	89.2608974765966	0.00199770834524011	A0201	NA	unknown
DMKARQEAL	9	specific	0.00570877940528494	specific	0.000466403721040365	specific	8.55045665208159e-05	specific	0.00209189111532421	26.1129019878732	75.3135850071465	97.3098973098973	30.6730721748393	0.00570877940528494	A0201	NA	unknown
FLHEKQHEL	9	specific	0.988753734694587	specific	0.0102176932947534	specific	0.00263199685942692	specific	0.0749401921522804	0.124115838756456	28.3768116817907	52.1906521906522	6.04794456353154	0.988753734694587	A0201	0.988753734694587	A0201
APFARVLNL	9	specific	0.280928282943528	specific	0.403518030419946	specific	0.121058603189886	specific	0.0287138639422159	3.86031565212824	2.92185782937632	9.47900947900948	9.9998891431877	0.403518030419946	A0301	0.403518030419946	A0201,A0301,A1101
YIHGGGWAL	9	specific	0.345889615598652	specific	0.00869627223997832	specific	0.00673974055421872	specific	0.00385981149710359	3.22145739665766	30.2574655542495	37.8964378964379	24.1384662053008	0.345889615598652	A0201	0.345889615598652	A0201
YIHGRGWAL	9	specific	0.270535041112453	specific	0.0131929547859184	specific	0.00928411263121739	specific	0.00858461553644803	3.97574641185049	25.5683712516104	33.6615336615337	17.3451607474168	0.270535041112453	A0201	0.270535041112453	A0201
DMKARQKAL	9	specific	0.00244020772412515	specific	0.00156342789475813	specific	0.000145632754560275	specific	0.00182561243138935	34.708807478055	54.8652135943747	94.1024941024941	32.2831162051496	0.00244020772412515	A0201	NA	unknown
YPRYRLEPM	9	specific	0.00117191653080374	specific	0.000831611439734085	specific	0.000831591926926261	specific	0.000324882449962792	43.3845954974935	65.4963320651939	71.7357717357717	56.0981828552885	0.00117191653080374	A0201	NA	unknown
ALVNKRNAL	9	specific	0.327388401870202	specific	0.0340226811619181	specific	0.00743952511530652	specific	0.0444043000636157	3.38808972696535	16.7660327983779	36.5470365470365	8.03711889191562	0.327388401870202	A0201	0.327388401870202	A0201
APFSKFSTF	9	specific	0.00101757066758152	specific	0.19094842520232	specific	0.0413529741021598	specific	0.28435519980008	45.1497873165529	5.95461490965388	17.8915178915179	2.43018288350663	0.28435519980008	A2402	0.28435519980008	A0301,A2402
DLLLRTAQL	9	specific	0.281090965683365	specific	0.021315967116531	specific	0.000480453943147354	specific	0.0245935094400516	3.85859883417963	20.8096753301041	80.4966804966805	10.7808249963972	0.281090965683365	A0201	0.281090965683365	A0201
EIRSRNNAL	9	specific	0.00146312323935515	specific	0.00130425189043232	specific	0.000312666659679792	specific	0.00175416969470158	40.6481896659678	57.8959561560164	86.3760863760864	32.7567771304412	0.00175416969470158	A2402	NA	unknown
ELKEKTLNL	9	specific	0.282511031078199	specific	0.147838129258081	specific	0.00300604587227535	specific	0.0525348149977314	3.84304648335091	7.19918452285623	50.0423500423501	7.35162067620639	0.282511031078199	A0201	0.282511031078199	A0201,A0301
ELKFYVNHL	9	specific	0.0885007240333329	specific	0.0285826898286662	specific	0.00238543211866329	specific	0.0767747339462706	8.14993678070377	18.2362284987908	53.8355538355538	5.96974012139829	0.0885007240333329	A0201	NA	unknown
EVKEVFQAL	9	specific	0.0309596878004098	specific	0.0044816318459804	specific	0.0205500526770872	specific	0.0231885235396072	13.475809025211	38.7830091469219	24.6460246460246	11.0816500734174	0.0309596878004098	A0201	NA	unknown
FPRKPRPKL	9	specific	0.023528936558892	specific	0.000922908305278567	specific	0.00264091532821888	specific	0.00297784926164645	15.1679855868084	63.7600184529907	52.1372521372521	26.7259649833564	0.023528936558892	A0201	NA	unknown
FPYCRAHVL	9	specific	0.0125169736385033	specific	0.00253766189263413	specific	0.00506601118377148	specific	0.0116451737349356	19.5438515699795	47.1554493232728	41.9318419318419	15.1809334345154	0.0125169736385033	A0201	NA	unknown
FRLLRYQPL	9	specific	0.0220840662443874	specific	0.0034020780716362	specific	0.00143620091621004	specific	0.0160288318206666	15.5841624554132	42.71706186486	62.4403624403624	13.1483233914928	0.0220840662443874	A0201	NA	unknown
HALRRHYHL	9	specific	0.0240225654216677	specific	0.000970643852476064	specific	0.00491110937361504	specific	0.0312219630047265	15.0384163263328	62.8851130094592	42.3794423794424	9.59798280913178	0.0312219630047265	A2402	NA	unknown
HMKAKLAML	9	specific	0.040422859147495	specific	0.0421693785483917	specific	0.000562519982171953	specific	0.0127080552350283	11.9709675985959	15.0676928624597	78.0796780796781	14.6058889154273	0.0421693785483917	A0301	NA	unknown
ILTTRIHKL	9	specific	0.982949015829298	specific	0.141632057211892	specific	0.0256445361578901	specific	0.76660310725371	0.163804630157016	7.41916995788648	22.3930223930224	0.671187609030199	0.982949015829298	A0201	0.982949015829298	A0201,A0301,A2402
IVHHRIHTA	9	specific	0.157613442236551	specific	0.00536799354846759	specific	0.0122510551247514	specific	0.00112184826551053	5.80314763422487	36.3593417761809	30.3351303351303	38.4877719897084	0.157613442236551	A0201	0.157613442236551	A0201
KLKNKQQQL	9	specific	0.294413044678772	specific	0.149200605519339	specific	0.00263323169664855	specific	0.0568851517112408	3.7153960194061	7.15687963150425	52.1815521815522	7.05200494622941	0.294413044678772	A0201	0.294413044678772	A0201,A0301
LLRKNFFYF	9	specific	0.071520971387094	specific	0.278556607746416	specific	0.00744013159912558	specific	0.605094871587224	9.08519860553987	4.32517151108036	36.5463365463365	1.03630963718581	0.605094871587224	A2402	0.605094871587224	A0301,A2402
MIRRRRPTL	9	specific	0.0405299952442066	specific	0.00130098512723057	specific	0.000975115305261119	specific	0.00206974213663468	11.955314258476	57.9372537880505	69.0712690712691	30.7935029845677	0.0405299952442066	A0201	NA	unknown
MKYPRLCIL	9	specific	0.0278094092971312	specific	0.0427831929539479	specific	0.00256023558195279	specific	0.0245831318743714	14.1135563984795	14.9629378933977	52.6515526515527	10.7834452483243	0.0427831929539479	A0301	NA	unknown
MLRELSSAF	9	specific	0.0105274554616154	specific	0.00687366684127697	specific	0.00159461710971603	specific	0.00543517499487886	20.864185561763	33.1571636786319	60.6450606450606	21.0050480161166	0.0105274554616154	A0201	NA	unknown
NSVRKRMSV	9	specific	0.00145381098071261	specific	0.00038446740927781	specific	0.000298105653413582	specific	0.000107733582317514	40.7263553772758	78.4134255579965	86.972686972687	71.3755617165069	0.00145381098071261	A0201	NA	unknown
SIRDHPQAL	9	specific	0.257253913198494	specific	0.00575744844296524	specific	0.0258692987722396	specific	0.00266667017011994	4.13238080233972	35.4536141975215	22.3068223068223	27.9376299418203	0.257253913198494	A0201	0.257253913198494	A0201
WGKLHVASL	9	specific	0.00114537828421564	specific	0.000278504819877402	specific	0.000162016417163702	specific	0.000258541540081107	43.6769594952151	83.2770779004284	93.2632932632933	59.3561637899324	0.00114537828421564	A0201	NA	unknown
YGYSRVNPM	9	specific	0.00113201954079393	specific	0.00630870306677404	specific	0.00456870504058258	specific	0.000853910090482815	43.8276355175297	34.2635373134178	43.4557434557435	42.2158865874343	0.00630870306677404	A0301	NA	unknown
YLLLRNLSI	9	specific	0.977026646667057	specific	0.0815687281131331	specific	0.00394396434608698	specific	0.115154035937869	0.20096868928019	10.5280758425976	45.6882456882457	4.67876215267805	0.977026646667057	A0201	0.977026646667057	A0201,A2402
AIRVRTFRA	9	specific	0.0266183583403934	specific	0.0205491397990651	specific	0.0280163197959256	specific	0.000621877166677286	14.3831978057047	21.1481144609199	21.5404215404215	46.6915792157586	0.0280163197959256	A1101	NA	unknown
FLYEKQHEL	9	specific	0.998565896352132	specific	0.104097146675243	specific	0.0171568496004006	specific	0.162255301585214	0.0201978582191176	9.08789646985827	26.5204265204265	3.7294247236894	0.998565896352132	A0201	0.998565896352132	A0201,A0301,A2402
NRVMLPKAA	9	specific	0.00065907353726484	specific	3.9321148042896e-05	specific	0.000128407659320458	specific	3.44545998108971e-05	50.7779205093092	98.795620033582	95.003495003495	85.5638227863154	0.00065907353726484	A0201	NA	unknown
WMRLLPLLA	9	specific	0.0751526224185252	specific	0.00367990908364706	specific	0.00160223059913448	specific	0.000141070188451585	8.85524598971525	41.5632463162009	60.5646605646606	67.7892430596077	0.0751526224185252	A0201	NA	unknown
SHLVEALYL	9	specific	0.0146492828892204	specific	0.0131166519020806	specific	0.00601496565853444	specific	0.0864519801669909	18.3843935189113	25.6300155218661	39.4679394679395	5.56763222950182	0.0864519801669909	A2402	NA	unknown
THFPHQVIL	9	specific	0.0222723195105775	specific	0.0172432608600502	specific	0.00979534380777112	specific	0.301957200715939	15.5255886665778	22.8314462330012	33.021433021433	2.31035674729988	0.301957200715939	A2402	0.301957200715939	A2402
GLITLSYHL	9	specific	0.971331491735246	specific	0.0393396736551242	specific	0.143492183767699	specific	0.159461803134117	0.232275369519819	15.5998279601085	8.45040845040845	3.77064330208179	0.971331491735246	A0201	0.971331491735246	A0201,A1101,A2402
NATNVVIKV	9	specific	0.756081854634815	specific	0.0068602107389577	specific	0.00340712567267979	specific	0.00656482994511154	1.05988261004804	33.1814386281934	47.994347994348	19.4310828392647	0.756081854634815	A0201	0.756081854634815	A0201
HADQLTPTW	9	specific	0.00112283883238812	specific	0.00124715194037586	specific	0.00282603926719073	specific	0.0118082522824996	43.92721095855	58.6456592663325	51.0437510437511	15.0898292905869	0.0118082522824996	A2402	NA	unknown
SVMKKNNLF	9	specific	0.00118384923351363	specific	0.110428249740896	specific	0.066078351074571	specific	0.207293627224863	43.2662360483294	8.75822049510825	13.8547138547139	3.12505353880139	0.207293627224863	A2402	0.207293627224863	A0301,A2402
YYMPQLFWN	9	specific	0.000573913234826742	specific	0.00306382226297109	specific	0.0264824966283009	specific	0.700531685352325	52.5946168668275	44.2772058223618	22.0830220830221	0.811068750371624	0.700531685352325	A2402	0.700531685352325	A2402
SFPYESVPW	9	specific	4.66701016219373e-05	specific	0.0034258425742261	specific	0.00585843480308341	specific	0.273930277064857	83.4425027570076	42.614724318161	39.8485398485398	2.50244136934366	0.273930277064857	A2402	0.273930277064857	A2402
MIFAAVVLF	9	specific	0.134351381308968	specific	0.41140998221106	specific	0.096375072033455	specific	0.135357746730248	6.40979030583597	2.85437145507674	11.000711000711	4.22001650758714	0.41140998221106	A0301	0.41140998221106	A0201,A0301,A2402
IFAAVVLFL	9	specific	0.257245440799226	specific	0.162371935325468	specific	0.023626061559561	specific	0.835461439026727	4.13238080233972	6.74440694082251	23.2082232082232	0.528585436841345	0.835461439026727	A2402	0.835461439026727	A0201,A0301,A2402
FYLTSLMTP	9	specific	0.00220355152545785	specific	0.00101240581675378	specific	0.00274520124671843	specific	0.215498050560968	35.8590755036336	62.172477042042	51.5171515171515	3.03052291158363	0.215498050560968	A2402	0.215498050560968	A2402
QYAAASSAW	9	specific	5.49799827579475e-06	specific	0.00061088308440784	specific	0.000472913646416676	specific	0.503782036714256	98.5494908119943	70.7550315121078	80.7302807302807	1.34600325919029	0.503782036714256	A2402	0.503782036714256	A2402
VCAHTAIIF	9	specific	0.000129471920535993	specific	0.00247398309969008	specific	0.00461824859728112	specific	0.0989550568991237	72.0901955556633	47.5602668431385	43.2928432928433	5.14879503683974	0.0989550568991237	A2402	NA	unknown
HTAIIFNVF	9	specific	0.000408633318206439	specific	0.239095676379899	specific	0.0750279799621138	specific	0.527214372903109	57.1744812180116	4.95581657002013	12.8606128606129	1.27082218466528	0.527214372903109	A2402	0.527214372903109	A0301,A2402
RFTLSVPGF	9	specific	0.000370211276721319	specific	0.00824631408944091	specific	0.000761776704998991	specific	0.862142440676689	58.5016824815896	30.8938519913013	73.1913731913732	0.471343010125258	0.862142440676689	A2402	0.862142440676689	A2402
VYSFLCKTI	9	specific	0.00178374338537064	specific	0.000707440252672084	specific	0.00507717386994197	specific	0.879385460416476	38.2728205501089	68.256323322183	41.8978418978419	0.434054809623585	0.879385460416476	A2402	0.879385460416476	A2402
LFTKLHPAF	9	specific	0.00176641994762197	specific	0.000957846168023322	specific	0.000985710736622754	specific	0.792146982749303	38.3867364704647	63.115372489532	68.8872688872689	0.613743624473551	0.792146982749303	A2402	0.792146982749303	A2402
SYYMPQLFW	9	specific	0.000105000922047117	specific	0.133010799443582	specific	0.0124864841752747	specific	0.817685796486007	74.5928111783027	7.74139221368402	30.1060301060301	0.563354164336149	0.817685796486007	A2402	0.817685796486007	A0301,A2402
YRMVVYHNW	9	specific	0.000244378054054602	specific	0.00167966956158183	specific	0.00339540295721513	specific	0.524397501421885	64.0433688411681	53.6993109339006	48.0514480514481	1.27817904584534	0.524397501421885	A2402	0.524397501421885	A2402
EMQSLHFAF	9	specific	0.001713430182984	specific	0.00195180988686666	specific	0.00264456777398815	specific	0.110960342096546	38.7360584283643	51.265873147776	52.1180521180521	4.79868906780506	0.110960342096546	A2402	0.110960342096546	A2402
RFFPLVLDL	9	specific	0.355756229855534	specific	0.321188591027425	specific	0.0792908158884125	specific	0.784444479064809	3.14096893165449	3.76090484119046	12.4362124362124	0.631379935521648	0.784444479064809	A2402	0.784444479064809	A0201,A0301,A2402
KYSDVIKVL	9	specific	0.0578579185491738	specific	0.0197001801422882	specific	0.0213778067081067	specific	0.998144127262963	10.114582449677	21.552226899263	24.2297242297242	0.0263032981917211	0.998144127262963	A2402	0.998144127262963	A2402
DYPGQGFSF	9	specific	2.57928417900361e-05	specific	0.000522562407153041	specific	0.000258673094700907	specific	0.996451209651099	89.1063861588117	73.4203403932139	88.6570886570887	0.0437380513992669	0.996451209651099	A2402	0.996451209651099	A2402
RMAPMLPSV	9	specific	0.992267662949032	specific	0.0927560991788697	specific	0.00117698466869961	specific	0.0219670378829404	0.0913953084414887	9.7516803603571	65.8707658707659	11.3645365026288	0.992267662949032	A0201	0.992267662949032	A0201
RTGESSFPF	9	specific	0.000195501115025018	specific	0.149999493773147	specific	0.404246710571978	specific	0.0226504617386834	66.9856918372376	7.13149669669306	3.46770346770346	11.2088330708042	0.404246710571978	A1101	0.404246710571978	A0301,A1101
WYKYTESDF	9	specific	2.42279528789697e-05	specific	0.000146280822853457	specific	0.000103140808475377	specific	0.219860606195612	89.6683915637586	91.1423630102146	96.3812963812964	2.98698641802492	0.219860606195612	A2402	0.219860606195612	A2402
YYPIIRKQF	9	specific	0.000305696892054858	specific	0.000844673234358595	specific	0.00193285560009018	specific	0.998870674769084	61.0733747793384	65.2378693242196	57.3853573853574	0.0130004807154527	0.998870674769084	A2402	0.998870674769084	A2402
MYHNKEFDF	9	specific	0.000157012872003924	specific	0.00212624595456275	specific	0.000752626119174593	specific	0.887142483393351	69.7477489487015	49.9003316904934	73.4038734038734	0.416216940734937	0.887142483393351	A2402	0.887142483393351	A2402
NYNNDQYNI	9	specific	0.000514603508938549	specific	0.000222866925781418	specific	0.00107189885355449	specific	0.969940794838799	54.0631021486482	86.2882796313028	67.4680674680675	0.195208768572297	0.969940794838799	A2402	0.969940794838799	A2402
KLPPLLNEI	9	specific	0.894158095783657	specific	0.103366111660661	specific	0.00669302445364287	specific	0.939811089303758	0.569579601779024	9.12657522766579	37.987937987938	0.288832385507587	0.939811089303758	A2402	0.939811089303758	A0201,A0301,A2402
KMKSDQYPI	9	specific	0.0270513180747937	specific	0.00671321852476897	specific	0.00302939402238817	specific	0.00649796920706649	14.284228300431	33.4668959188874	49.9167499167499	19.5098919549196	0.0270513180747937	A0201	NA	unknown
RYNLYDKKL	9	specific	0.000751638468862856	specific	0.00689356968227217	specific	0.00123600876336312	specific	0.753225910001331	49.0198989299175	33.1210030691191	65.025265025265	0.696785454779991	0.753225910001331	A2402	0.753225910001331	A2402
KLPLESSTI	9	specific	0.0583167264742466	specific	0.00542472282868402	specific	0.000330124188862463	specific	0.0563802632095758	10.0759035511874	36.2200378125148	85.6776856776857	7.08647133696338	0.0583167264742466	A0201	NA	unknown
YLKKIQNSL	9	specific	0.445950229075323	specific	0.0134631211028439	specific	0.0015863473556152	specific	0.10491185250899	2.49554637226268	25.3549330021465	60.7384607384607	4.96578051762069	0.445950229075323	A0201	0.445950229075323	A0201,A2402
SYLEQASRI	9	specific	0.0014167769760901	specific	0.000320225144401714	specific	0.00340247629247859	specific	0.977175668875376	41.0356855759015	81.2562135309173	48.016148016148	0.165982881692606	0.977175668875376	A2402	0.977175668875376	A2402
NFGRGQNYW	9	specific	1.23399008852353e-05	specific	0.00104741497462473	specific	0.000508363005648466	specific	0.273462909905033	94.8070296625746	61.5858492152946	79.6421796421796	2.50677486291547	0.273462909905033	A2402	0.273462909905033	A2402
EYKDEYADI	9	specific	9.42324493668921e-05	specific	0.000154050950273662	specific	0.000215292448388106	specific	0.744120110074679	75.8544703919596	90.6140554979739	90.6153906153906	0.717243575595783	0.744120110074679	A2402	0.744120110074679	A2402
NYMGNPWTE	9	specific	0.000492574197155982	specific	0.00107878744766929	specific	0.00185657803677839	specific	0.246882997925988	54.6577270946189	61.0924936013852	58.051458051458	2.72869004536059	0.246882997925988	A2402	0.246882997925988	A2402
EDIPHVNEF	9	specific	0.000741787010108257	specific	0.000679210625577929	specific	0.00248156644195458	specific	0.26428921571771	49.1841075172389	68.9529438664455	53.1687531687532	2.57721932818756	0.26428921571771	A2402	0.26428921571771	A2402
NMNYKQNNF	9	specific	0.000567326028215466	specific	0.0331136612258787	specific	0.00041067825829059	specific	0.27578546218574	52.7595323791865	16.9871262186579	82.7392827392827	2.48843309942546	0.27578546218574	A2402	0.27578546218574	A2402
NYKQNNFPF	9	specific	5.94893316572155e-05	specific	0.00265739312218582	specific	0.00168038432738816	specific	0.836167024241553	80.9231229120464	46.4570157122381	59.7549597549597	0.527174531957497	0.836167024241553	A2402	0.836167024241553	A2402
RLNLFCFSF	9	specific	0.00636080773246022	specific	0.448225308571839	specific	0.0266704561352122	specific	0.140686748839087	25.1237118815921	2.55823721561292	22.019622019622	4.11157838937145	0.448225308571839	A0301	0.448225308571839	A0301,A2402
HYGINPVQL	9	specific	0.00209322388014231	specific	0.00348871848922398	specific	0.00384188319573353	specific	0.9613725066185	36.4547103425153	42.3533405251649	46.0756460756461	0.226248676016938	0.9613725066185	A2402	0.9613725066185	A2402
KYDPRISGW	9	specific	6.75582654525522e-05	specific	0.00630374137755704	specific	0.00192716568521847	specific	0.973555550310347	79.5706743256945	34.2748186177783	57.4380574380574	0.180998940813548	0.973555550310347	A2402	0.973555550310347	A2402
LFGDENFSF	9	specific	0.000897036449453657	specific	0.0108612747244074	specific	0.0088308890252746	specific	0.781182151370578	46.7257252040994	27.6876448564807	34.3000343000343	0.639543028063905	0.781182151370578	A2402	0.781182151370578	A2402
YTIGLPPYI	9	specific	0.90619886914889	specific	0.0226371617793726	specific	0.134358199967796	specific	0.319212665926251	0.524538377950401	20.2412788970108	8.83350883350883	2.1986937036354	0.90619886914889	A0201	0.90619886914889	A0201,A1101,A2402
HYSPLILAL	9	specific	0.0702149276181849	specific	0.0227405562617706	specific	0.0313383622563884	specific	0.980949568748474	9.16790883494715	20.1951464202507	20.4731204731205	0.150261370129734	0.980949568748474	A2402	0.980949568748474	A2402
SLTHKYNEF	9	specific	0.0063845633772467	specific	0.0740339743523186	specific	0.00535662572418671	specific	0.855688775910271	25.0886685975819	11.1335394185898	41.1209411209411	0.487568416289497	0.855688775910271	A2402	0.855688775910271	A2402
PFLKSGFTF	9	specific	3.66191671224282e-05	specific	0.0014418685510051	specific	0.000279158187811903	specific	0.915280120902591	85.8889683337979	56.2026525166878	87.7518877518878	0.351516873918511	0.915280120902591	A2402	0.915280120902591	A2402
IYGKGGFQF	9	specific	6.15898939014148e-05	specific	0.00721663583826866	specific	0.00230331680508932	specific	0.996130596266853	80.5642069714928	32.5289360420551	54.4214544214544	0.0463583033264103	0.996130596266853	A2402	0.996130596266853	A2402
IWEQLASRF	9	specific	8.0700379514428e-05	specific	0.000441791015930962	specific	0.00108452683674906	specific	0.43230035242935	77.6065336031767	76.2063189406049	67.2706672706673	1.60399729509378	0.43230035242935	A2402	0.43230035242935	A2402
IKPEVIFKI	9	specific	0.670267602966891	specific	0.0212567722868294	specific	0.00661613598158005	specific	0.847287498911222	1.39506606719424	20.8336481018702	38.1419381419381	0.502080580809072	0.847287498911222	A2402	0.847287498911222	A0201,A2402
QYQVNLYMY	9	specific	2.74755275227807e-05	specific	0.00414281132012143	specific	0.0243851373053783	specific	0.758910617439283	88.5497331862929	39.8967357747285	22.8886228886229	0.687614573034989	0.758910617439283	A2402	0.758910617439283	A2402
IKSMAQYLI	9	specific	0.0148985039127688	specific	0.000898148546555927	specific	0.000743044711069373	specific	0.0736672366222289	18.2646202196719	64.2011980342327	73.6213736213736	6.11173762006548	0.0736672366222289	A2402	NA	unknown
FFNKGGSVF	9	specific	4.01194161714099e-05	specific	0.000602284795988655	specific	0.000481187291892771	specific	0.292938342669772	84.9966269576774	71.0034216599029	80.4749804749805	2.36820384753762	0.292938342669772	A2402	0.292938342669772	A2402
LRNPGTWTF	9	specific	0.00481714699678122	specific	0.0204687780688497	specific	0.00214253890104096	specific	0.330111751731278	27.7065130013613	21.1814547443425	55.6541556541557	2.13016403784854	0.330111751731278	A2402	0.330111751731278	A2402
LMKGGANLF	9	specific	0.00234329631249718	specific	0.0289650924351817	specific	0.00135760413677351	specific	0.208915587017934	35.1702275490707	18.1185806104596	63.4184634184634	3.10691333315193	0.208915587017934	A2402	0.208915587017934	A2402
VFNVVNSSI	9	specific	0.00200182873796264	specific	0.00122732783193019	specific	0.000958392563755625	specific	0.448125661619835	36.947841050935	58.915504037599	69.3748693748694	1.54292526940725	0.448125661619835	A2402	0.448125661619835	A2402
LIMVLSFLF	9	specific	0.0343982774677796	specific	0.154134373559565	specific	0.144179546044001	specific	0.523079945064253	12.856643681504	6.99108474777723	8.42000842000842	1.28120241345359	0.523079945064253	A2402	0.523079945064253	A0301,A1101,A2402
IQNSLSTEW	9	specific	0.000361629833961441	specific	0.00720138509769994	specific	0.00428701801625316	specific	0.0924378735433695	58.8239393094756	32.5564342214339	44.4145444145444	5.35952375913435	0.0924378735433695	A2402	NA	unknown
IYIHLFILN	9	specific	0.000346793930370697	specific	0.011998808746446	specific	0.0173547696569832	specific	0.871819587879711	59.3909941789773	26.591243088942	26.3950263950264	0.450985668229753	0.871819587879711	A2402	0.871819587879711	A2402
LFIPSHNSF	9	specific	0.000328585511675744	specific	0.00202222568664436	specific	0.00109343866381168	specific	0.979799625608656	60.1107448566154	50.7005992185682	67.1237671237671	0.155401095063745	0.979799625608656	A2402	0.979799625608656	A2402
TFLDYYKHL	9	specific	0.0477455013955478	specific	0.0135947210236989	specific	0.0316996863966576	specific	0.956790432665083	11.0819588690815	25.2494729515619	20.3657203657204	0.241768629739259	0.956790432665083	A2402	0.956790432665083	A2402
SFIKKYSVF	9	specific	9.85610769633993e-05	specific	0.00446984030108474	specific	0.00492654303093837	specific	0.983551345931159	75.3436665575982	38.8284365421593	42.3311423311423	0.137865562935935	0.983551345931159	A2402	0.983551345931159	A2402
IKLNIWRTF	9	specific	0.00894761125934767	specific	0.0469710684326249	specific	0.00306377436740285	specific	0.531488857438995	22.1729057850706	14.2621875859318	49.7329497329497	1.2567131358268	0.531488857438995	A2402	0.531488857438995	A2402
KYLFIPSHN	9	specific	4.45317731655764e-05	specific	0.00340014798601689	specific	0.00357739042303354	specific	0.323499855709573	83.9326037866945	42.7255228431304	47.2138472138472	2.17077794271928	0.323499855709573	A2402	0.323499855709573	A2402
IFHHLIYVL	9	specific	0.1815153975239	specific	0.0025923179592793	specific	0.00923077903000578	specific	0.901218348741531	5.31274363666476	46.832421260021	33.7311337311337	0.385479370051123	0.901218348741531	A2402	0.901218348741531	A0201,A2402
SYNSIYHKS	9	specific	3.80177036282952e-05	specific	0.00127140470404075	specific	0.0111014401722059	specific	0.33199691281447	85.5246999608162	58.3315958110099	31.4810314810315	2.1194814722994	0.33199691281447	A2402	0.33199691281447	A2402
YLNKYVYTI	9	specific	0.993781683180067	specific	0.018409731302644	specific	0.0263544369084735	specific	0.720016209284465	0.0777617541435904	22.1882104325877	22.1277221277221	0.770958740102246	0.993781683180067	A0201	0.993781683180067	A0201,A2402
LTIIYIHLF	9	specific	0.0158695712292279	specific	0.191665531017093	specific	0.307400325799568	specific	0.706986139549149	17.8238019640397	5.93950601988531	4.58730458730459	0.798068269656171	0.706986139549149	A2402	0.706986139549149	A0301,A1101,A2402
IFFNNENSI	9	specific	0.0212932096647112	specific	0.00206860160190748	specific	0.000424299436368535	specific	0.468392812791798	15.8296674220666	50.3339568268511	82.2790822790823	1.46764341596197	0.468392812791798	A2402	0.468392812791798	A2402
IYKRELYNI	9	specific	0.00147589041985788	specific	0.000564855822114059	specific	0.000594268685357077	specific	0.98691215382682	40.5358895742695	72.1132199763697	77.2207772207772	0.120128472967562	0.98691215382682	A2402	0.98691215382682	A2402
MIIPFHKKF	9	specific	0.0356518068758305	specific	0.0792335147798844	specific	0.0531990091764278	specific	0.348459659092542	12.6658749106245	10.7149224460688	15.6511156511157	2.0182994363435	0.348459659092542	A2402	0.348459659092542	A2402
LYEDVFPVW	9	specific	0.000814418970913309	specific	0.00331546679649834	specific	0.00987531667714434	specific	0.99908582104577	47.9628440200201	43.1055617837757	32.9244329244329	0.0107833444694005	0.99908582104577	A2402	0.99908582104577	A2402
PWQASLFHL	9	specific	0.00149083380896518	specific	0.00110242383599655	specific	0.000627342226270776	specific	0.657651507688893	40.4182370501432	60.7196062018971	76.3622763622764	0.910134429001752	0.657651507688893	A2402	0.657651507688893	A2402
PYLPSPCPP	9	specific	7.3896812831837e-05	specific	0.000507026345919531	specific	0.00139875967068627	specific	0.028830439447726	78.5713852903038	73.9306179636641	62.8959628959629	9.97943102237191	0.028830439447726	A2402	NA	unknown
RVVSGAYYF	9	specific	0.00338587486437771	specific	0.202763569168746	specific	0.224819037856327	specific	0.379620440345671	31.1927643192716	5.68205053822902	6.02740602740602	1.84173476802204	0.379620440345671	A2402	0.379620440345671	A0301,A1101,A2402
SLFHLTRLF	9	specific	0.0966695784979189	specific	0.405331652880543	specific	0.0944333084614805	specific	0.265951501164171	7.76021910636596	2.90644676181239	11.1442111442111	2.56381573179101	0.405331652880543	A0301	0.405331652880543	A0301,A2402
SQPWQASLF	9	specific	0.000141119054337634	specific	0.00533190272095175	specific	0.00403164327773185	specific	0.347024176393946	71.059599840033	36.4497936629287	45.3432453432453	2.02646252888575	0.347024176393946	A2402	0.347024176393946	A2402
VFPVWEVIW	9	specific	6.34644733488966e-05	specific	0.00456619652740705	specific	0.0027922909744127	specific	0.951837918493483	80.240031347076	38.5324030286273	51.2428512428512	0.25658313101965	0.951837918493483	A2402	0.951837918493483	A2402
VYCEEYYLF	9	specific	8.92455949091116e-05	specific	0.00237478725579226	specific	0.054729546082025	specific	0.998113991154565	76.4670714317454	48.1844654424437	15.4063154063154	0.0267064138728235	0.998113991154565	A2402	0.998113991154565	A2402
AWLLRKNFF	9	specific	0.000149581526132822	specific	0.00915670822925879	specific	0.00318304343253873	specific	0.821856330500709	70.3414649910523	29.6393105108517	49.1041491041491	0.555090292873617	0.821856330500709	A2402	0.821856330500709	A2402
AYGNNCDGI	9	specific	0.000175845290619066	specific	0.000316523029066376	specific	0.000629835883272121	specific	0.394904862261481	68.3256177514936	81.4264403556431	76.2941762941763	1.7698793978661	0.394904862261481	A2402	0.394904862261481	A2402
AYYFMVKVW	9	specific	0.000165752198099228	specific	0.0239311235996562	specific	0.00580983707239587	specific	0.904975513617198	69.060415833505	19.7425848087164	39.95833995834	0.377517835349417	0.904975513617198	A2402	0.904975513617198	A2402
EYQDMHSYI	9	specific	0.000276796388841636	specific	6.67101359801069e-05	specific	0.000311759853402105	specific	0.880164757039812	62.3991621928411	96.9355142512085	86.4119864119864	0.43214001013836	0.880164757039812	A2402	0.880164757039812	A2402
IYANMFKKF	9	specific	0.000637018550821041	specific	0.0131378563968206	specific	0.00328860050795912	specific	0.998598582214779	51.2242931759516	25.6114819504166	48.5716485716486	0.0185433213305664	0.998598582214779	A2402	0.998598582214779	A2402
CWNVEQARF	9	specific	2.99401620070101e-05	specific	0.000894483633851984	specific	0.000366627817581389	specific	0.183103526661742	87.7648444158981	64.2693894900548	84.3078843078843	3.4206381119674	0.183103526661742	A2402	0.183103526661742	A2402
RVSQESFVF	9	specific	0.000831931537566612	specific	0.154936400154192	specific	0.101770264479435	specific	0.257385564222932	47.6851234695073	6.96711197601111	10.6182106182106	2.63808979603354	0.257385564222932	A2402	0.257385564222932	A0301,A1101,A2402
TYFLVCFIP	9	specific	0.000297695538907039	specific	0.00674685112268586	specific	0.0127701896739874	specific	0.187360290652658	61.4150215511147	33.4015247891554	29.8326298326298	3.36752762098257	0.187360290652658	A2402	0.187360290652658	A2402
RVAVILNEF	9	specific	0.00349158316754862	specific	0.582072095738517	specific	0.116310616611089	specific	0.577774209446377	30.8842420349746	1.71747786295834	9.72960972960973	1.11078525926889	0.582072095738517	A0301	0.582072095738517	A0301,A1101,A2402
KTSICYLSF	9	specific	0.000126153963398139	specific	0.22459810135705	specific	0.161645906562141	specific	0.0764604470013486	72.4178048159773	5.23089908973975	7.75510775510776	5.98203514967182	0.22459810135705	A0301	0.22459810135705	A0301,A1101
KYISTSLPV	9	specific	0.0118959417924673	specific	0.0118263658999821	specific	0.00564106455425828	specific	0.319939835638636	19.9165020541222	26.7535125650564	40.3763403763404	2.19425943114331	0.319939835638636	A2402	0.319939835638636	A2402
GEYAPFARV	9	specific	0.0178061585989275	specific	0.0201216492256814	specific	0.00593428772619404	specific	0.000257253161486738	17.0290162431176	21.3528902802498	39.6565396565397	59.4258020238423	0.0201216492256814	A0301	NA	unknown
KRPTPTFHS	9	specific	0.000409485056076371	specific	0.00827541557454828	specific	0.00242397397343489	specific	0.00724305904950597	57.1472141094158	30.8553746853574	53.5613535613536	18.6369449474992	0.00827541557454828	A0301	NA	unknown
KRPTPTFHF	9	specific	0.00110642618188492	specific	0.0624486893014465	specific	0.00749860942218624	specific	0.79223927276002	44.1082847574843	12.245050075897	36.4453364453364	0.613743624473551	0.79223927276002	A2402	0.79223927276002	A2402
KVKNEVASF	9	specific	0.00226810849997542	specific	0.0846532976649339	specific	0.0114510153980114	specific	0.0193380606904005	35.544594851162	10.2981185403201	31.1176311176311	12.0743224381243	0.0846532976649339	A0301	NA	unknown
QLSAIALGV	9	specific	0.584951805985636	specific	0.10914866330309	specific	0.00622875965475234	specific	0.000890159036880157	1.74580187516916	8.82439743229455	38.978938978939	41.6386249321002	0.584951805985636	A0201	0.584951805985636	A0201,A0301
EVASFKQAL	9	specific	0.0144054473643034	specific	0.00189650782110328	specific	0.0212462421110508	specific	0.00107790537557801	18.5055806682259	51.7192405667647	24.2956242956243	39.023411950969	0.0212462421110508	A1101	NA	unknown
QLSAIALGV	9	specific	0.584951805985636	specific	0.10914866330309	specific	0.00622875965475234	specific	0.000890159036880157	1.74580187516916	8.82439743229455	38.978938978939	41.6386249321002	0.584951805985636	A0201	0.584951805985636	A0201,A0301
SAFRCFIVY	9	specific	0.000560192280820794	specific	0.21023431043658	specific	0.747295734617445	specific	0.00269040636497976	52.9253567951654	5.52632824768103	1.23420123420124	27.8430993146026	0.747295734617445	A1101	0.747295734617445	A0301,A1101
RAKLLGAEEK	10	specific	0.000136873986596549	specific	0.147628905656408	specific	0.0705778417471568	specific	0.000245195617701357	71.4294226240249	7.20583243435439	13.3340133340133	60.1031371470092	0.147628905656408	A0301	0.147628905656408	A0301
LAKLLGAEEK	10	specific	0.000208637985594981	specific	0.0514837400517283	specific	0.0651895401674488	specific	0.000315937315954152	66.1161740409047	13.5842013390505	13.967013967014	56.4995852947431	0.0651895401674488	A1101	NA	unknown
VVVGAGGVGK	10	specific	0.0115809889109288	specific	0.886896320846346	specific	0.982544587718116	specific	0.000840224897521817	20.1130272145942	0.481772131753544	0.130600130600134	42.4477788829866	0.982544587718116	A1101	0.982544587718116	A0301,A1101
RAKLLGAEEK	10	specific	0.000136873986596549	specific	0.147628905656408	specific	0.0705778417471568	specific	0.000245195617701357	71.4294226240249	7.20583243435439	13.3340133340133	60.1031371470092	0.147628905656408	A0301	0.147628905656408	A0301
LAKLLGAEEK	10	specific	0.000208637985594981	specific	0.0514837400517283	specific	0.0651895401674488	specific	0.000315937315954152	66.1161740409047	13.5842013390505	13.967013967014	56.4995852947431	0.0651895401674488	A1101	NA	unknown
VVVGACGVGK	10	specific	0.00452909323172814	specific	0.685770716766516	specific	0.94822158548567	specific	0.000818504249020672	28.2959874934862	1.23711589424986	0.311900311900315	42.8028230191147	0.94822158548567	A1101	0.94822158548567	A0301,A1101
VVVGADGVGK	10	specific	0.01375536436422	specific	0.768550895485613	specific	0.985575380590227	specific	0.0005681302849011	18.8521759152659	0.913483475407262	0.111400111400106	47.9927358554266	0.985575380590227	A1101	0.985575380590227	A0301,A1101
VVVGAVGVGK	10	specific	0.00759039988281276	specific	0.938052819834815	specific	0.990697773297628	specific	0.000752369630248614	23.5610035911792	0.295429157941285	0.0753000753000777	43.9671218850495	0.990697773297628	A1101	0.990697773297628	A0301,A1101
AIKTSPKANK	10	specific	0.0030595842341932	specific	0.891359090805054	specific	0.551887092573775	specific	0.0008228762358281	32.2562825437991	0.465353804871715	2.33160233160233	42.7311692067994	0.891359090805054	A0301	0.891359090805054	A0301,A1101
IKTSPKANKE	10	specific	0.000504919084228087	specific	0.00340113821496036	specific	0.000628788445517417	specific	0.00412374455619202	54.3264822198254	42.7205872724727	76.3189763189763	23.5167610461255	0.00412374455619202	A2402	NA	unknown
KTSPKANKEI	10	specific	0.0183520578428417	specific	0.0165165556452444	specific	0.0182069651145462	specific	0.00700766673989064	16.8241089714847	23.2579198282019	25.8925258925259	18.8995748137354	0.0183520578428417	A0201	NA	unknown
VVVGAAGVGK	10	specific	0.00870238093767613	specific	0.933015892240736	specific	0.984858724806044	specific	0.000569209286410574	22.4139672229157	0.316783055480852	0.115400115400111	47.9681457988795	0.984858724806044	A1101	0.984858724806044	A0301,A1101
VVVGARGVGK	10	specific	0.00768693007444704	specific	0.821140215463108	specific	0.96343687110477	specific	0.000789361876828802	23.4557727498576	0.719888234506083	0.232300232300231	43.2934148030125	0.96343687110477	A1101	0.96343687110477	A0301,A1101
VVVGASGVGK	10	specific	0.00555042402811523	specific	0.891723941432105	specific	0.982130797704061	specific	0.000650986296488891	26.3788067913278	0.464346545553807	0.132900132900138	46.0457878946377	0.982130797704061	A1101	0.982130797704061	A0301,A1101
IPVAIKTSPK	10	specific	0.000519161415322679	specific	0.213631656856483	specific	0.218723958058076	specific	0.00162257724528116	53.9480753460903	5.45249613967866	6.15810615810616	33.7053083280676	0.218723958058076	A1101	0.218723958058076	A0301,A1101
PVAIKTSPKA	10	specific	0.00240285081869539	specific	0.0191360788959072	specific	0.00866897750054502	specific	0.0016255441845639	34.8907901806092	21.8225753001885	34.5363345363345	33.6849509861721	0.0191360788959072	A0301	NA	unknown
VAIKTSPKAN	10	specific	0.00102181736548133	specific	0.00263957149078446	specific	0.00843998148047831	specific	0.000876988474150014	45.1027263069024	46.5526046215072	34.8799348799349	41.8474388549096	0.00843998148047831	A1101	NA	unknown
LSVSDSHVYK	10	specific	0.00335409388111051	specific	0.188607392850746	specific	0.657917163169218	specific	0.0012709462330995	31.2885021672302	6.01797152075004	1.69030169030169	36.8244159105728	0.657917163169218	A1101	0.657917163169218	A0301,A1101
NLWPVPHGLK	10	specific	0.198852990728079	specific	0.899445525805155	specific	0.494014780016409	specific	0.0034748391879854	4.98432646202197	0.440373773787683	2.71950271950272	25.1678220969876	0.899445525805155	A0301	0.899445525805155	A0201,A0301,A1101
RSMLFARHLR	10	specific	0.000255113566644304	specific	0.0632529911994223	specific	0.377118383327292	specific	0.0021065586308762	63.4750011108822	12.1583250486254	3.73880373880374	30.5871077558449	0.377118383327292	A1101	0.377118383327292	A1101
SPLCNFNIIK	10	specific	0.00321414472658559	specific	0.267113671374197	specific	0.441622418475648	specific	0.00296682476403273	31.7346728552904	4.49872229155523	3.12750312750313	26.7664781093068	0.441622418475648	A1101	0.441622418475648	A0301,A1101
SQYCRPISTK	10	specific	0.00476383791699643	specific	0.829926094743941	specific	0.892121020290587	specific	0.000578070626635155	27.8125517570117	0.689368277173585	0.565700565700566	47.7534866986942	0.892121020290587	A1101	0.892121020290587	A0301,A1101
SSWHTPTLQK	10	specific	0.00404950803309576	specific	0.664265518966648	specific	0.910407173633575	specific	0.000863695510653252	29.3740481759314	1.32716487727049	0.486900486900488	42.0598808188489	0.910407173633575	A1101	0.910407173633575	A0301,A1101
SVSDSHVYKY	10	specific	0.0254395565834582	specific	0.489314049316777	specific	0.634781617919604	specific	0.00946904235140917	14.6666747458099	2.26683709494325	1.81880181880182	16.6295296345454	0.634781617919604	A1101	0.634781617919604	A0301,A1101
SVTFNGQVFK	10	specific	0.00214043097745515	specific	0.779219036963251	specific	0.987215107017093	specific	0.00158675994329624	36.2001163396633	0.874401813872583	0.098900098900101	33.9763028446866	0.987215107017093	A1101	0.987215107017093	A0301,A1101
TDTGVHATLK	10	specific	0.000330876610588623	specific	0.0566165262936718	specific	0.347376324546834	specific	0.0003289331544564	60.0178347088075	12.9153811519622	4.07300407300407	55.9137574311856	0.347376324546834	A1101	0.347376324546834	A1101
KVKIPVAIKT	10	specific	0.00249380023131936	specific	0.785815680689282	specific	0.0867630137166998	specific	0.00365634242997557	34.4736034190934	0.847205812289165	11.7570117570118	24.666648526461	0.785815680689282	A0301	0.785815680689282	A0301
VKIPVAIKTS	10	specific	0.0065156365787819	specific	0.00682195199194161	specific	0.00260800015803336	specific	0.0213786140387937	24.9041611627503	33.2585946919448	52.3386523386523	11.5183251349682	0.0213786140387937	A2402	NA	unknown
KIPVAIKTSP	10	specific	0.00405507982109599	specific	0.177289675296439	specific	0.0535196905961331	specific	0.0153418389348695	29.3607175895068	6.31350140462312	15.6034156034156	13.4312098207042	0.177289675296439	A0301	0.177289675296439	A0301
TQCKWQFVAK	10	specific	0.00550041293974775	specific	0.318928176143931	specific	0.679315866364373	specific	0.00234676287768644	26.4675763782009	3.78951100581894	1.57030157030157	29.3614345274628	0.679315866364373	A1101	0.679315866364373	A0301,A1101
TVIAVASSMR	10	specific	0.000756571032631667	specific	0.353355811681185	specific	0.782026480966144	specific	0.000373220298329279	48.9293115358047	3.39728422742707	1.06870106870107	54.1049773700935	0.782026480966144	A1101	0.782026480966144	A0301,A1101
YSNFISHLAK	10	specific	0.00052424627141742	specific	0.134408500074642	specific	0.430343118785984	specific	0.00184819004286459	53.8131536531866	7.6912306996524	3.23440323440324	32.1234823954343	0.430343118785984	A1101	0.430343118785984	A0301,A1101
FTANPPSQTK	10	specific	0.00459454798579423	specific	0.510005545533366	specific	0.748798248213198	specific	0.00342350503875271	28.1619747042024	2.13226725007126	1.22510122510122	25.3166725622335	0.748798248213198	A1101	0.748798248213198	A0301,A1101
GAFMRPITLK	10	specific	0.0025505604110448	specific	0.936182695627212	specific	0.973072312937842	specific	0.00114371285065178	34.224866795125	0.302580699098398	0.185200185200185	38.2381426041878	0.973072312937842	A1101	0.973072312937842	A0301,A1101
GVLPNYSEGK	10	specific	0.0114819049072846	specific	0.841535536117024	specific	0.926163376702203	specific	0.000517549338947197	20.1815989432481	0.647365563616986	0.41490041490041	49.339142230298	0.926163376702203	A1101	0.926163376702203	A0301,A1101
ILIYWNPFHR	10	specific	0.0563855284196001	specific	0.700390393866433	specific	0.487970201339987	specific	0.0304168210059288	10.237082459776	1.17516944619875	2.76780276780276	9.72415801731583	0.700390393866433	A0301	0.700390393866433	A0301,A1101
KIFLCNARVK	10	specific	0.00347631177833326	specific	0.584040629118681	specific	0.389183765484227	specific	0.00206905364450702	30.9274654515635	1.70579365487066	3.62120362120362	30.7966271310962	0.584040629118681	A0301	0.584040629118681	A0301,A1101
KAFQLTPIAV	10	specific	0.894244650999705	specific	0.37349303787406	specific	0.141307192606231	specific	0.00506171359865119	0.569579601779024	3.20530060143454	8.53820853820854	21.6394513192465	0.894244650999705	A0201	0.894244650999705	A0201,A0301,A1101
RAKLLGAEEK	10	specific	0.000136873986596549	specific	0.147628905656408	specific	0.0705778417471568	specific	0.000245195617701357	71.4294226240249	7.20583243435439	13.3340133340133	60.1031371470092	0.147628905656408	A0301	0.147628905656408	A0301
LAKLLGAEEK	10	specific	0.000208637985594981	specific	0.0514837400517283	specific	0.0651895401674488	specific	0.000315937315954152	66.1161740409047	13.5842013390505	13.967013967014	56.4995852947431	0.0651895401674488	A1101	NA	unknown
KAFQLTPIAV	10	specific	0.894244650999705	specific	0.37349303787406	specific	0.141307192606231	specific	0.00506171359865119	0.569579601779024	3.20530060143454	8.53820853820854	21.6394513192465	0.894244650999705	A0201	0.894244650999705	A0201,A0301,A1101
EILDITPCSF	10	specific	0.464526864017049	specific	0.288312232846187	specific	0.136672895969564	specific	0.277286925725639	2.38647793787947	4.18899005129971	8.73550873550873	2.47895988091963	0.464526864017049	A0201	0.464526864017049	A0201,A0301,A1101,A2402
KAFQLTPIAV	10	specific	0.894244650999705	specific	0.37349303787406	specific	0.141307192606231	specific	0.00506171359865119	0.569579601779024	3.20530060143454	8.53820853820854	21.6394513192465	0.894244650999705	A0201	0.894244650999705	A0201,A0301,A1101
EILDITPCSF	10	specific	0.464526864017049	specific	0.288312232846187	specific	0.136672895969564	specific	0.277286925725639	2.38647793787947	4.18899005129971	8.73550873550873	2.47895988091963	0.464526864017049	A0201	0.464526864017049	A0201,A0301,A1101,A2402
KNIDGYFKIY	10	specific	0.0177421472572152	specific	0.113929491924743	specific	0.0633503850420109	specific	0.293188974570755	17.0526477372339	8.58416608497441	14.2018142018142	2.36699450049432	0.293188974570755	A2402	0.293188974570755	A0301,A2402
RAKLLGAEEK	10	specific	0.000136873986596549	specific	0.147628905656408	specific	0.0705778417471568	specific	0.000245195617701357	71.4294226240249	7.20583243435439	13.3340133340133	60.1031371470092	0.147628905656408	A0301	0.147628905656408	A0301
LAKLLGAEEK	10	specific	0.000208637985594981	specific	0.0514837400517283	specific	0.0651895401674488	specific	0.000315937315954152	66.1161740409047	13.5842013390505	13.967013967014	56.4995852947431	0.0651895401674488	A1101	NA	unknown
FVFSKYCHRA	10	specific	0.169872754625976	specific	0.0499251712171827	specific	0.035150044825342	specific	0.00327666876047361	5.54451405972911	13.8094245225339	19.3874193874194	25.7509289296976	0.169872754625976	A0201	0.169872754625976	A0201
FVRLQLTFEK	10	specific	0.00157692441303539	specific	0.282936853708492	specific	0.286778772865526	specific	0.000533420575224892	39.7431236391693	4.26493740386968	4.89030489030489	48.9040796314716	0.286778772865526	A1101	0.286778772865526	A0301,A1101
ITNFYETAMR	10	specific	0.000215380013300622	specific	0.164497305742568	specific	0.383015213549758	specific	0.00101807618465652	65.6935338576697	6.67913653702232	3.68050368050368	39.8000143106067	0.383015213549758	A1101	0.383015213549758	A0301,A1101
MPKMGKTIYK	10	specific	0.000673256672144539	specific	0.189431971937625	specific	0.0892333539248082	specific	0.00619579198958146	50.486061458043	5.99712125286943	11.5564115564116	19.9061546694401	0.189431971937625	A0301	0.189431971937625	A0301
QFSAKAGPAR	10	specific	0.00044191099611884	specific	0.00744989547171523	specific	0.0514453266676153	specific	0.00637876842512494	56.0809691740288	32.1266366704842	15.9390159390159	19.6671070705483	0.0514453266676153	A1101	NA	unknown
SSAFLQLTAK	10	specific	0.000425375751976592	specific	0.638017175843318	specific	0.942877566814423	specific	0.000679018128966094	56.6143946095956	1.4405822764665	0.341300341300343	45.4429283935538	0.942877566814423	A1101	0.942877566814423	A0301,A1101
TILGEFQYFK	10	specific	0.0917181649038361	specific	0.79063875940111	specific	0.933159612284766	specific	0.00890544838487967	8.00006867271794	0.829578774225848	0.385500385500381	17.0758794724425	0.933159612284766	A1101	0.933159612284766	A0301,A1101
ATFEEWFPQR	10	specific	0.0528977230310071	specific	0.838488631447156	specific	0.984620446628994	specific	0.0086749463170741	10.5542898231072	0.65784106052319	0.117600117600114	17.2690726626093	0.984620446628994	A1101	0.984620446628994	A0301,A1101
CTFCPPPLPK	10	specific	0.00507535135764354	specific	0.9744153936704	specific	0.992462766170502	specific	0.00145396729956246	27.214796143017	0.146153327027887	0.060000060000065	35.0904138083245	0.992462766170502	A1101	0.992462766170502	A0301,A1101
DTIDVSKLNR	10	specific	0.00333668773789668	specific	0.162218643508903	specific	0.576161105299576	specific	0.00295897220126386	31.3434403415862	6.74742871877622	2.17360217360217	26.7942930913027	0.576161105299576	A1101	0.576161105299576	A0301,A1101
FSAVNSLIQR	10	specific	0.00259872005173949	specific	0.121023840818089	specific	0.275796396906986	specific	0.00249608376778067	34.0242010737181	8.25086397667993	5.07290507290508	28.6716028181817	0.275796396906986	A1101	0.275796396906986	A0301,A1101
RAKLLGAEEK	10	specific	0.000136873986596549	specific	0.147628905656408	specific	0.0705778417471568	specific	0.000245195617701357	71.4294226240249	7.20583243435439	13.3340133340133	60.1031371470092	0.147628905656408	A0301	0.147628905656408	A0301
LAKLLGAEEK	10	specific	0.000208637985594981	specific	0.0514837400517283	specific	0.0651895401674488	specific	0.000315937315954152	66.1161740409047	13.5842013390505	13.967013967014	56.4995852947431	0.0651895401674488	A1101	NA	unknown
STCYGNRFNY	10	specific	0.00176479585493562	specific	0.0116745501160848	specific	0.262215169834801	specific	0.012010179657025	38.3985522175229	26.88536280977	5.30730530730531	14.9791740361252	0.262215169834801	A1101	0.262215169834801	A1101
STDPHTNSNN	10	specific	0.00132908983600828	specific	0.010467411201292	specific	0.0328401365209073	specific	0.00123948456108501	41.836126697125	28.0970957692087	20.02012002012	37.1623276302542	0.0328401365209073	A1101	NA	unknown
DSCVPNTNEY	10	specific	0.000226699331262657	specific	0.00258444369696696	specific	0.0114424169878728	specific	0.00172721353234616	65.0157947251273	46.8781508330538	31.1300311300311	32.9452337113551	0.0114424169878728	A1101	NA	unknown
STDIIFLTMK	10	specific	0.000789888571201421	specific	0.878378927707672	specific	0.941228277153439	specific	0.00120708013640878	48.3599339126079	0.511385555699928	0.349400349400353	37.5185811134257	0.941228277153439	A1101	0.941228277153439	A0301,A1101
TTERISNNEY	10	specific	0.000619660103414945	specific	0.00376853766928459	specific	0.0666024652788312	specific	0.0047151697576333	51.5916922169573	41.2265195262255	13.7954137954138	22.2613580362623	0.0666024652788312	A1101	NA	unknown
TSSLIKQNKY	10	specific	0.000258944448522729	specific	0.0184278791408562	specific	0.128862526378362	specific	0.0079239291743862	63.2784759504102	22.1807567136352	9.08590908590908	17.9365314515893	0.128862526378362	A1101	0.128862526378362	A1101
VTDNLDKLSN	10	specific	0.00696106550925227	specific	0.00203243431861514	specific	0.0247942168033963	specific	0.0040807699870988	24.313171831259	50.6218315399081	22.7303227303227	23.6186485345233	0.0247942168033963	A1101	NA	unknown
LSDTLQLHED	10	specific	0.000668598734960647	specific	0.00044919365408202	specific	0.0019210583529539	specific	0.000750577812353489	50.5816983167105	75.9335531173165	57.4855574855575	44.0042085277107	0.0019210583529539	A1101	NA	unknown
NVDENANANN	10	specific	0.00274489650687934	specific	0.0104291328571789	specific	0.0122065592062023	specific	0.000608514135567696	33.4303840420762	28.1395013864924	30.3751303751304	47.0055055524146	0.0122065592062023	A1101	NA	unknown
ELDYENDIEK	10	specific	0.00319973241839762	specific	0.0412905099846992	specific	0.110106493491266	specific	0.000538778336580334	31.7844605758005	15.229055805188	10.0871100871101	48.7552291662258	0.110106493491266	A1101	0.110106493491266	A1101
HREHPKEYEY	10	specific	0.00163655327767932	specific	0.00129380520563195	specific	0.000481814079722943	specific	0.0133336286943328	39.2868540219995	58.0313318083427	80.4531804531805	14.3064747432909	0.0133336286943328	A2402	NA	unknown
SIEIVERSNY	10	specific	0.00134557126218719	specific	0.0148684964920903	specific	0.0149461291020594	specific	0.00351101956923938	41.674442842081	24.3301473721108	28.033228033228	25.0685548605169	0.0149461291020594	A1101	NA	unknown
IPDNDKNSNY	10	specific	0.00278676055217046	specific	0.0138448455141467	specific	0.00239840067230198	specific	0.0258131438233249	33.2763753731554	25.0618205406364	53.7389537389537	10.5305909373548	0.0258131438233249	A2402	NA	unknown
ASDQPKQYEQ	10	specific	0.00273509320245972	specific	0.00221640823442107	specific	0.0263009696186297	specific	0.000490800400840878	33.4672451333261	49.2497428970591	22.1463221463221	50.1290474074119	0.0263009696186297	A1101	NA	unknown
LTPVATGNQY	10	specific	0.000400279067080413	specific	0.0344452993339574	specific	0.137026019977768	specific	0.0122920071935773	57.4486671433361	16.6658104962464	8.72140872140872	14.8308274654807	0.137026019977768	A1101	0.137026019977768	A1101
FIDPQTEMFK	10	specific	0.0465672962464547	specific	0.422667100963493	specific	0.306135499498083	specific	0.00748666468307925	11.2140528618345	2.75656657530825	4.6047046047046	18.3736096288212	0.422667100963493	A0301	0.422667100963493	A0301,A1101
GSKNDFQQQY	10	specific	0.00095671419530466	specific	0.0143713424579144	specific	0.0413701543508068	specific	0.00345979665728654	45.9281117830265	24.6686872288584	17.8873178873179	25.2129710532707	0.0413701543508068	A1101	NA	unknown
TSKQGSSNKY	10	specific	0.000422605875366402	specific	0.0421017902403643	specific	0.0486197414871034	specific	0.001748153064404	56.7065978323659	15.0786719890249	16.4346164346164	32.7975925931525	0.0486197414871034	A1101	NA	unknown
DDTFEVYSEY	10	specific	0.000143733109959143	specific	0.000431408629148046	specific	0.00253927918999529	specific	0.00168514904440195	70.8344947101809	76.5910920000443	52.7847527847528	33.2393066007169	0.00253927918999529	A1101	NA	unknown
ITNKNKVTIY	10	specific	0.00592130131527837	specific	0.20899669861214	specific	0.0416952325445082	specific	0.0195179632033816	25.7725680768811	5.55231553808296	17.8133178133178	12.0205064946975	0.20899669861214	A0301	0.20899669861214	A0301
ENDYAYLNKY	10	specific	0.000490477944405162	specific	0.00927759859331571	specific	0.00682409826909457	specific	0.0275212743792912	54.7180177014029	29.4963804136411	37.7261377261377	10.2052765827077	0.0275212743792912	A2402	NA	unknown
FNDVPIKMEY	10	specific	0.00221550429167918	specific	0.00576934400802808	specific	0.00508796439854046	specific	0.11817992470072	35.8000977576338	35.4264181959381	41.8686418686419	4.60186783650838	0.11817992470072	A2402	0.11817992470072	A2402
FLDYYKHLSY	10	specific	0.163035234354902	specific	0.10001278248221	specific	0.0110716414619453	specific	0.0678549015480611	5.68670698159167	9.32238643906635	31.5105315105315	6.39160068166862	0.163035234354902	A0201	0.163035234354902	A0201,A0301
YIDTIKFIHK	10	specific	0.104939130709196	specific	0.671110945443312	specific	0.315666656618123	specific	0.0175130498212537	7.39797051920614	1.29745072739231	4.47680447680447	12.6256839109477	0.671110945443312	A0301	0.671110945443312	A0201,A0301,A1101
NTNVNDGLKY	10	specific	0.00237465766138282	specific	0.361540538693468	specific	0.308947522814075	specific	0.01289211225877	35.0227831840712	3.32012816367561	4.56340456340456	14.5189167072302	0.361540538693468	A0301	0.361540538693468	A0301,A1101
DTDSNHTPSN	10	specific	0.00105269732167572	specific	0.000791572546035645	specific	0.00503365932818775	specific	0.00046984478270594	44.7264402082803	66.3297384248277	42.025342025342	50.7704044560407	0.00503365932818775	A1101	NA	unknown
STEEEKDDIK	10	specific	0.00140925842146847	specific	0.0237667021663381	specific	0.655643710162904	specific	0.000323755805826585	41.0991068507096	19.7996964120416	1.7041017041017	56.1504871149112	0.655643710162904	A1101	0.655643710162904	A1101
NNEDYKNVDY	10	specific	0.0093331574941961	specific	0.00277029810238976	specific	0.00416397806667553	specific	0.0178171350399175	21.8387322208353	45.8004840888282	44.8568448568449	12.5335719778165	0.0178171350399175	A2402	NA	unknown
HLDFVIIPHY	10	specific	0.0151861182725245	specific	0.51388338961535	specific	0.0217869056770319	specific	0.0265146820036332	18.1353539270696	2.1108126265999	24.039124039124	10.3938339425419	0.51388338961535	A0301	0.51388338961535	A0301
NSIYHKSSTY	10	specific	0.000568193931515361	specific	0.010703729116277	specific	0.00748265650535258	specific	0.0037025165531102	52.7381226494742	27.8452809397327	36.4722364722365	24.5366437193065	0.010703729116277	A0301	NA	unknown
RTFKKMMDEY	10	specific	0.00425186377384913	specific	0.404151665253772	specific	0.114761358150281	specific	0.0180346370047321	28.9059628117034	2.91692225871858	9.81930981930982	12.4638329649864	0.404151665253772	A0301	0.404151665253772	A0301,A1101
NSILIKPEKY	10	specific	0.00132294887754243	specific	0.0740095804723549	specific	0.0927266466942254	specific	0.0392717716762693	41.8962153253269	11.1362590187481	11.2727112727113	8.55512254212811	0.0927266466942254	A1101	NA	unknown
TLNDEYIVSY	10	specific	0.494860093047222	specific	0.730087165368928	specific	0.267308406780163	specific	0.101147668983322	2.21297833577727	1.05832736532188	5.21500521500522	5.07411785691611	0.730087165368928	A0301	0.730087165368928	A0201,A0301,A1101,A2402
QLDYENDIEK	10	specific	0.00582909020803426	specific	0.11274164247637	specific	0.193574080973243	specific	0.000798632521473842	25.9219312384115	8.64157986609495	6.78580678580678	43.1375098133474	0.193574080973243	A1101	0.193574080973243	A0301,A1101
ELDYANDIEK	10	specific	0.00312253399892547	specific	0.0474914890623445	specific	0.142514476897971	specific	0.000739078733939399	32.0441040432073	14.1754625586603	8.49160849160849	44.2225964479462	0.142514476897971	A1101	0.142514476897971	A1101
NVDPNANPNV	10	specific	0.192277975680514	specific	0.0143279781416317	specific	0.0121705233999819	specific	0.00164281337681144	5.1133907760421	24.7033369493943	30.4114304114304	33.5520235903297	0.192277975680514	A0201	0.192277975680514	A0201
IEQYLKKIQY	10	specific	0.000565955355274481	specific	0.00483271262362703	specific	0.0120453678048863	specific	0.016306449408229	52.788617295022	37.7824984664477	30.5304305304305	13.0462343452545	0.016306449408229	A2402	NA	unknown
NEEPSDKHIK	10	specific	0.000226012126540019	specific	0.00116687066626153	specific	0.0433015066995318	specific	0.000396988485052753	65.0489192126067	59.7615011387067	17.4648174648175	53.2229602598484	0.0433015066995318	A1101	NA	unknown
SADKPKDQLD	10	specific	0.000489530361715948	specific	0.000718505299576261	specific	0.00320449601616322	specific	0.000841062332796759	54.7409422704816	67.9951409810504	49.003049003049	42.4328636027859	0.00320449601616322	A1101	NA	unknown
ATLFSDSWYY	10	specific	0.00819052387354178	specific	0.153413084912528	specific	0.547686685704523	specific	0.012892683348764	22.9237611643661	7.01666913445199	2.35630235630235	14.5184128126288	0.547686685704523	A1101	0.547686685704523	A0301,A1101
ELTQGYIYFY	10	specific	0.0979194259672012	specific	0.0876641774705301	specific	0.0273596527711359	specific	0.0592887838694878	7.70326114618806	10.088608602196	21.7693217693218	6.89025477918834	0.0979194259672012	A0201	NA	unknown
FSSPTHSLYV	10	specific	0.0521090227664293	specific	0.00417437743398321	specific	0.00191930434984266	specific	0.00447212279872878	10.6287189306446	39.7874481387359	57.5020575020575	22.7521513780006	0.0521090227664293	A0201	NA	unknown
FTNESYLELY	10	specific	0.0227826407871261	specific	0.230110498931673	specific	0.103338431418201	specific	0.0167818898985893	15.3755185800098	5.12171217967895	10.5097105097105	12.8769257591928	0.230110498931673	A0301	0.230110498931673	A0301,A1101
FTQEDPQMVY	10	specific	0.0487547657155018	specific	0.0390841476829438	specific	0.286357379585712	specific	0.0166464664189132	10.9703657024209	15.6478742295725	4.8975048975049	12.9267105458086	0.286357379585712	A1101	0.286357379585712	A1101
IFSSPTHSLY	10	specific	0.00212817184526494	specific	0.0113666029747239	specific	0.0289176270462728	specific	0.531434248361944	36.2648504752556	27.1814970492338	21.2307212307212	1.25711625150791	0.531434248361944	A2402	0.531434248361944	A2402
LLDEPSAHLY	10	specific	0.069768893403428	specific	0.216008236072958	specific	0.0648839359119948	specific	0.115778132367672	9.20103332242649	5.40868035934984	14.006114006114	4.66162973623133	0.216008236072958	A0301	0.216008236072958	A0301,A2402
LSDGPSMGRY	10	specific	0.00105556735200531	specific	0.164792454330665	specific	0.0975864844364373	specific	0.0111313198681273	44.6936186886742	6.67238789959236	10.9113109113109	15.4866966786291	0.164792454330665	A0301	0.164792454330665	A0301
PSAEVEMTFY	10	specific	0.0026062478076306	specific	0.0135425929174138	specific	0.0273931839607637	specific	0.00853399782646294	33.9872389931772	25.2869429981879	21.7569217569218	17.3901081458594	0.0273931839607637	A1101	NA	unknown
RCVDWLIAVY	10	specific	0.0279465476112819	specific	0.39631793472088	specific	0.122717779222876	specific	0.0479299546329154	14.0845724719351	2.98561734419964	9.3959093959094	7.72591358610702	0.39631793472088	A0301	0.39631793472088	A0301,A1101
ILDTAGKEEY	10	specific	0.0180486527898918	specific	0.0141358705176066	specific	0.00728360559880659	specific	0.0322151102332605	16.9387318168781	24.8473750318546	36.8193368193368	9.44449651355326	0.0322151102332605	A2402	NA	unknown
ILDTAGLEEY	10	specific	0.0482582308157968	specific	0.071849153883199	specific	0.0154732662232264	specific	0.0305730630323524	11.0281315769276	11.320386022061	27.6535276535277	9.70037419213098	0.071849153883199	A0301	NA	unknown
ILDTAGHEEY	10	specific	0.0157914266490681	specific	0.00777399730587705	specific	0.00640116645267628	specific	0.0408273523511727	17.8685402199951	31.6087039292179	38.5997385997386	8.38359681982039	0.0408273523511727	A2402	NA	unknown
SPLNLQENEM	10	specific	0.0233597862854367	specific	0.000687772983271392	specific	0.00263240378123682	specific	0.00475132348086239	15.2156525322055	68.7402106985041	52.1868521868522	22.1958517380837	0.0233597862854367	A0201	NA	unknown
KPECVCKENL	10	specific	0.00293574836321366	specific	0.00324909003074509	specific	0.00217896206663093	specific	0.00236244019267562	32.7022512532771	43.3964582747864	55.3496553496554	29.2843386534525	0.00324909003074509	A0301	NA	unknown
LPSAKNNCEY	10	specific	0.00118436179361146	specific	0.00151233839699722	specific	0.00207989267654259	specific	0.00657752294514972	43.2605806480281	55.4120546780648	56.1468561468562	19.4153613277018	0.00657752294514972	A2402	NA	unknown
CPENSTCEQI	10	specific	0.00239611926033045	specific	0.000465908564673641	specific	0.000330472231789278	specific	0.00187684061399725	34.9228037858865	75.3325214823231	85.6652856652857	31.9463130535912	0.00239611926033045	A0201	NA	unknown
KPHECVCNKQ	10	specific	0.000975731067079424	specific	0.0260732928005584	specific	0.00263993574627079	specific	0.00232962521672562	45.671800962226	18.9974143653309	52.1420521420521	29.4439724631678	0.0260732928005584	A0301	NA	unknown
SIASKNLMWV	10	specific	0.381645964199884	specific	0.0229719502259589	specific	0.0142370159464917	specific	0.00928943632696044	2.94343387827155	20.0990538813227	28.5846285846286	16.7695115548071	0.381645964199884	A0201	0.381645964199884	A0201
KPNFWRFQDY	10	specific	0.0007864673300323	specific	0.130917825113283	specific	0.00498524866658351	specific	0.0246495854968089	48.4204264979742	7.82962812993242	42.1623421623422	10.7695377573264	0.130917825113283	A0301	0.130917825113283	A0301
NPEDRNSNTL	10	specific	0.0040624112664116	specific	0.000958533428884796	specific	0.000522833410135269	specific	0.00947568902532415	29.3424385278185	63.1047962666941	79.2230792230792	16.6244906885317	0.00947568902532415	A2402	NA	unknown
MPKAVIGSSP	10	specific	0.000317309506996505	specific	0.00469081662630136	specific	0.00179988305833296	specific	0.0023279358995492	60.5694382167715	38.1755310522939	58.5813585813586	29.4522363346304	0.00469081662630136	A0301	NA	unknown
NPQQSVGENG	10	specific	0.000226406258488036	specific	0.000257277458543825	specific	0.000239045349708948	specific	0.000359731761826431	65.0307411402095	84.3790195942155	89.5326895326895	54.619352979176	0.000359731761826431	A2402	NA	unknown
TPGPLDNTSE	10	specific	0.00185351944717114	specific	0.00128761605607879	specific	0.00270723043504972	specific	0.00354419371299931	37.8319013051856	58.1130205390248	51.7405517405517	24.9738226754586	0.00354419371299931	A2402	NA	unknown
KAFQLTPIAV	10	specific	0.894244650999705	specific	0.37349303787406	specific	0.141307192606231	specific	0.00506171359865119	0.569579601779024	3.20530060143454	8.53820853820854	21.6394513192465	0.894244650999705	A0201	0.894244650999705	A0201,A0301,A1101
KSAFLPTGAF	10	specific	0.00163642884523748	specific	0.071521493461397	specific	0.110266792630379	specific	0.0112333841609345	39.2885708399481	11.3514096090524	10.0776100776101	15.4214927172113	0.110266792630379	A1101	0.110266792630379	A1101
FPCSLYKDEI	10	specific	0.027243804221876	specific	0.000506909334095666	specific	0.000223295435812866	specific	0.011916187598096	14.2406009266777	73.9343448231404	90.2544902544903	15.0288580438207	0.027243804221876	A0201	NA	unknown
TEMFKLRLNL	10	specific	0.00231304548596098	specific	0.00238398691160203	specific	0.00872006349220303	specific	0.0196780173190443	35.3149452032107	48.1272531131867	34.4594344594345	11.9792879163051	0.0196780173190443	A2402	NA	unknown
IPPQVFDYPI	10	specific	0.0105112749456819	specific	0.00241952296004229	specific	0.00279945695185309	specific	0.150992184643271	20.8762032874034	47.8988066998861	51.2024512024512	3.91717585216136	0.150992184643271	A2402	0.150992184643271	A2402
KLYSINSKSI	10	specific	0.659183397558	specific	0.37210499311073	specific	0.0201834670269616	specific	0.0155127845898581	1.43384595497493	3.21658190579507	24.8313248313248	13.3638895019607	0.659183397558	A0201	0.659183397558	A0201,A0301
RNIISKHTSV	10	specific	0.0245721556259216	specific	0.00420013128399053	specific	0.000502682635745483	specific	0.00664878643013556	14.8967283509257	39.7003202077372	79.8216798216798	19.3188151220785	0.0245721556259216	A0201	NA	unknown
SPHDTMQKDD	10	specific	0.000303187455757047	specific	0.000659364778698862	specific	0.000593706604231651	specific	0.000631090200575418	61.1810293636463	69.4436806061284	77.2326772326772	46.4845793135142	0.000659364778698862	A0301	NA	unknown
FPKLLNKPSL	10	specific	0.00695686940052838	specific	0.0024909332485761	specific	0.000566341672414141	specific	0.0342420759837195	24.3185242636871	47.4535980813724	77.976777976778	9.1639279995082	0.0342420759837195	A2402	NA	unknown
HPFLKSGFTF	10	specific	0.00770889868631962	specific	0.0413631156597856	specific	0.00313102946494281	specific	0.392118065638675	23.4327471914878	15.2169686933731	49.3767493767494	1.78277909966128	0.392118065638675	A2402	0.392118065638675	A2402
TIYGKGGFQF	10	specific	0.32460772048475	specific	0.580559210975965	specific	0.258382542501204	specific	0.231120021129027	3.41121627462624	1.72452867818367	5.37370537370537	2.87230000675219	0.580559210975965	A0301	0.580559210975965	A0201,A0301,A1101,A2402
SPCSVTCGNG	10	specific	0.000593272641594305	specific	0.000732500613516231	specific	0.00113809227237722	specific	0.000421479414835662	52.1632916045583	67.6668751693455	66.4429664429665	52.3735955197723	0.00113809227237722	A1101	NA	unknown
NPDPNANPNV	10	specific	0.0412126516729283	specific	0.00161798579101868	specific	0.000434552829625387	specific	0.00570368615423528	11.8671506073496	54.3092064508916	81.9407819407819	20.6039479134229	0.0412126516729283	A0201	NA	unknown
KPGSANKPKD	10	specific	0.00056172844475984	specific	0.00444158774144954	specific	0.00217809351259082	specific	0.00171411801103811	52.8910204361929	38.928558118359	55.3556553556554	33.0367409709646	0.00444158774144954	A0301	NA	unknown
SVFNVVNSSI	10	specific	0.48402793550243	specific	0.470189239146809	specific	0.582798939570785	specific	0.0154928098088324	2.27872236428049	2.39334886527202	2.13430213430214	13.3714479209813	0.582798939570785	A1101	0.582798939570785	A0201,A0301,A1101
KPGSADKPKD	10	specific	0.00132137124901798	specific	0.00388310382237857	specific	0.00279765893117011	specific	0.00109283903515613	41.9129795476488	40.7915849527545	51.2130512130512	38.8447309253218	0.00388310382237857	A0301	NA	unknown
SVTCGNGIQV	10	specific	0.169088675619827	specific	0.00822694253230212	specific	0.109320541155628	specific	0.000818288830930037	5.56228817496193	30.921853800339	10.1325101325101	42.8081643018893	0.169088675619827	A0201	0.169088675619827	A0201,A1101
NPNANPNANP	10	specific	0.00115386203099964	specific	0.00460673350383634	specific	0.00217259435579314	specific	0.00322180545461177	43.5844533045716	38.4173740145227	55.4014554014554	25.9232608833676	0.00460673350383634	A0301	NA	unknown
NPNVDPNANP	10	specific	0.000903459343746565	specific	0.00646077320880067	specific	0.00260345616018738	specific	0.00319032008274007	46.638672435175	33.9511861989357	52.3680523680524	26.027567065852	0.00646077320880067	A0301	NA	unknown
TIIYIHLFIL	10	specific	0.156331384546744	specific	0.172035669142173	specific	0.212188609485101	specific	0.0543850261029244	5.83324244297134	6.45733803521983	6.3051063051063	7.21849172252338	0.212188609485101	A1101	0.212188609485101	A0201,A0301,A1101
IKKKLILTII	10	specific	0.0216056322538558	specific	0.0164758376025727	specific	0.000457527713297168	specific	0.0523463946055724	15.7273652701867	23.2832020370812	81.2112812112812	7.36734218776927	0.0523463946055724	A2402	NA	unknown
MDMKNYGTNL	10	specific	0.0111078779598276	specific	0.00411245737955647	specific	0.00225728422901739	specific	0.0185619513814648	20.4476047359938	39.9943392026334	54.7598547598548	12.3075248596402	0.0185619513814648	A2402	NA	unknown
FNRIEYHTKI	10	specific	0.00303168670735153	specific	0.00188080790815093	specific	0.000474712465929687	specific	0.0148131235602503	32.3506065416823	51.8514937152055	80.6741806741807	13.6425432165205	0.0148131235602503	A2402	NA	unknown
FITSDHLRQM	10	specific	0.167307544215065	specific	0.00887786879935043	specific	0.00199995423452669	specific	0.00191410669832648	5.59662453393442	30.0021253171608	56.7999567999568	31.7169402310458	0.167307544215065	A0201	0.167307544215065	A0201
TPSNKKKNDL	10	specific	0.00589823089370738	specific	0.000475513462607877	specific	0.000476797006388373	specific	0.00843601990410308	25.8092271895488	75.0117093895706	80.6080806080806	17.4786928167809	0.00843601990410308	A2402	NA	unknown
MIRIKKKLIL	10	specific	0.0199723467857439	specific	0.0491803950914699	specific	0.00340514141908999	specific	0.0282463643102043	16.2483690229488	13.9179063510722	48.003348003348	10.0790005956034	0.0491803950914699	A0301	NA	unknown
LPIKSTEEEK	10	specific	0.000892859296588237	specific	0.0161495807886846	specific	0.0242439097881995	specific	0.000974077183135415	46.7787445819245	23.4816321227084	22.948322948323	40.3958192872713	0.0242439097881995	A1101	NA	unknown
IPHYTFLDYY	10	specific	0.00085547139896044	specific	0.100213234227956	specific	0.00523492833114384	specific	0.0516083185824553	47.3298431434331	9.30929206793359	41.4538414538415	7.42186358363793	0.100213234227956	A0301	0.100213234227956	A0301
HPYDINNKND	10	specific	0.00474948954874384	specific	0.00453185405147249	specific	0.00125950651950417	specific	0.00340418525862939	27.8429495336315	38.6335318641449	64.6950646950647	25.3740157678699	0.00474948954874384	A0201	NA	unknown
IPFHKKFISF	10	specific	0.136588421357899	specific	0.161557581699647	specific	0.00781218575898998	specific	0.877696353859372	6.34323836300399	6.76646591988461	35.9006359006359	0.437783629673749	0.877696353859372	A2402	0.877696353859372	A0201,A0301,A2402
KPEKYGNTTA	10	specific	0.0142976342008397	specific	0.00551592244796855	specific	0.000922344761982509	specific	0.00158571650719068	18.5642554463525	36.0003545552799	70.02197002197	33.985977621033	0.0142976342008397	A0201	NA	unknown
LPLKIENREY	10	specific	0.00719538397285457	specific	0.00302827569273166	specific	0.00327164437370205	specific	0.0321401277475363	24.019393983462	44.4520660399499	48.6623486623487	9.45568297370376	0.0321401277475363	A2402	NA	unknown
APHGHVMVEL	10	specific	0.0939666872330741	specific	0.0560403113573557	specific	0.00945114268247885	specific	0.00459517038010138	7.89261606699225	12.9900190674189	33.4466334466334	22.4982892778283	0.0939666872330741	A0201	NA	unknown
APKVEADESL	10	specific	0.00429083468983057	specific	0.00672838083297999	specific	0.00365468781056057	specific	0.00203355843973441	28.8175971819948	33.4371817690092	46.8787468787469	31.0091698739558	0.00672838083297999	A0301	NA	unknown
CPLQCFQPRL	10	specific	0.0269881147186627	specific	0.016820272620387	specific	0.00553969831393159	specific	0.028907450894864	14.2988717476399	23.0768146028427	40.6292406292406	9.96512041569289	0.028907450894864	A2402	NA	unknown
GPVEEVRALL	10	specific	0.132301021341441	specific	0.00595057433858731	specific	0.0126486893877073	specific	0.00534266276358216	6.46997992332893	35.024723179958	29.95462995463	21.1531930289205	0.132301021341441	A0201	0.132301021341441	A0201
KPMEAVTVAV	10	specific	0.594567276702987	specific	0.0263413882255211	specific	0.0180059471979904	specific	0.0023720166735782	1.70520418014873	18.9035377969023	26.003826003826	29.2377787922856	0.594567276702987	A0201	0.594567276702987	A0201
RGPVEEVRAL	10	specific	0.00180922158408773	specific	0.00252326116089737	specific	0.0109379130853591	specific	0.00209480989242365	38.1137624166333	47.2438866913848	31.6534316534317	30.6561413162332	0.0109379130853591	A1101	NA	unknown
RPRRVEIVAL	10	specific	0.0203392849258509	specific	0.0535531287893213	specific	0.00256537415955525	specific	0.0112274236050224	16.1369778348704	13.3102268045806	52.6219526219526	15.424314526979	0.0535531287893213	A0301	NA	unknown
LSLAGSDCFW	10	specific	0.00893319604106687	specific	0.00871265438674729	specific	0.0331368491622925	specific	0.0491428595854409	22.1882561573171	30.2333920565516	19.9360199360199	7.62452999231057	0.0491428595854409	A2402	NA	unknown
IIVRNATFTW	10	specific	0.0350255766526162	specific	0.0356403585219798	specific	0.00914135440236553	specific	0.179219722670839	12.758381101268	16.3870011170506	33.8586338586339	3.47939222248761	0.179219722670839	A2402	0.179219722670839	A2402
EILDITPCSF	10	specific	0.464526864017049	specific	0.288312232846187	specific	0.136672895969564	specific	0.277286925725639	2.38647793787947	4.18899005129971	8.73550873550873	2.47895988091963	0.464526864017049	A0201	0.464526864017049	A0201,A0301,A1101,A2402
VVVGAGGVGK	10	specific	0.0115809889109288	specific	0.886896320846346	specific	0.982544587718116	specific	0.000840224897521817	20.1130272145942	0.481772131753544	0.130600130600134	42.4477788829866	0.982544587718116	A1101	0.982544587718116	A0301,A1101
RAKLLGAEEK	10	specific	0.000136873986596549	specific	0.147628905656408	specific	0.0705778417471568	specific	0.000245195617701357	71.4294226240249	7.20583243435439	13.3340133340133	60.1031371470092	0.147628905656408	A0301	0.147628905656408	A0301
LAKLLGAEEK	10	specific	0.000208637985594981	specific	0.0514837400517283	specific	0.0651895401674488	specific	0.000315937315954152	66.1161740409047	13.5842013390505	13.967013967014	56.4995852947431	0.0651895401674488	A1101	NA	unknown
KLKYVTESLK	10	specific	0.00144224309022118	specific	0.933110092745887	specific	0.462510104974111	specific	0.000895250732746591	40.8182556321728	0.316178699890113	2.95760295760296	41.5625368472927	0.933110092745887	A0301	0.933110092745887	A0301,A1101
SILPDINKSK	10	specific	0.0793229091839748	specific	0.949240259329478	specific	0.953024774127536	specific	0.00637035471472447	8.61761818776737	0.253124266589311	0.286700286700292	19.6765802890541	0.953024774127536	A1101	0.953024774127536	A0301,A1101
CVCTYNYYKK	10	specific	0.00257513574068121	specific	0.407625248148623	specific	0.620021313594447	specific	0.00713161754244109	34.1190300180569	2.88952480527159	1.90560190560191	18.7663450811321	0.620021313594447	A1101	0.620021313594447	A0301,A1101
VVVGACGVGK	10	specific	0.00452909323172814	specific	0.685770716766516	specific	0.94822158548567	specific	0.000818504249020672	28.2959874934862	1.23711589424986	0.311900311900315	42.8028230191147	0.94822158548567	A1101	0.94822158548567	A0301,A1101
VVVGADGVGK	10	specific	0.01375536436422	specific	0.768550895485613	specific	0.985575380590227	specific	0.0005681302849011	18.8521759152659	0.913483475407262	0.111400111400106	47.9927358554266	0.985575380590227	A1101	0.985575380590227	A0301,A1101
VVVGAVGVGK	10	specific	0.00759039988281276	specific	0.938052819834815	specific	0.990697773297628	specific	0.000752369630248614	23.5610035911792	0.295429157941285	0.0753000753000777	43.9671218850495	0.990697773297628	A1101	0.990697773297628	A0301,A1101
AIKTSPKANK	10	specific	0.0030595842341932	specific	0.891359090805054	specific	0.551887092573775	specific	0.0008228762358281	32.2562825437991	0.465353804871715	2.33160233160233	42.7311692067994	0.891359090805054	A0301	0.891359090805054	A0301,A1101
IKTSPKANKE	10	specific	0.000504919084228087	specific	0.00340113821496036	specific	0.000628788445517417	specific	0.00412374455619202	54.3264822198254	42.7205872724727	76.3189763189763	23.5167610461255	0.00412374455619202	A2402	NA	unknown
KTSPKANKEI	10	specific	0.0183520578428417	specific	0.0165165556452444	specific	0.0182069651145462	specific	0.00700766673989064	16.8241089714847	23.2579198282019	25.8925258925259	18.8995748137354	0.0183520578428417	A0201	NA	unknown
IPVAIKTSPK	10	specific	0.000519161415322679	specific	0.213631656856483	specific	0.218723958058076	specific	0.00162257724528116	53.9480753460903	5.45249613967866	6.15810615810616	33.7053083280676	0.218723958058076	A1101	0.218723958058076	A0301,A1101
PVAIKTSPKA	10	specific	0.00240285081869539	specific	0.0191360788959072	specific	0.00866897750054502	specific	0.0016255441845639	34.8907901806092	21.8225753001885	34.5363345363345	33.6849509861721	0.0191360788959072	A0301	NA	unknown
VAIKTSPKAN	10	specific	0.00102181736548133	specific	0.00263957149078446	specific	0.00843998148047831	specific	0.000876988474150014	45.1027263069024	46.5526046215072	34.8799348799349	41.8474388549096	0.00843998148047831	A1101	NA	unknown
VVVGAAGVGK	10	specific	0.00870238093767613	specific	0.933015892240736	specific	0.984858724806044	specific	0.000569209286410574	22.4139672229157	0.316783055480852	0.115400115400111	47.9681457988795	0.984858724806044	A1101	0.984858724806044	A0301,A1101
VVVGARGVGK	10	specific	0.00768693007444704	specific	0.821140215463108	specific	0.96343687110477	specific	0.000789361876828802	23.4557727498576	0.719888234506083	0.232300232300231	43.2934148030125	0.96343687110477	A1101	0.96343687110477	A0301,A1101
VVVGASGVGK	10	specific	0.00555042402811523	specific	0.891723941432105	specific	0.982130797704061	specific	0.000650986296488891	26.3788067913278	0.464346545553807	0.132900132900138	46.0457878946377	0.982130797704061	A1101	0.982130797704061	A0301,A1101
RSSGSTFSIK	10	specific	0.000283224520056141	specific	0.562401227818595	specific	0.667899015380277	specific	0.000257590826030688	62.0855904439893	1.81860669847591	1.63870163870163	59.4054446819468	0.667899015380277	A1101	0.667899015380277	A0301,A1101
SIASKNLMWV	10	specific	0.381645964199884	specific	0.0229719502259589	specific	0.0142370159464917	specific	0.00928943632696044	2.94343387827155	20.0990538813227	28.5846285846286	16.7695115548071	0.381645964199884	A0201	0.381645964199884	A0201
STDIIFLTMK	10	specific	0.000789888571201421	specific	0.878378927707672	specific	0.941228277153439	specific	0.00120708013640878	48.3599339126079	0.511385555699928	0.349400349400353	37.5185811134257	0.941228277153439	A1101	0.941228277153439	A0301,A1101
NSYKEWISKK	10	specific	0.00203314146296836	specific	0.894160310427348	specific	0.828079251117177	specific	0.00471869560817342	36.7751493631615	0.455281211692671	0.865200865200866	22.2546058486039	0.894160310427348	A0301	0.894160310427348	A0301,A1101
SAFLPTGAFK	10	specific	0.00123172733727491	specific	0.932751890023549	specific	0.989127939277225	specific	0.00295531418437223	42.7699746718858	0.31738741107159	0.0856000856000905	26.8056811092937	0.989127939277225	A1101	0.989127939277225	A0301,A1101
VENNFPCSLY	10	specific	0.0010255347611778	specific	0.0172961497291302	specific	0.0528362409874616	specific	0.0191836175406934	45.0574831044916	22.8057611203947	15.7100157100157	12.1176573738424	0.0528362409874616	A1101	NA	unknown
PVATGNQYLK	10	specific	0.00198897614338117	specific	0.158706118334602	specific	0.751611519191	specific	0.00177635326983976	37.0234820299655	6.85309022122437	1.21070121070121	32.6047017397465	0.751611519191	A1101	0.751611519191	A0301,A1101
FISDDKDSLK	10	specific	0.0935910888669443	specific	0.479639205440051	specific	0.329726084859835	specific	0.00134949038182669	7.90816841782097	2.32969007638048	4.2926042926043	36.0407590265159	0.479639205440051	A0301	0.479639205440051	A0301,A1101
RLNLFCFSFL	10	specific	0.19034014551176	specific	0.630040591624048	specific	0.0454751232380659	specific	0.0364541888870816	5.14530339202831	1.47321747836658	17.025717025717	8.88325870654287	0.630040591624048	A0301	0.630040591624048	A0201,A0301
TMANQNMNYK	10	specific	0.0169553917180262	specific	0.30216116684282	specific	0.543500739004877	specific	0.0121224649871351	17.3588472678357	3.99519335853497	2.38190238190238	14.9230401775321	0.543500739004877	A1101	0.543500739004877	A0301,A1101
RISGWKGDNK	10	specific	0.00870295642006972	specific	0.922902929782867	specific	0.422759034567409	specific	0.00115926353386221	22.4134622764602	0.351634227880337	3.2975032975033	38.0578491158161	0.922902929782867	A0301	0.922902929782867	A0301,A1101
FCFSFLKSSK	10	specific	0.0142827012431048	specific	0.418173084739182	specific	0.277352084638551	specific	0.00337078262998602	18.5700118359449	2.79736057768336	5.04390504390504	25.4653214696388	0.418173084739182	A0301	0.418173084739182	A0301,A1101
FIDPQTEMFK	10	specific	0.0465672962464547	specific	0.422667100963493	specific	0.306135499498083	specific	0.00748666468307925	11.2140528618345	2.75656657530825	4.6047046047046	18.3736096288212	0.422667100963493	A0301	0.422667100963493	A0301,A1101
KISSFINQRK	10	specific	0.0227643204678316	specific	0.989954210652246	specific	0.919767042663362	specific	0.00286702027436074	15.3825878303865	0.0654718556637679	0.443500443500444	27.1391585564831	0.989954210652246	A0301	0.989954210652246	A0301,A1101
GLSPHDTMQK	10	specific	0.152631963882595	specific	0.403072677883837	specific	0.704548783931467	specific	0.000512423695377922	5.92110312622449	2.92477888139824	1.44550144550144	49.4816436235666	0.704548783931467	A1101	0.704548783931467	A0201,A0301,A1101
QLDYANDIEK	10	specific	0.00522795232032473	specific	0.122221814665116	specific	0.238449982207062	specific	0.00100205689429155	26.9430339606788	8.19304729183223	5.74310574310575	40.0098360226188	0.238449982207062	A1101	0.238449982207062	A0301,A1101
KVKIPVAIKT	10	specific	0.00249380023131936	specific	0.785815680689282	specific	0.0867630137166998	specific	0.00365634242997557	34.4736034190934	0.847205812289165	11.7570117570118	24.666648526461	0.785815680689282	A0301	0.785815680689282	A0301
VKIPVAIKTS	10	specific	0.0065156365787819	specific	0.00682195199194161	specific	0.00260800015803336	specific	0.0213786140387937	24.9041611627503	33.2585946919448	52.3386523386523	11.5183251349682	0.0213786140387937	A2402	NA	unknown
KIPVAIKTSP	10	specific	0.00405507982109599	specific	0.177289675296439	specific	0.0535196905961331	specific	0.0153418389348695	29.3607175895068	6.31350140462312	15.6034156034156	13.4312098207042	0.177289675296439	A0301	0.177289675296439	A0301
NLNLCGKYTK	10	specific	0.00326327203339234	specific	0.131204688085967	specific	0.147357487983795	specific	0.00370916721068776	31.5782404433834	7.8193540848898	8.29170829170829	24.5206198709828	0.147357487983795	A1101	0.147357487983795	A0301,A1101
KLLNKPSLDL	10	specific	0.870039397974809	specific	0.683160182005829	specific	0.0582360709729579	specific	0.0334885371981525	0.652289831186303	1.24769211708785	14.9024149024149	9.27468403289021	0.870039397974809	A0201	0.870039397974809	A0201,A0301
ITNKNKVTIY	10	specific	0.00592130131527837	specific	0.20899669861214	specific	0.0416952325445082	specific	0.0195179632033816	25.7725680768811	5.55231553808296	17.8133178133178	12.0205064946975	0.20899669861214	A0301	0.20899669861214	A0301
KLNIWRTFQK	10	specific	0.0327389934992728	specific	0.95315149890052	specific	0.590078708032767	specific	0.00491818683715084	13.1446651397086	0.238821184275073	2.08920208920209	21.8890807047671	0.95315149890052	A0301	0.95315149890052	A0301,A1101
RTFQKDELLK	10	specific	0.0153297512979609	specific	0.957050426801046	specific	0.982774670918782	specific	0.0015712809723807	18.070316823604	0.222402857393234	0.12840012840013	34.1004624744651	0.982774670918782	A1101	0.982774670918782	A0301,A1101
KVKSKCNDIK	10	specific	0.00117798839045299	specific	0.371925389332076	specific	0.357261467994087	specific	0.000641279280391258	43.3244058800005	3.21819352070372	3.95680395680396	46.2606485526635	0.371925389332076	A0301	0.371925389332076	A0301,A1101
HLSYNSIYHK	10	specific	0.010527254051946	specific	0.761583913697137	specific	0.259327806139158	specific	0.00292864759281694	20.864185561763	0.940679476990669	5.35580535580535	26.9080724922929	0.761583913697137	A0301	0.761583913697137	A0301,A1101
GSYIYIDTIK	10	specific	0.00107532688850572	specific	0.820173156923718	specific	0.868964932362239	specific	0.000992839571033875	44.4622522227743	0.723615093982333	0.67000067000067	40.1292590431445	0.868964932362239	A1101	0.868964932362239	A0301,A1101
HTKIINDKTK	10	specific	0.000154643724792199	specific	0.04186879252601	specific	0.09694273226584	specific	0.000648269674310124	69.9309435227488	15.1216819618994	10.955310955311	46.1057513522012	0.09694273226584	A1101	NA	unknown
FIPSHNSFIK	10	specific	0.0107728817063111	specific	0.159919324527598	specific	0.11646949599704	specific	0.00358654734883935	20.6791731804759	6.81340420409894	9.72020972020972	24.8534926446505	0.159919324527598	A0301	0.159919324527598	A0301,A1101
NVNFLQYHFK	10	specific	0.000620489116133487	specific	0.343991155177355	specific	0.734464727093776	specific	0.0051792767787851	51.5714943587382	3.49871524074001	1.2987012987013	21.4325521959223	0.734464727093776	A1101	0.734464727093776	A0301,A1101
LSVKSKNLNK	10	specific	0.00115959811331739	specific	0.147996269011249	specific	0.39822158233987	specific	0.000483460024128017	43.5217389548012	7.19334241881238	3.52440352440353	50.3598311348412	0.39822158233987	A1101	0.39822158233987	A0301,A1101
STCYGNRFNY	10	specific	0.00176479585493562	specific	0.0116745501160848	specific	0.262215169834801	specific	0.012010179657025	38.3985522175229	26.88536280977	5.30730530730531	14.9791740361252	0.262215169834801	A1101	0.262215169834801	A1101
TLNDEYIVSY	10	specific	0.494860093047222	specific	0.730087165368928	specific	0.267308406780163	specific	0.101147668983322	2.21297833577727	1.05832736532188	5.21500521500522	5.07411785691611	0.730087165368928	A0301	0.730087165368928	A0201,A0301,A1101,A2402
FLDYYKHLSY	10	specific	0.163035234354902	specific	0.10001278248221	specific	0.0110716414619453	specific	0.0678549015480611	5.68670698159167	9.32238643906635	31.5105315105315	6.39160068166862	0.163035234354902	A0201	0.163035234354902	A0201,A0301
NSIYHKSSTY	10	specific	0.000568193931515361	specific	0.010703729116277	specific	0.00748265650535258	specific	0.0037025165531102	52.7381226494742	27.8452809397327	36.4722364722365	24.5366437193065	0.010703729116277	A0301	NA	unknown
RTFKKMMDEY	10	specific	0.00425186377384913	specific	0.404151665253772	specific	0.114761358150281	specific	0.0180346370047321	28.9059628117034	2.91692225871858	9.81930981930982	12.4638329649864	0.404151665253772	A0301	0.404151665253772	A0301,A1101
KMMDEYNTKK	10	specific	0.409758102210859	specific	0.979048181904687	specific	0.932930003272162	specific	0.00574070617947074	2.73761770301877	0.124497251692957	0.386400386400387	20.5484187283514	0.979048181904687	A0301	0.979048181904687	A0201,A0301,A1101
LSSYVSLPLK	10	specific	0.000541106360461501	specific	0.547081239687072	specific	0.883859295977487	specific	0.000670058155852378	53.3828382838284	1.90976366674624	0.600600600600598	45.6420675400168	0.883859295977487	A1101	0.883859295977487	A0301,A1101
FVCSNRDFLK	10	specific	0.018611787799192	specific	0.282544175949362	specific	0.587632873323229	specific	0.00181702314242626	16.7190801087453	4.26987297452742	2.10540210540211	32.3401570740251	0.587632873323229	A1101	0.587632873323229	A0301,A1101
ELDYANDIEK	10	specific	0.00312253399892547	specific	0.0474914890623445	specific	0.142514476897971	specific	0.000739078733939399	32.0441040432073	14.1754625586603	8.49160849160849	44.2225964479462	0.142514476897971	A1101	0.142514476897971	A1101
QLDYENDIEK	10	specific	0.00582909020803426	specific	0.11274164247637	specific	0.193574080973243	specific	0.000798632521473842	25.9219312384115	8.64157986609495	6.78580678580678	43.1375098133474	0.193574080973243	A1101	0.193574080973243	A0301,A1101
NANPNANPNK	10	specific	0.000969841169550515	specific	0.389673114485211	specific	0.52089747194356	specific	0.00119727831484337	45.7515825021915	3.04998121461372	2.52950252950253	37.6282285786847	0.52089747194356	A1101	0.52089747194356	A0301,A1101
SVFNVVNSSI	10	specific	0.48402793550243	specific	0.470189239146809	specific	0.582798939570785	specific	0.0154928098088324	2.27872236428049	2.39334886527202	2.13430213430214	13.3714479209813	0.582798939570785	A1101	0.582798939570785	A0201,A0301,A1101
IEKKICKMEK	10	specific	0.000369807747293294	specific	0.0120762147256553	specific	0.0449430335825633	specific	0.000939240092911102	58.5121853678636	26.5117703287594	17.1283171283171	40.9022333616522	0.0449430335825633	A1101	NA	unknown
GLSFHLQSSK	10	specific	0.00262520620372015	specific	0.61336129506429	specific	0.498734907743831	specific	0.00030950799030178	33.907861410376	1.55359677193534	2.68590268590269	56.7971854463146	0.61336129506429	A0301	0.61336129506429	A0301,A1101
GMLNTSVPNY	10	specific	0.0663256042750921	specific	0.18914768219822	specific	0.220388398091826	specific	0.0115532115120004	9.43845914579218	6.00447424589014	6.12240612240612	15.236160282826	0.220388398091826	A1101	0.220388398091826	A0301,A1101
ILFRTPSVAK	10	specific	0.25549173373729	specific	0.9899410949813	specific	0.879337288273705	specific	0.00374706697090611	4.1558103178739	0.0654718556637679	0.619900619900615	24.4182284879836	0.9899410949813	A0301	0.9899410949813	A0201,A0301,A1101
ITGALVLFMK	10	specific	0.00334970471629074	specific	0.856892795032925	specific	0.957756743166182	specific	0.00162267664028756	31.302034732237	0.594383723495229	0.261200261200256	33.7041997599446	0.957756743166182	A1101	0.957756743166182	A0301,A1101
KEAADPLAFK	10	specific	0.0133017860327123	specific	0.725115215778351	specific	0.804613220029407	specific	0.00152223747929183	19.0885918457207	1.07655875897594	0.96790096790097	34.5049890604482	0.804613220029407	A1101	0.804613220029407	A0301,A1101
KINRALTAAK	10	specific	0.00454411704794337	specific	0.936689735783471	specific	0.807319172223409	specific	0.00133978677857524	28.2632669631712	0.300969084189751	0.959200959200956	36.1384138002622	0.936689735783471	A0301	0.936689735783471	A0301,A1101
KIYTGEKPYK	10	specific	0.244296080701881	specific	0.991970303323534	specific	0.952504138151805	specific	0.00949735972302127	4.30062896130494	0.0521760326674392	0.289200289200287	16.6100793029324	0.991970303323534	A0301	0.991970303323534	A0201,A0301,A1101
KLHVASLSFR	10	specific	0.0091185254256642	specific	0.845623974005381	specific	0.297738429469367	specific	0.00311116873827346	22.025461420071	0.633666836893487	4.72030472030472	26.2782042405754	0.845623974005381	A0301	0.845623974005381	A0301,A1101
KSATRRPVWK	10	specific	0.00188464189972769	specific	0.477488364569015	specific	0.403915681881416	specific	0.00118925960424197	37.6401226413951	2.34500041801262	3.47100347100348	37.7146968922804	0.477488364569015	A0301	0.477488364569015	A0301,A1101
MFYAVRWGRK	10	specific	0.00455441921706855	specific	0.662117207050324	specific	0.395766524841181	specific	0.0106750274183368	28.2456948265206	1.33612948519983	3.55160355160355	15.7729088122096	0.662117207050324	A0301	0.662117207050324	A0301,A1101
RKSNRVKTCK	10	specific	0.000544913981898769	specific	0.0817556675335961	specific	0.0230014481603171	specific	0.000635513944394203	53.2897261574383	10.5161901826463	23.4770234770235	46.3805754677905	0.0817556675335961	A0301	NA	unknown
RLFSALNSHK	10	specific	0.132927266032332	specific	0.997320649358961	specific	0.90374524195989	specific	0.00377754290965792	6.44857019361667	0.0148067119731921	0.511900511900509	24.3412333928937	0.997320649358961	A0301	0.997320649358961	A0201,A0301,A1101
RTGKGQPCNK	10	specific	0.00325971387719619	specific	0.770858444770177	specific	0.896034300327301	specific	0.00187945175462877	31.5891472868217	0.906029756454774	0.547000547000542	31.9299868685067	0.896034300327301	A1101	0.896034300327301	A0301,A1101
RVDFSATWYK	10	specific	0.00110173440118994	specific	0.788448533167442	specific	0.788923757606082	specific	0.000722359950280804	44.1633239211314	0.837636848769074	1.03760103760103	44.5612136200695	0.788923757606082	A1101	0.788923757606082	A0301,A1101
STLFRVVVAK	10	specific	0.00115130374839509	specific	0.939812605910831	specific	0.995524549484253	specific	0.000925695234558235	43.6122253596229	0.289284876102069	0.0376000376000385	41.1065122330492	0.995524549484253	A1101	0.995524549484253	A0301,A1101
SVEAFVCHRK	10	specific	0.0018590816170672	specific	0.508606485856904	specific	0.953013099564446	specific	0.000797110345079627	37.8007966035282	2.13921733936481	0.286800286800282	43.163409995858	0.953013099564446	A1101	0.953013099564446	A0301,A1101
ADVLSPVLVK	10	specific	0.000444561391600157	specific	0.183738232583791	specific	0.80438293185499	specific	0.000368987263587428	56.0003797197345	6.14015207601182	0.968900968900965	54.2689446733806	0.80438293185499	A1101	0.80438293185499	A0301,A1101
ALLPPPPLAK	10	specific	0.750468896494971	specific	0.998712102572123	specific	0.999342885282305	specific	0.0140284647837689	1.08321113629111	0.00443194099878363	0.00120000119999686	13.9842845351723	0.999342885282305	A1101	0.999342885282305	A0201,A0301,A1101
ATRYNYTSEK	10	specific	0.000547961624323613	specific	0.321568712033331	specific	0.643658516390456	specific	0.000131446150962786	53.2177207928871	3.75486128528304	1.76710176710176	68.732936869061	0.643658516390456	A1101	0.643658516390456	A0301,A1101
AVRVLFPGIK	10	specific	0.00155075836321935	specific	0.886710928546058	specific	0.750491874251101	specific	0.000548024632071057	39.9473239857645	0.482376487344294	1.21600121600122	48.5095301585958	0.886710928546058	A0301	0.886710928546058	A0301,A1101
CRLFPYALHK	10	specific	0.00062064199592031	specific	0.183637498236365	specific	0.0611242804812516	specific	0.00883413097754884	51.5678587442588	6.14538982446492	14.4965144965145	17.1326180045572	0.183637498236365	A0301	0.183637498236365	A0301
CVIDAAVLLK	10	specific	0.0395288474589405	specific	0.91394830611017	specific	0.99107366932763	specific	0.00217678770272553	12.0920537586194	0.384773059439381	0.0719000719000773	30.2006205965911	0.99107366932763	A1101	0.99107366932763	A0301,A1101
FIYLFVTETK	10	specific	0.0714724850565997	specific	0.888395587603251	specific	0.579862117270629	specific	0.00745968497429948	9.0890361986015	0.476030753641499	2.15290215290215	18.4030370735414	0.888395587603251	A0301	0.888395587603251	A0301,A1101
RAKLLGAEEK	10	specific	0.000136873986596549	specific	0.147628905656408	specific	0.0705778417471568	specific	0.000245195617701357	71.4294226240249	7.20583243435439	13.3340133340133	60.1031371470092	0.147628905656408	A0301	0.147628905656408	A0301
LAKLLGAEEK	10	specific	0.000208637985594981	specific	0.0514837400517283	specific	0.0651895401674488	specific	0.000315937315954152	66.1161740409047	13.5842013390505	13.967013967014	56.4995852947431	0.0651895401674488	A1101	NA	unknown
YIYNQIIWKI	10	specific	0.957692305246989	specific	0.651575680201252	specific	0.0615373523277716	specific	0.24562039449811	0.30185699108467	1.3827655916188	14.4452144452145	2.7382640427867	0.957692305246989	A0201	0.957692305246989	A0201,A0301,A2402
KLTFSLDHRV	10	specific	0.135631676132066	specific	0.0635854855818454	specific	0.00474997945175093	specific	0.00415857740699721	6.36838469648678	12.1222651650445	42.8867428867429	23.437347256949	0.135631676132066	A0201	0.135631676132066	A0201
LLFAKFSFLI	10	specific	0.748319820811351	specific	0.272190491844796	specific	0.0198355152928141	specific	0.0996208076623993	1.09219918319862	4.41995461289514	25.003325003325	5.12561588517653	0.748319820811351	A0201	0.748319820811351	A0201,A0301
RQLLFSLLAV	10	specific	0.366174464507235	specific	0.133800569489702	specific	0.0430823693150564	specific	0.00764924590451604	3.06219728459994	7.71067080448794	17.5091175091175	18.2006730016296	0.366174464507235	A0201	0.366174464507235	A0201,A0301
SLNVDTAFPL	10	specific	0.111643991471889	specific	0.343066914545165	specific	0.155802057507551	specific	0.00867993114136172	7.13943793400148	3.50717621901041	7.96830796830796	17.2651422847186	0.343066914545165	A0301	0.343066914545165	A0201,A0301,A1101
LGLYDVQLTI	10	specific	0.0295945880835158	specific	0.00878234849292691	specific	0.0495124735114182	specific	0.0247336522794083	13.7462583467649	30.1362922583056	16.2715162715163	10.7520022251986	0.0495124735114182	A1101	NA	unknown
TLAGHVYEYI	10	specific	0.539045082011984	specific	0.0510259141692788	specific	0.0117226617641993	specific	0.122383547239264	1.97908713759993	13.6454427055791	30.8467308467309	4.49564685453873	0.539045082011984	A0201	0.539045082011984	A0201,A2402
KLIASILYQA	10	specific	0.922582815753089	specific	0.52136325960358	specific	0.0310346061046908	specific	0.00440322158481447	0.463540846128674	2.06417652018095	20.5663205663206	22.8915286247406	0.922582815753089	A0201	0.922582815753089	A0201,A0301
FLIHSSTGLI	10	specific	0.526800097545816	specific	0.010988335498991	specific	0.00211996841186293	specific	0.0172605958118867	2.04361929461	27.5641548641056	55.8349558349558	12.7034852373999	0.526800097545816	A0201	0.526800097545816	A0201
FSLLAVMFVI	10	specific	0.0248311358830203	specific	0.00518866469159952	specific	0.0220107611392652	specific	0.0312038893740262	14.8271467293608	36.8210694475082	23.9343239343239	9.60040150321837	0.0312038893740262	A2402	NA	unknown
SLLNPHTLGL	10	specific	0.680099136796263	specific	0.500080688960022	specific	0.219419706266166	specific	0.0406429503889134	1.36113366538613	2.19109119423686	6.14260614260614	8.40707830824442	0.680099136796263	A0201	0.680099136796263	A0201,A0301,A1101
LLAVMFVIGL	10	specific	0.456629186454746	specific	0.276204804082712	specific	0.027126302849946	specific	0.0404784797938191	2.43222608674576	4.36244010584281	21.8561218561219	8.42219514628564	0.456629186454746	A0201	0.456629186454746	A0201,A0301
YALLSNDNAL	10	specific	0.00941969254838821	specific	0.00204248288128939	specific	0.00435285954152707	specific	0.0129409502778344	21.7641011347157	50.5383297424539	44.1829441829442	14.4969469026103	0.0129409502778344	A2402	NA	unknown
LLPMSLHWFI	10	specific	0.0621190402540378	specific	0.00827413968867935	specific	0.00454392829167571	specific	0.129666996012545	9.76647236327059	30.8576913817886	43.5397435397435	4.33692005510591	0.129666996012545	A2402	0.129666996012545	A2402
AIKTSPKANK	10	specific	0.0030595842341932	specific	0.891359090805054	specific	0.551887092573775	specific	0.0008228762358281	32.2562825437991	0.465353804871715	2.33160233160233	42.7311692067994	0.891359090805054	A0301	0.891359090805054	A0301,A1101
IKTSPKANKE	10	specific	0.000504919084228087	specific	0.00340113821496036	specific	0.000628788445517417	specific	0.00412374455619202	54.3264822198254	42.7205872724727	76.3189763189763	23.5167610461255	0.00412374455619202	A2402	NA	unknown
KTSPKANKEI	10	specific	0.0183520578428417	specific	0.0165165556452444	specific	0.0182069651145462	specific	0.00700766673989064	16.8241089714847	23.2579198282019	25.8925258925259	18.8995748137354	0.0183520578428417	A0201	NA	unknown
YITNKNKVTI	10	specific	0.496624264653979	specific	0.00347529158936103	specific	0.0014798548779835	specific	0.0731139058040248	2.20510117107182	42.4044085725826	61.9190619190619	6.13864559177886	0.496624264653979	A0201	0.496624264653979	A0201
YLVVVGAAGV	10	specific	0.775579489601983	specific	0.00797190567791404	specific	0.00106849894680434	specific	0.00665791632665989	0.985655481092784	31.2988709630306	67.5184675184675	19.30833411437	0.775579489601983	A0201	0.775579489601983	A0201
YLVVVGACGV	10	specific	0.777047261264589	specific	0.00763313875389334	specific	0.00117904535140391	specific	0.00700931422583785	0.980101070082529	31.8259697640898	65.8371658371658	18.8969545618082	0.777047261264589	A0201	0.777047261264589	A0201
YLVVVGADGV	10	specific	0.527371874451637	specific	0.00440670333868588	specific	0.000735305466597986	specific	0.00448129425116753	2.04018565871275	39.0351261541933	73.7931737931738	22.7328018253078	0.527371874451637	A0201	0.527371874451637	A0201
YLVVVGASGV	10	specific	0.555558090243075	specific	0.00884373395415928	specific	0.00105876152359537	specific	0.0044571237105932	1.88950963639816	30.0498694088294	67.6759676759677	22.783493622206	0.555558090243075	A0201	0.555558090243075	A0201
YLVVVGAVGV	10	specific	0.899621024396684	specific	0.0163047914704495	specific	0.00208400691104424	specific	0.00916966425716055	0.5495837221421	23.3846330503942	56.1130561130561	16.8634375085032	0.899621024396684	A0201	0.899621024396684	A0201
PVAIKTSPKA	10	specific	0.00240285081869539	specific	0.0191360788959072	specific	0.00866897750054502	specific	0.0016255441845639	34.8907901806092	21.8225753001885	34.5363345363345	33.6849509861721	0.0191360788959072	A0301	NA	unknown
VAIKTSPKAN	10	specific	0.00102181736548133	specific	0.00263957149078446	specific	0.00843998148047831	specific	0.000876988474150014	45.1027263069024	46.5526046215072	34.8799348799349	41.8474388549096	0.00843998148047831	A1101	NA	unknown
SIASKNLMWV	10	specific	0.381645964199884	specific	0.0229719502259589	specific	0.0142370159464917	specific	0.00928943632696044	2.94343387827155	20.0990538813227	28.5846285846286	16.7695115548071	0.381645964199884	A0201	0.381645964199884	A0201
FLLNLLNEHV	10	specific	0.995170680681864	specific	0.0263132024562866	specific	0.00254588880988093	specific	0.0285815071350953	0.0638252319724031	18.9138118419449	52.7436527436527	10.0231690737712	0.995170680681864	A0201	0.995170680681864	A0201
SVLNGNDNTI	10	specific	0.251951957919583	specific	0.013003459828259	specific	0.146791262143395	specific	0.0241594032745828	4.1989327451717	25.7181507121827	8.31250831250832	10.8712236878837	0.251951957919583	A0201	0.251951957919583	A0201,A1101
KAFQLTPIAV	10	specific	0.894244650999705	specific	0.37349303787406	specific	0.141307192606231	specific	0.00506171359865119	0.569579601779024	3.20530060143454	8.53820853820854	21.6394513192465	0.894244650999705	A0201	0.894244650999705	A0201,A0301,A1101
SMIKSAFLPT	10	specific	0.0457191047626919	specific	0.129256399270768	specific	0.0635187367831046	specific	0.00396754600863005	11.3113055491596	7.90426604538912	14.1825141825142	23.8905500614248	0.129256399270768	A0301	0.129256399270768	A0301
YMGNPWTEYM	10	specific	0.196206649582341	specific	0.0166705199701634	specific	0.00407927452364826	specific	0.0942818817281578	5.03451813969646	23.1634389041824	45.1647451647452	5.29431979771655	0.196206649582341	A0201	0.196206649582341	A0201
VLLLSAFEFT	10	specific	0.0578299990239126	specific	0.0561230214125115	specific	0.00335797139768046	specific	0.00652724825750839	10.1160972890435	12.9795435705127	48.2246482246482	19.4725029754976	0.0578299990239126	A0201	NA	unknown
RLNLFCFSFL	10	specific	0.19034014551176	specific	0.630040591624048	specific	0.0454751232380659	specific	0.0364541888870816	5.14530339202831	1.47321747836658	17.025717025717	8.88325870654287	0.630040591624048	A0301	0.630040591624048	A0201,A0301
KLYSINSKSI	10	specific	0.659183397558	specific	0.37210499311073	specific	0.0201834670269616	specific	0.0155127845898581	1.43384595497493	3.21658190579507	24.8313248313248	13.3638895019607	0.659183397558	A0201	0.659183397558	A0201,A0301
SLTHKYNEFV	10	specific	0.711608268817266	specific	0.00229911627650128	specific	0.00247469933253039	specific	0.00598748981209004	1.23984552678034	48.6881958273276	53.2152532152532	20.1971034122735	0.711608268817266	A0201	0.711608268817266	A0201
KLLNKPSLDL	10	specific	0.870039397974809	specific	0.683160182005829	specific	0.0582360709729579	specific	0.0334885371981525	0.652289831186303	1.24769211708785	14.9024149024149	9.27468403289021	0.870039397974809	A0201	0.870039397974809	A0201,A0301
LNTSAGFPYV	10	specific	0.179003944889539	specific	0.00140529702524519	specific	0.00194235426605853	specific	0.0192452726877592	5.36202641071941	56.6435299201344	57.2950572950573	12.1020366411998	0.179003944889539	A0201	0.179003944889539	A0201
YIYIDTIKFI	10	specific	0.411239272438818	specific	0.219248300634273	specific	0.00925196675772087	specific	0.0748309854133468	2.72923559185784	5.3386758367555	33.7067337067337	6.05429363550885	0.411239272438818	A0201	0.411239272438818	A0201,A0301
RQMLYNTFYS	10	specific	0.00481443358641829	specific	0.018372979207844	specific	0.0148270921482536	specific	0.0139522452215563	27.7099466372586	22.2085570708093	28.1216281216281	14.0206657253916	0.018372979207844	A0301	NA	unknown
KMMDEYNTKK	10	specific	0.409758102210859	specific	0.979048181904687	specific	0.932930003272162	specific	0.00574070617947074	2.73761770301877	0.124497251692957	0.386400386400387	20.5484187283514	0.979048181904687	A0301	0.979048181904687	A0201,A0301,A1101
DMSNEYSLFI	10	specific	0.130432576442318	specific	0.00243862551097765	specific	0.00200741740801378	specific	0.0117462154047341	6.51926269738357	47.7762232408971	56.7340567340567	15.1245980180818	0.130432576442318	A0201	0.130432576442318	A0201
YLNTNVNDGL	10	specific	0.515776759882768	specific	0.073486615248516	specific	0.00191629803999705	specific	0.0318865300321098	2.102799019192	11.1775566507822	57.5272575272575	9.49216494284324	0.515776759882768	A0201	0.515776759882768	A0201
ILDMSNEYSL	10	specific	0.0776201326193081	specific	0.00720153343243308	specific	0.00545106779665111	specific	0.0176296726577372	8.71103328203078	32.5563334955021	40.8662408662409	12.591318299134	0.0776201326193081	A0201	NA	unknown
YIFFNNENSI	10	specific	0.173418608994689	specific	0.0272714590167905	specific	0.0034055217858319	specific	0.0721486202958557	5.47523540603755	18.6222102694117	48.001148001148	6.1824844220984	0.173418608994689	A0201	0.173418608994689	A0201
VQYFFLRPYI	10	specific	0.0864802648339213	specific	0.0846697308278332	specific	0.015546211957634	specific	0.138566478142618	8.24688650015553	10.2964061994796	27.6008276008276	4.15632422997346	0.138566478142618	A2402	0.138566478142618	A2402
LSTEWSPCSV	10	specific	0.43120373012498	specific	0.00413721726948653	specific	0.0152082330389021	specific	0.00413826602753539	2.5910822416391	39.9153700721097	27.8422278422278	23.4819923186307	0.43120373012498	A0201	0.43120373012498	A0201
SVFNVVNSSI	10	specific	0.48402793550243	specific	0.470189239146809	specific	0.582798939570785	specific	0.0154928098088324	2.27872236428049	2.39334886527202	2.13430213430214	13.3714479209813	0.582798939570785	A1101	0.582798939570785	A0201,A0301,A1101
SVTCGNGIQV	10	specific	0.169088675619827	specific	0.00822694253230212	specific	0.109320541155628	specific	0.000818288830930037	5.56228817496193	30.921853800339	10.1325101325101	42.8081643018893	0.169088675619827	A0201	0.169088675619827	A0201,A1101
EILDITPCSF	10	specific	0.464526864017049	specific	0.288312232846187	specific	0.136672895969564	specific	0.277286925725639	2.38647793787947	4.18899005129971	8.73550873550873	2.47895988091963	0.464526864017049	A0201	0.464526864017049	A0201,A0301,A1101,A2402
KNIDGYFKIY	10	specific	0.0177421472572152	specific	0.113929491924743	specific	0.0633503850420109	specific	0.293188974570755	17.0526477372339	8.58416608497441	14.2018142018142	2.36699450049432	0.293188974570755	A2402	0.293188974570755	A0301,A2402
EAAGIGILTL	10	specific	0.0714249380941813	specific	0.0296246049209407	specific	0.0378411366387607	specific	0.018804367667326	9.09206587733436	17.9229708509226	18.7075187075187	12.2318398905138	0.0714249380941813	A0201	NA	unknown
EAAGIGILTA	10	specific	0.0200863590735632	specific	0.00440788313299992	specific	0.0127773122217655	specific	0.00152187282501978	16.2151435461784	39.0312985687852	29.8253298253298	34.508213985897	0.0200863590735632	A0201	NA	unknown
EAAGIGILTM	10	specific	0.0286601192671393	specific	0.00671257049859075	specific	0.00727160104541124	specific	0.00550834699267095	13.9364211818979	33.4675002744782	36.8437368437368	20.8834078593449	0.0286601192671393	A0201	NA	unknown
EMAGIGILTV	10	specific	0.769335766964489	specific	0.00794130083167046	specific	0.0111440329043641	specific	0.0113978804747805	1.00948895379134	31.348629573335	31.4358314358314	15.3247449537475	0.769335766964489	A0201	0.769335766964489	A0201
EIAGIGILTV	10	specific	0.590932295885351	specific	0.0236298857709496	specific	0.00876417156250682	specific	0.00558525043387716	1.72227137034389	19.8516709928454	34.3974343974344	20.7729541627237	0.590932295885351	A0201	0.590932295885351	A0201
EVAGIGILTV	10	specific	0.432743253558874	specific	0.0245169724932768	specific	0.0428886357552579	specific	0.00431249875139959	2.5818922161494	19.5330748705924	17.5510175510176	23.0908693290442	0.432743253558874	A0201	0.432743253558874	A0201
ELAGIGILTL	10	specific	0.805932585729493	specific	0.190977443651193	specific	0.0288139513829568	specific	0.0598052284806423	0.877192982456143	5.9544134577903	21.2641212641213	6.85911409282344	0.805932585729493	A0201	0.805932585729493	A0201,A0301
ELAGIGILTA	10	specific	0.560890070928468	specific	0.0257415349401223	specific	0.00837450008540246	specific	0.00431640881684466	1.86426231362427	19.1063998235282	34.986634986635	23.0821015629803	0.560890070928468	A0201	0.560890070928468	A0201
ELAGIGILTI	10	specific	0.715321982238028	specific	0.0550243533358702	specific	0.0132074738469479	specific	0.0618988472444471	1.22742384397558	13.1169337414748	29.4418294418294	6.72709370726344	0.715321982238028	A0201	0.715321982238028	A0201
ELAGIGILTM	10	specific	0.428788058661545	specific	0.0440879367783459	specific	0.00596149623787723	specific	0.0169571457853534	2.60855338899864	14.7413408434588	39.5951395951396	12.8104116718114	0.428788058661545	A0201	0.428788058661545	A0201
EMAGIGILTL	10	specific	0.535318796957533	specific	0.0650817677197564	specific	0.0411515055968064	specific	0.0663730657326394	1.99918400652794	11.9673486819508	17.9354179354179	6.46990590272214	0.535318796957533	A0201	0.535318796957533	A0201
EMAGIGILTA	10	specific	0.266158914648824	specific	0.00771522581542538	specific	0.0131304003324153	specific	0.00597401474324973	4.03098755407977	31.6977456529206	29.5091295091295	20.2162514071257	0.266158914648824	A0201	0.266158914648824	A0201
EMAGIGILTI	10	specific	0.437027246711983	specific	0.0168614367986771	specific	0.0148530651181419	specific	0.0706369505841091	2.55533203259126	23.0549570756442	28.1042281042281	6.24960318300142	0.437027246711983	A0201	0.437027246711983	A0201
EMAGIGILTM	10	specific	0.216931994029114	specific	0.0162781617371365	specific	0.00849873754503076	specific	0.0220306259600774	4.69378027154	23.4016557328668	34.7862347862348	11.3459931812983	0.216931994029114	A0201	0.216931994029114	A0201
KLVVVGARGV	10	specific	0.347967266415556	specific	0.0508333401566941	specific	0.00428290168993549	specific	0.00224012800806324	3.20358229213374	13.6725379812307	44.4265444265444	29.8886090594203	0.347967266415556	A0201	0.347967266415556	A0201
KLVVVGASGV	10	specific	0.423197800997231	specific	0.125379865073288	specific	0.00501609127979745	specific	0.0019239050466543	2.64581843741289	8.06452100286766	42.0781420781421	31.6567752156417	0.423197800997231	A0201	0.423197800997231	A0201,A0301
LLVVVGARGV	10	specific	0.216502177715302	specific	0.00862862112015945	specific	0.00212884031887168	specific	0.0029284058823704	4.70155644695437	30.3481188928609	55.7679557679558	26.9087779447349	0.216502177715302	A0201	0.216502177715302	A0201
HLIDPNTLQV	10	specific	0.972776880529192	specific	0.100940950535652	specific	0.0129820091933147	specific	0.0220288582055622	0.223489301194502	9.26366322083254	29.6383296383296	11.3467994126605	0.972776880529192	A0201	0.972776880529192	A0201,A0301
IPVAIKTSPK	10	specific	0.000519161415322679	specific	0.213631656856483	specific	0.218723958058076	specific	0.00162257724528116	53.9480753460903	5.45249613967866	6.15810615810616	33.7053083280676	0.218723958058076	A1101	0.218723958058076	A0301,A1101
KVKIPVAIKT	10	specific	0.00249380023131936	specific	0.785815680689282	specific	0.0867630137166998	specific	0.00365634242997557	34.4736034190934	0.847205812289165	11.7570117570118	24.666648526461	0.785815680689282	A0301	0.785815680689282	A0301
VKIPVAIKTS	10	specific	0.0065156365787819	specific	0.00682195199194161	specific	0.00260800015803336	specific	0.0213786140387937	24.9041611627503	33.2585946919448	52.3386523386523	11.5183251349682	0.0213786140387937	A2402	NA	unknown
KIPVAIKTSP	10	specific	0.00405507982109599	specific	0.177289675296439	specific	0.0535196905961331	specific	0.0153418389348695	29.3607175895068	6.31350140462312	15.6034156034156	13.4312098207042	0.177289675296439	A0301	0.177289675296439	A0301
HLIDSNTLQV	10	specific	0.959369276629554	specific	0.0310209085136497	specific	0.00297508071863856	specific	0.00658699349146951	0.295090708581258	17.5330607689619	50.2104502104502	19.4028647415877	0.959369276629554	A0201	0.959369276629554	A0201
YLIIENRYAV	10	specific	0.879210004541609	specific	0.00165617705491993	specific	0.000963063995789387	specific	0.0168638507509362	0.622397001022013	53.9292682361781	69.2897692897693	12.8476998723131	0.879210004541609	A0201	0.879210004541609	A0201
YLNEAVFNFV	10	specific	0.929375614060296	specific	0.0617704849560849	specific	0.00495849847175123	specific	0.0317259939043045	0.429002508573995	12.3188821838994	42.2392422392422	9.51957680915798	0.929375614060296	A0201	0.929375614060296	A0201
YLYVYKIVSQ	10	specific	0.86865698562728	specific	0.625089069207509	specific	0.0235892503393329	specific	0.0421980223877149	0.659258092271897	1.49940622063209	23.2248232248232	8.24472346768171	0.86865698562728	A0201	0.86865698562728	A0201,A0301
YMPGVGDFAV	10	specific	0.784770246346791	specific	0.00116837926329683	specific	0.00354371443465627	specific	0.0248900580270048	0.954752758017541	59.738737078122	47.3671473671474	10.7170319398632	0.784770246346791	A0201	0.784770246346791	A0201
SLCKSILLFL	10	specific	0.501611651562982	specific	0.627276328785552	specific	0.12379322657976	specific	0.033216429593449	2.17510735161643	1.48933362745305	9.33500933500934	9.30683250845787	0.627276328785552	A0301	0.627276328785552	A0201,A0301,A1101
SLCLYVVVGV	10	specific	0.47013335828152	specific	0.169938952803043	specific	0.0303824325759504	specific	0.00406843451407642	2.35507026834875	6.51303947549993	20.7652207652208	23.6459596219178	0.47013335828152	A0201	0.47013335828152	A0201,A0301
SLLLLPLSVA	10	specific	0.469107984171973	specific	0.235271630819059	specific	0.0828113004545836	specific	0.00248516883042006	2.36001874361242	5.02612327040984	12.1047121047121	28.7230000675219	0.469107984171973	A0201	0.469107984171973	A0201,A0301
SLSSDFNPLV	10	specific	0.807813313520617	specific	0.0272957584561987	specific	0.0145099694435582	specific	0.00428671076361853	0.868709882004115	18.6120369503008	28.3636283636284	23.1447860513912	0.807813313520617	A0201	0.807813313520617	A0201
SLYELEKEFL	10	specific	0.995334813329909	specific	0.4925594886144	specific	0.122900584477207	specific	0.0508863487565476	0.0622094033148723	2.24266287131356	9.38380938380938	7.47900523143375	0.995334813329909	A0201	0.995334813329909	A0201,A0301,A1101
TLYLRNNQLV	10	specific	0.434375625103712	specific	0.0154294464958689	specific	0.00289496048822002	specific	0.00629817704791801	2.57118735129327	23.9510149648517	50.6494506494507	19.7672813173014	0.434375625103712	A0201	0.434375625103712	A0201
TMMCVSRNEL	10	specific	0.0571406711824238	specific	0.00182569841871959	specific	0.00944293632496233	specific	0.0121892586402383	10.1723483241837	52.3407195659115	33.4576334576335	14.8874652186751	0.0571406711824238	A0201	NA	unknown
VLASLCLYVV	10	specific	0.858105350368553	specific	0.0121178297557991	specific	0.00756844542029285	specific	0.0123291144219466	0.693291483371106	26.4729908450201	36.3198363198363	14.8086561030202	0.858105350368553	A0201	0.858105350368553	A0201
VLFDRLSKLA	10	specific	0.702630306945907	specific	0.247764362772513	specific	0.0120030853339914	specific	0.0101647256912353	1.27216209993092	4.80654073910675	30.5726305726306	16.1194875190346	0.702630306945907	A0201	0.702630306945907	A0201,A0301
VLLKAGWQNL	10	specific	0.35127425113072	specific	0.182761689140979	specific	0.042977540603412	specific	0.244829793295099	3.17661815141123	6.1675495294588	17.5304175304175	2.74451233584374	0.35127425113072	A0201	0.35127425113072	A0201,A0301,A2402
VLLSVLIILL	10	specific	0.900573418206639	specific	0.84783959918552	specific	0.313021849230346	specific	0.367017737796737	0.546554043409242	0.626213117940999	4.51100451100451	1.91318702249688	0.900573418206639	A0201	0.900573418206639	A0201,A0301,A1101,A2402
VLMMHSATSA	10	specific	0.096975342294253	specific	0.00765512314446823	specific	0.00355234997356193	specific	0.00163926129785068	7.74618159490368	31.7925287547354	47.3296473296473	33.5810479193688	0.096975342294253	A0201	NA	unknown
VLVADVLSPV	10	specific	0.756985461463531	specific	0.194857811215075	specific	0.0360135855489514	specific	0.00143677594723941	1.05654996344188	5.86063761529342	19.1661191661192	35.2424891990192	0.756985461463531	A0201	0.756985461463531	A0201,A0301
VSVLSALFSI	10	specific	0.00928115509776591	specific	0.0139555203091706	specific	0.0426437381632342	specific	0.011908933986706	21.8851872947393	24.9724766391383	17.6059176059176	15.032989979552	0.0426437381632342	A1101	NA	unknown
WLVDFFSPWC	10	specific	0.636777468536618	specific	0.00835538163983074	specific	0.000703059147413083	specific	0.0166699550335276	1.52695808136505	30.7398420415938	74.5313745313745	12.9191521267879	0.636777468536618	A0201	0.636777468536618	A0201
WQLDALDFLV	10	specific	0.796351287431187	specific	0.00282241391749065	specific	0.0045035001869236	specific	0.019502076124061	0.911630330719726	45.5179478501561	43.6666436666437	12.0248399882693	0.796351287431187	A0201	0.796351287431187	A0201
YAVQDFLHEI	10	specific	0.230459755442927	specific	0.00555583196139209	specific	0.00398634499287943	specific	0.0236411660292005	4.48735816054065	35.9044634682154	45.5241455241455	10.9788555747371	0.230459755442927	A0201	0.230459755442927	A0201
LMMHSATSAT	10	specific	0.0263421761539929	specific	0.00838822341597228	specific	0.00352818366364716	specific	0.000965937850006703	14.4449022625641	30.6960262612649	47.4361474361474	40.511211150986	0.0263421761539929	A0201	NA	unknown
LQDSGLWFPV	10	specific	0.0972696777640117	specific	0.00714263111504907	specific	0.00775772898364772	specific	0.0083052717443934	7.73224507273249	32.6648153240404	36.000036000036	17.5963018167416	0.0972696777640117	A0201	NA	unknown
MLFARHLREV	10	specific	0.797025331523683	specific	0.0406269136137174	specific	0.00131339431637672	specific	0.00234553167293699	0.909004609151243	15.3561719311075	63.989563989564	29.3672797048387	0.797025331523683	A0201	0.797025331523683	A0201
MLNTSVPNYM	10	specific	0.057027445344526	specific	0.183513882471662	specific	0.00411388363093768	specific	0.0164328818580543	10.18214428542	6.14982176546369	45.039145039145	13.0024962938552	0.183513882471662	A0301	0.183513882471662	A0301
MLPSNYVEAI	10	specific	0.162353489675378	specific	0.0310105773503892	specific	0.00297787834901505	specific	0.0449075777536362	5.70124943950944	17.5352767394613	50.1958501958502	7.99025669398783	0.162353489675378	A0201	0.162353489675378	A0201
NSLLLLPLSV	10	specific	0.038313860742427	specific	0.00838346042506449	specific	0.0132833160991102	specific	0.00634940603166696	12.2614127997867	30.7032785283538	29.3782293782294	19.7008680088403	0.038313860742427	A0201	NA	unknown
QLVMVLVGGL	10	specific	0.0861164560876205	specific	0.110809441443052	specific	0.00910921344337289	specific	0.0077263974027523	8.26597347617258	8.73857893840911	33.9095339095339	18.1251895903438	0.110809441443052	A0301	0.110809441443052	A0301
RLCLYCGYPV	10	specific	0.185998114220436	specific	0.0648516084756314	specific	0.0070158594571189	specific	0.00528801578561545	5.22730669639792	11.9922279871031	37.3446373446373	21.2420800366029	0.185998114220436	A0201	0.185998114220436	A0201
RLLRPIYDYL	10	specific	0.447909075239052	specific	0.817867382367452	specific	0.108696809250654	specific	0.599799543288019	2.48373062520451	0.731068812934821	10.1674101674102	1.05041868602428	0.817867382367452	A0301	0.817867382367452	A0201,A0301,A1101,A2402
RLMGINSTAA	10	specific	0.415125789907244	specific	0.0937201686565661	specific	0.0158640861233127	specific	0.000900468646586382	2.69954474027574	9.68469761571646	27.3763273763274	41.4798981326674	0.415125789907244	A0201	0.415125789907244	A0201
RLPGLILYTL	10	specific	0.952696900897556	specific	0.830884231626988	specific	0.0968759852564997	specific	0.293134119558252	0.322963752923644	0.68654795108346	10.961210961211	2.36719605833488	0.952696900897556	A0201	0.952696900897556	A0201,A0301,A2402
SEQMDVAFQV	10	specific	0.00198975202085623	specific	0.000302115098983001	specific	0.0086229048236823	specific	0.000583479779100394	37.0181295975375	82.1051316840469	34.6053346053346	47.6187452822868	0.0086229048236823	A1101	NA	unknown
KLHVSVEAFV	10	specific	0.343281566931142	specific	0.0631444157411655	specific	0.00164178298732433	specific	0.0024009146578515	3.24145327629458	12.169606352986	60.1531601531601	29.111402026261	0.343281566931142	A0201	0.343281566931142	A0201
KLLSEFFSCL	10	specific	0.793262141611841	specific	0.664917252957821	specific	0.0330741762390567	specific	0.0251362760192226	0.923042120613526	1.32363946965782	19.95441995442	10.6673479321677	0.793262141611841	A0201	0.793262141611841	A0201,A0301
KLLSFHSVFT	10	specific	0.793857373462783	specific	0.478739766776562	specific	0.0179265583663386	specific	0.0039075420674913	0.920113431171754	2.33724452126476	26.0482260482261	24.0265008248755	0.793857373462783	A0201	0.793857373462783	A0201,A0301
KLPYSYNLCV	10	specific	0.158240555824078	specific	0.0218365225790977	specific	0.00303751478912015	specific	0.00303091007103325	5.79173584433107	20.5811281908716	49.8688498688499	26.5416403381737	0.158240555824078	A0201	0.158240555824078	A0201
KMGKTIYKYV	10	specific	0.129879613086167	specific	0.0428372451388795	specific	0.00300331932281147	specific	0.030469654625732	6.53451208033901	14.9547790929227	50.0566500566501	9.71680115613577	0.129879613086167	A0201	0.129879613086167	A0201
LLKAGWQNLV	10	specific	0.326401309834586	specific	0.0240927765571946	specific	0.00339953799568017	specific	0.00750551756702609	3.39536095592423	19.6820485237104	48.029048029048	18.3523452766432	0.326401309834586	A0201	0.326401309834586	A0201
LLLPGNNWKV	10	specific	0.995721244812012	specific	0.104083185778776	specific	0.0489850580643785	specific	0.0859179660018223	0.0572609280511949	9.08850082544901	16.3737163737164	5.58788879247706	0.995721244812012	A0201	0.995721244812012	A0201,A0301
LLQVCWLQSA	10	specific	0.0564229235376438	specific	0.0137568164578018	specific	0.00317340762934464	specific	0.00474430924189922	10.2347597060808	25.1286018334134	49.1567491567492	22.2061311879517	0.0564229235376438	A0201	NA	unknown
LLRMNQSQFI	10	specific	0.0329622165676281	specific	0.00706312248709461	specific	0.000522734764948199	specific	0.00954652250083099	13.1067941555477	32.8036156580475	79.2253792253792	16.5692638402211	0.0329622165676281	A0201	NA	unknown
FQLRTADWHL	10	specific	0.15741585135046	specific	0.00466472896941923	specific	0.00505738371218993	specific	0.0659975749557715	5.80678324870431	38.2512769530003	41.953041953042	6.49419362250837	0.15741585135046	A0201	0.15741585135046	A0201
FVANLFNTYL	10	specific	0.811697158548567	specific	0.306877735381325	specific	0.0796549186382132	specific	0.0497529696374032	0.854571381250735	3.94090208129992	12.4014124014124	7.57272962728932	0.811697158548567	A0201	0.811697158548567	A0201,A0301
FVLASLCLYV	10	specific	0.500024766723315	specific	0.0462465239868228	specific	0.00835996148984527	specific	0.00929378065265559	2.18399440923285	14.3810441854445	35.012335012335	16.7665889661191	0.500024766723315	A0201	0.500024766723315	A0201
FYLGSAYHAA	10	specific	0.0303404524756034	specific	0.00132566253138767	specific	0.00178338325649242	specific	0.138463753834367	13.5936635279195	57.6153337100483	58.7473587473587	4.15864214513979	0.138463753834367	A2402	0.138463753834367	A2402
GLFEDTNLFA	10	specific	0.994679277473026	specific	0.381468914221558	specific	0.182137916340596	specific	0.00755843452122159	0.0682687607806098	3.13146849343217	7.1074071074071	18.2960098602096	0.994679277473026	A0201	0.994679277473026	A0201,A0301,A1101
GQEGKYDLLV	10	specific	0.0839384111226536	specific	0.000642094865038227	specific	0.00271029320836836	specific	0.000766975222952877	8.3730221247339	69.8909037432778	51.7219517219517	43.6973367154739	0.0839384111226536	A0201	NA	unknown
ILPFFYLGSA	10	specific	0.110168625523026	specific	0.0632197533889363	specific	0.00285943166930917	specific	0.00268948112258032	7.19528501197733	12.1619511821699	50.8495508495509	27.8461226822108	0.110168625523026	A0201	0.110168625523026	A0201
IMGQQPAPQV	10	specific	0.51518958757321	specific	0.0102775021454767	specific	0.00644488331462425	specific	0.00293562372063308	2.10562671934268	28.310332566809	38.5063385063385	26.8793505000146	0.51518958757321	A0201	0.51518958757321	A0201
ALDHMFMYFL	10	specific	0.842321211761898	specific	0.103435633367755	specific	0.0167447113111848	specific	0.0797080205649965	0.746714818360661	9.12375490157565	26.7823267823268	5.84537893377918	0.842321211761898	A0201	0.842321211761898	A0201,A0301
ALFELRNISV	10	specific	0.999373805522919	specific	0.317166327529897	specific	0.0912148652059841	specific	0.0217899124474368	0.00727122895888277	3.81146925894925	11.4019114019114	11.4135150578824	0.999373805522919	A0201	0.999373805522919	A0201,A0301
ALGVYGGPYV	10	specific	0.890050358242459	specific	0.146335516331924	specific	0.0271360750061124	specific	0.00868682920764614	0.584425027570079	7.25357652602305	21.8524218524219	17.2589947705818	0.890050358242459	A0201	0.890050358242459	A0201,A0301
ALKEIIPQCI	10	specific	0.894498729705811	specific	0.172343731293869	specific	0.0264902936845222	specific	0.0122027320507995	0.567660805248216	6.44736616797258	22.0805220805221	14.8799067996545	0.894498729705811	A0201	0.894498729705811	A0201,A0301
ALVNQQFLCV	10	specific	0.899026205142339	specific	0.0236492540496531	specific	0.028587317475467	specific	0.00702044953364344	0.551906475837305	19.8463325184605	21.3410213410213	18.8852642070563	0.899026205142339	A0201	0.899026205142339	A0201
AVYCACFVEL	10	specific	0.168132585649275	specific	0.335207476490177	specific	0.622961040710409	specific	0.00289337354889641	5.58016327948584	3.59390124628195	1.88560188560188	27.0406975513746	0.622961040710409	A1101	0.622961040710409	A0201,A0301,A1101
FHLAELCIEV	10	specific	0.170877847052826	specific	0.000472976347567864	specific	0.000477277036198605	specific	0.00919210701536536	5.52502312654766	75.0944053795706	80.5958805958806	16.8463050920565	0.170877847052826	A0201	0.170877847052826	A0201
FIAEQILATL	10	specific	0.980922751956516	specific	0.424121729201741	specific	0.0547405797735943	specific	0.0510383672768108	0.177539173746011	2.74588962653847	15.4049154049154	7.46469462475473	0.980922751956516	A0201	0.980922751956516	A0201,A0301
ALSDGPIDAV	10	specific	0.993937893708547	specific	0.167860698813779	specific	0.105849385603021	specific	0.00328377315528693	0.0758429576127706	6.57649681252789	10.3426103426103	25.7282536726358	0.993937893708547	A0201	0.993937893708547	A0201,A0301,A1101
FLDEGFSGLV	10	specific	0.975211807092031	specific	0.0129741919828424	specific	0.000625467648892987	specific	0.00223175612382976	0.211572564845219	25.7443394544482	76.4102764102764	29.9242847971975	0.975211807092031	A0201	0.975211807092031	A0201
FLFQEECWHL	10	specific	0.976728087001377	specific	0.0721297892483158	specific	0.0119039099880158	specific	0.0346705844483545	0.202685507228817	11.2961110724995	30.6631306631307	9.11071672960311	0.976728087001377	A0201	0.976728087001377	A0201
FLGSLLILVV	10	specific	0.961030220985413	specific	0.0736267701619201	specific	0.0038372250279887	specific	0.0142148835824224	0.285193758053892	11.1656709908309	46.0990460990461	13.9015450416267	0.961030220985413	A0201	0.961030220985413	A0201
FLLDETEVSV	10	specific	0.999399292469025	specific	0.0214836720499281	specific	0.0112519062039003	specific	0.0128872198294428	0.00727122895888277	20.7383613703965	31.3208313208313	14.5220408537587	0.999399292469025	A0201	0.999399292469025	A0201
FLNCDIMLGV	10	specific	0.855270482434167	specific	0.0844333186797384	specific	0.00364413202112372	specific	0.00327600196861668	0.70268348744299	10.3166521117695	46.9230469230469	25.7528437291828	0.855270482434167	A0201	0.855270482434167	A0201
NHSSPCLEQF	10	specific	0.0010179483294299	specific	0.00175227880873889	specific	0.00326267582076664	specific	0.204983618639461	45.1460507127824	53.0232384797234	48.7057487057487	3.15438020460136	0.204983618639461	A2402	0.204983618639461	A2402
TNLFLFLFAV	10	specific	0.145831033178709	specific	0.00459487770771779	specific	0.0061470290199193	specific	0.0199155939546876	6.09551163194655	38.4516208313314	39.1664391664392	11.9100527980763	0.145831033178709	A0201	0.145831033178709	A0201
FRLLCALTSL	10	specific	0.0526174979185776	specific	0.0250420681233259	specific	0.00168428239305503	specific	0.0446397848036011	10.5809509959564	19.3451202818715	59.7145597145597	8.0179708970634	0.0526174979185776	A0201	NA	unknown
SASIPLTVVA	10	specific	0.00165574320696464	specific	0.00802409489765018	specific	0.0497355098987302	specific	0.00136703568709006	39.1425403250239	31.2244344994374	16.2308162308162	35.8796135329965	0.0497355098987302	A1101	NA	unknown
YENKSLTHYL	10	specific	0.0100621313618224	specific	0.00255488646371305	specific	0.00100754812264212	specific	0.026596110285027	21.2185569842174	47.0515001616651	68.5193685193685	10.3795233358629	0.026596110285027	A2402	NA	unknown
NEIDKLTFSL	10	specific	0.0670211291425706	specific	0.00889455670718841	specific	0.0179445184421638	specific	0.0547233272020498	9.39129714685055	29.9779510935311	26.038626038626	7.1964211389832	0.0670211291425706	A0201	NA	unknown
EENYRCTQDI	10	specific	0.000337343465183832	specific	0.00024889351266416	specific	0.000298534351854703	specific	0.00110686499825129	59.7625337809179	84.8266456350921	86.955886955887	38.6732052030141	0.00110686499825129	A2402	NA	unknown
KEKFYKNNLY	10	specific	0.000755620052030142	specific	0.0484958995508754	specific	0.00962035424179501	specific	0.00938281239325281	48.9461767474177	14.0229634979296	33.2322332322332	16.6930203543185	0.0484958995508754	A0301	NA	unknown
NEEIIDLLNL	10	specific	0.0033290782654755	specific	0.00383253354197627	specific	0.00724077473544942	specific	0.0041294247131494	31.3672738142847	40.9869932604279	36.9022369022369	23.5017449870046	0.00724077473544942	A1101	NA	unknown
KEEKEINDEY	10	specific	0.000678503117597352	specific	0.00258724583629386	specific	0.00435180840281141	specific	0.00285333283926169	50.3882028349714	46.8616317802402	44.1861441861442	27.1941838469531	0.00435180840281141	A1101	NA	unknown
FEWHTLSKEY	10	specific	0.00164764061681682	specific	0.00391160501316234	specific	0.00139773876683951	specific	0.00264679006612722	39.2055576426676	40.6901539394416	62.9091629091629	28.0238966975756	0.00391160501316234	A0301	NA	unknown
EEERLSHTDI	10	specific	0.000473590262078874	specific	6.58103463256873e-05	specific	0.000129378997716461	specific	0.00114907461577584	55.1687329075625	96.9951440028284	94.9488949488949	38.1763651260593	0.00114907461577584	A2402	NA	unknown
KDELDYENDI	10	specific	0.000511193772508831	specific	0.000296193142165219	specific	0.00075233485227323	specific	0.00234770926738387	54.1457113887643	82.3946180120126	73.4097734097734	29.3576049284923	0.00234770926738387	A2402	NA	unknown
GEEKRASHTT	10	specific	0.000285176937609795	specific	0.000144526301524353	specific	0.000278950043072513	specific	0.000134202218281448	61.9951040391677	91.2613203356591	87.7613877613878	68.4561979539864	0.000285176937609795	A0201	NA	unknown
DEMLDPEASF	10	specific	0.004582206936963	specific	0.0014280496925036	specific	0.0124834039473891	specific	0.0215678172030797	28.1852022411544	56.3717713561639	30.1097301097301	11.4708582635187	0.0215678172030797	A2402	NA	unknown
VENNFPCSLY	10	specific	0.0010255347611778	specific	0.0172961497291302	specific	0.0528362409874616	specific	0.0191836175406934	45.0574831044916	22.8057611203947	15.7100157100157	12.1176573738424	0.0528362409874616	A1101	NA	unknown
RLNLFCFSFL	10	specific	0.19034014551176	specific	0.630040591624048	specific	0.0454751232380659	specific	0.0364541888870816	5.14530339202831	1.47321747836658	17.025717025717	8.88325870654287	0.630040591624048	A0301	0.630040591624048	A0201,A0301
TEMFKLRLNL	10	specific	0.00231304548596098	specific	0.00238398691160203	specific	0.00872006349220303	specific	0.0196780173190443	35.3149452032107	48.1272531131867	34.4594344594345	11.9792879163051	0.0196780173190443	A2402	NA	unknown
EENLFEWSKT	10	specific	0.000357528673409983	specific	0.00192882178512264	specific	0.00205888466570185	specific	0.000499509545088333	58.983906346571	51.4523168475201	56.3192563192563	49.8666190990163	0.00205888466570185	A1101	NA	unknown
SKHPFLKSGF	10	specific	0.0116826048363641	specific	0.044959629231865	specific	0.00771550884898412	specific	0.105619034306922	20.0476871432553	14.5839062120704	36.0699360699361	4.94320603947913	0.105619034306922	A2402	0.105619034306922	A2402
DDTFEVYSEY	10	specific	0.000143733109959143	specific	0.000431408629148046	specific	0.00253927918999529	specific	0.00168514904440195	70.8344947101809	76.5910920000443	52.7847527847528	33.2393066007169	0.00253927918999529	A1101	NA	unknown
HPFLKSGFTF	10	specific	0.00770889868631962	specific	0.0413631156597856	specific	0.00313102946494281	specific	0.392118065638675	23.4327471914878	15.2169686933731	49.3767493767494	1.78277909966128	0.392118065638675	A2402	0.392118065638675	A2402
IEQYLKKIQY	10	specific	0.000565955355274481	specific	0.00483271262362703	specific	0.0120453678048863	specific	0.016306449408229	52.788617295022	37.7824984664477	30.5304305304305	13.0462343452545	0.016306449408229	A2402	NA	unknown
NEEPSDKHIK	10	specific	0.000226012126540019	specific	0.00116687066626153	specific	0.0433015066995318	specific	0.000396988485052753	65.0489192126067	59.7615011387067	17.4648174648175	53.2229602598484	0.0433015066995318	A1101	NA	unknown
KEYLNKIQNS	10	specific	0.00183495752279062	specific	0.0804816413247156	specific	0.00304488541571288	specific	0.00262979440836375	37.9472310756167	10.6135921586877	49.8277498277498	28.0982715407384	0.0804816413247156	A0301	NA	unknown
KEMKHIFNRI	10	specific	0.0355930755713618	specific	0.0428794850860464	specific	0.0128599178980544	specific	0.056977522392602	12.6739540539121	14.9463181146523	29.7500297500297	7.04484964288989	0.056977522392602	A2402	NA	unknown
KEIDNDKENI	10	specific	0.281776493112557	specific	0.0129553637960827	specific	0.00639420840644662	specific	0.0712738190570639	3.85122661592965	25.7633766555566	38.6158386158386	6.22158664316502	0.281776493112557	A0201	0.281776493112557	A0201
NDVPIKMEYF	10	specific	0.0139915103932051	specific	0.00696098220924897	specific	0.00496244077291976	specific	0.237255164923974	18.7278580979273	32.9933833135407	42.2286422286422	2.81495680111582	0.237255164923974	A2402	0.237255164923974	A2402
LEFVCSNRDF	10	specific	0.00168979480026287	specific	0.0034560528990874	specific	0.00474911065905101	specific	0.0395310719675359	38.9002670156856	42.488313273764	42.8893428893429	8.52206705627797	0.0395310719675359	A2402	NA	unknown
KEYNNSEITI	10	specific	0.138923367075363	specific	0.0410134436426334	specific	0.0131919373542991	specific	0.0329384507735894	6.27648444158981	15.2831456305594	29.4550294550295	9.34764797116917	0.138923367075363	A0201	0.138923367075363	A0201
VQYFFLRPYI	10	specific	0.0864802648339213	specific	0.0846697308278332	specific	0.015546211957634	specific	0.138566478142618	8.24688650015553	10.2964061994796	27.6008276008276	4.15632422997346	0.138566478142618	A2402	0.138566478142618	A2402
EILDITPCSF	10	specific	0.464526864017049	specific	0.288312232846187	specific	0.136672895969564	specific	0.277286925725639	2.38647793787947	4.18899005129971	8.73550873550873	2.47895988091963	0.464526864017049	A0201	0.464526864017049	A0201,A0301,A1101,A2402
EEQCLQWDLY	10	specific	0.000145219815446198	specific	0.000408697483863326	specific	0.0115590309272774	specific	0.00369417168828174	70.7161352610169	77.4492769388986	31.014231014231	24.5598228709697	0.0115590309272774	A1101	NA	unknown
EESSNNLTKF	10	specific	0.00162964507441327	specific	0.0137582961496567	specific	0.00615580573847991	specific	0.0371110440619911	39.3405803248624	25.1274938481637	39.1449391449392	8.80807763201786	0.0371110440619911	A2402	NA	unknown
EEVKEVFQAL	10	specific	0.00562007439580662	specific	0.00192415031637062	specific	0.00611906325299161	specific	0.00372030752687667	26.2578216205954	51.4930101239634	39.2281392281392	24.4913939841031	0.00611906325299161	A1101	NA	unknown
GEIFAQRVSW	10	specific	0.000828659098509535	specific	0.0022602580307244	specific	0.00977119117456924	specific	0.0326887772268189	47.7357191043462	48.9541122872542	33.0474330474331	9.3807034570193	0.0326887772268189	A2402	NA	unknown
GENGQNLVKW	10	specific	0.00397346806758934	specific	0.0790858868942855	specific	0.0421043072832819	specific	0.0383351502904487	29.5703713578212	10.7254986689068	17.7183177183177	8.66335910250324	0.0790858868942855	A0301	NA	unknown
GEQPFISGTF	10	specific	0.00277156696016997	specific	0.0054344915359454	specific	0.0143233290366576	specific	0.0159429935495912	33.3310105796381	36.1961657666805	28.5168285168285	13.1858131498351	0.0159429935495912	A2402	NA	unknown
HEACNCGNTV	10	specific	0.00320491133150098	specific	0.000290095034903162	specific	0.000452694274293148	specific	0.000570258661645084	31.7670904177321	82.6978030667017	81.3643813643814	47.9399277012026	0.00320491133150098	A0201	NA	unknown
IENRYAVQDF	10	specific	0.00172024778095066	specific	0.00482997154201965	specific	0.00145951381421507	specific	0.0500177985949752	38.6914211617	37.789549281673	62.1646621646622	7.54914735994502	0.0500177985949752	A2402	NA	unknown
KEEVKEVFQA	10	specific	0.00226068463873364	specific	0.00125104895839993	specific	0.00164461190563985	specific	0.000529412808605735	35.5822638567406	58.5935839595968	60.1244601244601	49.0198746108674	0.00226068463873364	A0201	NA	unknown
MENIEVYNEF	10	specific	0.000547114228948134	specific	0.00249081536296419	specific	0.00398872398557918	specific	0.0857476737777082	53.2375146939419	47.4547060666221	45.5151455151455	5.59323007525162	0.0857476737777082	A2402	NA	unknown
QEAWTAAAMY	10	specific	0.000182388747256507	specific	0.00526823128449097	specific	0.00467292160156679	specific	0.00215949488675607	67.8693481343238	36.6141783836107	43.1170431170431	30.293740318925	0.00526823128449097	A0301	NA	unknown
REEQCLQWDL	10	specific	0.00367538576915649	specific	0.00223345208664291	specific	0.00620389563708399	specific	0.00357618732356413	30.3519274816099	49.1333037199094	39.036539036539	24.8812068477261	0.00620389563708399	A1101	NA	unknown
REMLKRQERF	10	specific	0.00226333921824941	specific	0.017554598478374	specific	0.0267698679642005	specific	0.062714984348794	35.5706500882646	22.6643419121609	21.984021984022	6.67892138337208	0.062714984348794	A2402	NA	unknown
SEVAVSVLSA	10	specific	0.00415960698399734	specific	0.00319369014086988	specific	0.0236086919520555	specific	0.000331750725616884	29.1099611797165	43.6598565864183	23.2168232168232	55.7819386034662	0.0236086919520555	A1101	NA	unknown
VEHINISQDW	10	specific	0.00012766749726162	specific	0.00325884498256781	specific	0.000467671980548643	specific	0.0255244560882905	72.2669268150805	43.3558657242748	80.8938808938809	10.587127911629	0.0255244560882905	A2402	NA	unknown
ADTSEARPFW	10	specific	0.00136976913967778	specific	0.000952303646737265	specific	0.00643959303911162	specific	0.0113607302706643	41.4495396908112	63.2140839026867	38.5143385143385	15.3443968432011	0.0113607302706643	A2402	NA	unknown
AEQQGACPGL	10	specific	0.005930493770413	specific	0.00270191072311263	specific	0.033004807111542	specific	0.00102782038112916	25.7589345225832	46.1957326451738	19.97301997302	39.6718235240171	0.033004807111542	A1101	NA	unknown
EDNKHAPSSW	10	specific	0.00103513665677484	specific	0.00248784472807731	specific	0.000732457514778259	specific	0.00790193773759206	44.9375078266701	47.4738439936623	73.8621738621739	17.9566872356443	0.00790193773759206	A2402	NA	unknown
EEFLDPSRPY	10	specific	0.000382143511128814	specific	0.0115754993025929	specific	0.0334050363185169	specific	0.00301739074077684	58.0819709877965	26.9803473634484	19.8620198620199	26.5907196723476	0.0334050363185169	A1101	NA	unknown
RAKLLGAEEK	10	specific	0.000136873986596549	specific	0.147628905656408	specific	0.0705778417471568	specific	0.000245195617701357	71.4294226240249	7.20583243435439	13.3340133340133	60.1031371470092	0.147628905656408	A0301	0.147628905656408	A0301
LAKLLGAEEK	10	specific	0.000208637985594981	specific	0.0514837400517283	specific	0.0651895401674488	specific	0.000315937315954152	66.1161740409047	13.5842013390505	13.967013967014	56.4995852947431	0.0651895401674488	A1101	NA	unknown
RAKLLGAEEK	10	specific	0.000136873986596549	specific	0.147628905656408	specific	0.0705778417471568	specific	0.000245195617701357	71.4294226240249	7.20583243435439	13.3340133340133	60.1031371470092	0.147628905656408	A0301	0.147628905656408	A0301
LAKLLGAEEK	10	specific	0.000208637985594981	specific	0.0514837400517283	specific	0.0651895401674488	specific	0.000315937315954152	66.1161740409047	13.5842013390505	13.967013967014	56.4995852947431	0.0651895401674488	A1101	NA	unknown
ALREHFQPQL	10	specific	0.84674724969599	specific	0.218743379289905	specific	0.0170247677220889	specific	0.00913269876695671	0.732374339025088	5.348043348412	26.5969265969266	16.8949813105492	0.84674724969599	A0201	0.84674724969599	A0201,A0301
EPQRARSLTV	10	specific	0.0042239945964828	specific	0.000140698757746765	specific	0.000148445523319714	specific	0.000798379079542934	28.9642336326656	91.5319709143799	93.960393960394	43.1424479804408	0.0042239945964828	A0201	NA	unknown
FNSVRKRMSV	10	specific	0.0547048788491843	specific	0.000217518679459437	specific	0.000184256210409889	specific	0.00418765461306773	10.3911921179878	86.6008321976484	92.1376921376921	23.3783915885882	0.0547048788491843	A0201	NA	unknown
KPRPKLHHSL	10	specific	0.0154733393351004	specific	0.0132803423389659	specific	0.00117999664441781	specific	0.0589708141495875	18.0025530092789	25.4972587437663	65.8227658227658	6.91051134216358	0.0589708141495875	A2402	NA	unknown
MARAIRVRTF	10	specific	0.00327644020411147	specific	0.00654179129022749	specific	0.00336721701835738	specific	0.00789861882298687	31.5362288982876	33.7936508416155	48.1839481839482	17.959509045412	0.00789861882298687	A2402	NA	unknown
SKLKNKQQQL	10	specific	0.0780326501388724	specific	0.00755334434116119	specific	0.00245440912401141	specific	0.0449596773787764	8.68709882004113	31.9613454164161	53.3453533453534	7.98672943177822	0.0780326501388724	A0201	NA	unknown
VALVNKRNAL	10	specific	0.010138894397379	specific	0.00913897206596125	specific	0.0137691036336845	specific	0.0274732815563362	21.1551357094094	29.6585491638237	28.963528963529	10.2142459066122	0.0274732815563362	A2402	NA	unknown
NHSSPCLEQF	10	specific	0.0010179483294299	specific	0.00175227880873889	specific	0.00326267582076664	specific	0.204983618639461	45.1460507127824	53.0232384797234	48.7057487057487	3.15438020460136	0.204983618639461	A2402	0.204983618639461	A2402
TNLFLFLFAV	10	specific	0.145831033178709	specific	0.00459487770771779	specific	0.0061470290199193	specific	0.0199155939546876	6.09551163194655	38.4516208313314	39.1664391664392	11.9100527980763	0.145831033178709	A0201	0.145831033178709	A0201
FRLLCALTSL	10	specific	0.0526174979185776	specific	0.0250420681233259	specific	0.00168428239305503	specific	0.0446397848036011	10.5809509959564	19.3451202818715	59.7145597145597	8.0179708970634	0.0526174979185776	A0201	NA	unknown
SASIPLTVVA	10	specific	0.00165574320696464	specific	0.00802409489765018	specific	0.0497355098987302	specific	0.00136703568709006	39.1425403250239	31.2244344994374	16.2308162308162	35.8796135329965	0.0497355098987302	A1101	NA	unknown
KAFQLTPIAV	10	specific	0.894244650999705	specific	0.37349303787406	specific	0.141307192606231	specific	0.00506171359865119	0.569579601779024	3.20530060143454	8.53820853820854	21.6394513192465	0.894244650999705	A0201	0.894244650999705	A0201,A0301,A1101
EILDITPCSF	10	specific	0.464526864017049	specific	0.288312232846187	specific	0.136672895969564	specific	0.277286925725639	2.38647793787947	4.18899005129971	8.73550873550873	2.47895988091963	0.464526864017049	A0201	0.464526864017049	A0201,A0301,A1101,A2402
AYVSCYRVSF	10	specific	0.0132085559383389	specific	0.0039521464940852	specific	0.0252322520072186	specific	0.935377720991771	19.1395914377239	40.5482311015489	22.5544225544226	0.300724298100019	0.935377720991771	A2402	0.935377720991771	A2402
AYLNKYVYTI	10	specific	0.246523922925634	specific	0.00522327556543319	specific	0.009921311427676	specific	0.944104352924559	4.27083712043175	36.7315240941465	32.8658328658329	0.278552935639553	0.944104352924559	A2402	0.944104352924559	A0201,A2402
YYRSSRGECI	10	specific	0.0129204002588974	specific	0.00030384109344368	specific	7.90273623034928e-05	specific	0.12567664205821	19.2945090102645	82.0172986715257	97.6427976427976	4.41955876973126	0.12567664205821	A2402	0.12567664205821	A2402
PYISKYGNKL	10	specific	0.01523907740138	specific	0.011209201563098	specific	0.0026436428870991	specific	0.919780749744839	18.1110155079155	27.3372193397818	52.1248521248521	0.339927298086917	0.919780749744839	A2402	0.919780749744839	A2402
IWYKYTESDF	10	specific	0.0449698961189117	specific	0.0145002455451403	specific	0.00358258375363221	specific	0.930889920393626	11.3908851105429	24.5771273568609	47.1900471900472	0.31261621069244	0.930889920393626	A2402	0.930889920393626	A2402
GYSTKAENKI	10	specific	0.00486985966420011	specific	0.00157533902780358	specific	0.00152234499461075	specific	0.411360999900434	27.5982524813069	54.7449468318169	61.4431614431614	1.69288430277615	0.411360999900434	A2402	0.411360999900434	A2402
SYFTYDSEEY	10	specific	0.0109421907568705	specific	0.00927126343188623	specific	0.0110408625083235	specific	0.796816861298349	20.5618236242229	29.50363268073	31.5418315418315	0.60386729028663	0.796816861298349	A2402	0.796816861298349	A2402
QYLKDGGFAF	10	specific	0.0677955917373462	specific	0.00954422243820672	specific	0.0132366088197563	specific	0.995544154114194	9.33413720809045	29.1653950017778	29.4170294170294	0.0523042596226264	0.995544154114194	A2402	0.995544154114194	A2402
EYPLHQEHTY	10	specific	0.000521442832556494	specific	0.000246680223429172	specific	0.00116477019076405	specific	0.810015281703737	53.8855629749021	84.9469123976499	66.0609660609661	0.576556202892153	0.810015281703737	A2402	0.810015281703737	A2402
GYNWGNYNTE	10	specific	0.000719130760931661	specific	0.00064531556570431	specific	0.00275462152554837	specific	0.218294693344635	49.6086664970047	69.8089128348004	51.4628514628515	3.00230481390669	0.218294693344635	A2402	0.218294693344635	A2402
TEMFKLRLNL	10	specific	0.00231304548596098	specific	0.00238398691160203	specific	0.00872006349220303	specific	0.0196780173190443	35.3149452032107	48.1272531131867	34.4594344594345	11.9792879163051	0.0196780173190443	A2402	NA	unknown
EWLKTCKYYC	10	specific	0.0262369519829077	specific	0.000226595625157699	specific	0.000267252664100839	specific	0.46323678743922	14.4715634354133	86.0855183306087	88.2709882709883	1.48800075785748	0.46323678743922	A2402	0.46323678743922	A2402
EWSPCSVTCG	10	specific	0.00129391882164443	specific	0.000269832224613411	specific	0.000384263420874712	specific	0.0219069766224695	42.168987400576	83.7225886967374	83.6739836739837	11.3835837185608	0.0219069766224695	A2402	NA	unknown
TYSIYTNFKN	10	specific	0.00106333786097568	specific	0.00384604229750241	specific	0.00721278789593877	specific	0.270524772991323	44.6023243695239	40.9343135981015	36.959136959137	2.53045790918005	0.270524772991323	A2402	0.270524772991323	A2402
SHPKYRNFKF	10	specific	0.0127956020095452	specific	0.00722692296063138	specific	0.0146948222237907	specific	0.724153691944149	19.3727757108636	32.5139278782183	28.2234282234282	0.763299542161366	0.724153691944149	A2402	0.724153691944149	A2402
HPFLKSGFTF	10	specific	0.00770889868631962	specific	0.0413631156597856	specific	0.00313102946494281	specific	0.392118065638675	23.4327471914878	15.2169686933731	49.3767493767494	1.78277909966128	0.392118065638675	A2402	0.392118065638675	A2402
YGKGGFQFVF	10	specific	0.0191585561415801	specific	0.0100971457072774	specific	0.00858162921009453	specific	0.109128224673138	16.5248777019685	28.499697318575	34.6621346621347	4.85008631714522	0.109128224673138	A2402	0.109128224673138	A2402
HYNTYKNRVF	10	specific	0.00600225239783564	specific	0.00570141711911876	specific	0.00124372728219488	specific	0.947037124633789	25.6532997240973	35.5735787822839	64.9175649175649	0.27099451661895	0.947037124633789	A2402	0.947037124633789	A2402
EYLNKIQNSL	10	specific	0.0321084764791522	specific	0.00342545507404187	specific	0.00261554425759035	specific	0.9345777048005	13.2626206317082	42.6172424664557	52.2956522956523	0.303344550027163	0.9345777048005	A2402	0.9345777048005	A2402
CKMEKCSSVF	10	specific	0.00443527817982512	specific	0.000997757416648268	specific	0.00098519011837968	specific	0.0378796492224663	28.5026115830677	62.4162337969748	68.8960688960689	8.71798127729219	0.0378796492224663	A2402	NA	unknown
DFVIIPHYTF	10	specific	0.0326253402194501	specific	0.00143543368074132	specific	0.00673929349658364	specific	0.76958434060216	13.1640550835989	56.2813194694161	37.8970378970379	0.664737758132605	0.76958434060216	A2402	0.76958434060216	A2402
SYRYDISEEI	10	specific	0.00220116776165816	specific	0.000924432055805684	specific	0.000601951746114082	specific	0.161497953047769	35.8716991650205	63.7282897844767	77.022177022177	3.7394018367966	0.161497953047769	A2402	0.161497953047769	A2402
IWRTFQKDEL	10	specific	0.0158212181158686	specific	0.00140243919981155	specific	0.000575659928347723	specific	0.427552676118083	17.851574019091	56.6767694776252	77.7089777089777	1.6235484056271	0.427552676118083	A2402	0.427552676118083	A2402
DMKNYGTNLF	10	specific	0.0275089472865754	specific	0.0150004334327807	specific	0.00801599300482015	specific	0.108940574974339	14.1790984484005	24.2387889519769	35.5519355519356	4.8561330523617	0.108940574974339	A2402	0.108940574974339	A2402
NYKLGVQYFF	10	specific	0.00207930764819998	specific	0.00226155839212525	specific	0.00371186724216083	specific	0.929747421211667	36.5292404393438	48.9426295310301	46.6269466269466	0.316848925343982	0.929747421211667	A2402	0.929747421211667	A2402
PFHKKFISFF	10	specific	0.0180830738616351	specific	0.0142414421431669	specific	0.00296057515332804	specific	0.736875248617596	16.9267140912378	24.7711255014892	50.2873502873503	0.73215885579645	0.736875248617596	A2402	0.736875248617596	A2402
RSLEYLPLRF	10	specific	0.312830099608335	specific	0.972255159748925	specific	0.723352256748412	specific	0.586853221472767	3.52432428065328	0.154916483093659	1.34940134940135	1.08730377084486	0.972255159748925	A0301	0.972255159748925	A0201,A0301,A1101,A2402
RFLEYLPLRF	10	specific	0.573145822973715	specific	0.922029537624783	specific	0.282410408028712	specific	0.994889905717638	1.80053807094296	0.353749472447928	4.96350496350496	0.0591572262013118	0.994889905717638	A2402	0.994889905717638	A0201,A0301,A1101,A2402
LLYEDVFPVW	10	specific	0.583588371343083	specific	0.595237294988086	specific	0.0889676553604659	specific	0.431653737380273	1.75176024334379	1.64455228834208	11.5786115786116	1.60691988378175	0.595237294988086	A0301	0.595237294988086	A0201,A0301,A2402
QPWQASLFHL	10	specific	0.126474832860145	specific	0.104628135917463	specific	0.0151165498284576	specific	0.0237543960362826	6.63873302874963	9.0560670754125	27.9123279123279	10.9557772019942	0.126474832860145	A0201	0.126474832860145	A0201,A0301
RHSPAPFSKF	10	specific	0.0073958603045412	specific	0.241299312090915	specific	0.0460696378981488	specific	0.752064290973875	23.7886334533086	4.91975668643917	16.9068169068169	0.698801033185492	0.752064290973875	A2402	0.752064290973875	A0301,A2402
RMPKLLKSLF	10	specific	0.0240484754041568	specific	0.228674230869446	specific	0.0352405935577634	specific	0.652195012052026	15.031246086665	5.15172850735249	19.3630193630194	0.926662171926818	0.652195012052026	A2402	0.652195012052026	A0301,A2402
SLVPCLPEFF	10	specific	0.461454118312233	specific	0.342128903791308	specific	0.16776478922305	specific	0.487688558734953	2.40748371042735	3.51845752337093	7.55870755870756	1.4015324442617	0.487688558734953	A2402	0.487688558734953	A0201,A0301,A1101,A2402
VFIQTRGGTF	10	specific	0.0374721239477771	specific	0.00832255389952176	specific	0.00561490731127681	specific	0.908624025185903	12.3809841204439	30.78970137783	40.4382404382404	0.367641501162486	0.908624025185903	A2402	0.908624025185903	A2402
VYCEEYYLFS	10	specific	0.0114224321895436	specific	0.00113386212608443	specific	0.00299656969816119	specific	0.297746180975648	20.2220956489774	60.2565690934565	50.0881500881501	2.33605537196996	0.297746180975648	A2402	0.297746180975648	A2402
VYPFYRFRLI	10	specific	0.00684085431571286	specific	0.00180809207318791	specific	0.00203648594384984	specific	0.968664451440175	24.4665745644332	52.5007730715265	56.5012565012565	0.199139146463012	0.968664451440175	A2402	0.968664451440175	A2402
AYQKAPTKQF	10	specific	0.00497597472233843	specific	0.00316703562461637	specific	0.0301965289471102	specific	0.877085876464844	27.3961729098246	43.7856632752245	20.8259208259208	0.44000076591979	0.877085876464844	A2402	0.877085876464844	A2402
LDYVENLAKF	10	specific	0.0155354068278232	specific	0.250103574680785	specific	0.0630484900618386	specific	0.200948653628843	17.9756898578475	4.76635109232236	14.2428142428142	3.19912604520338	0.250103574680785	A0301	0.250103574680785	A0301,A2402
FVAGLTYSQL	10	specific	0.136085928231478	specific	0.0699261283139802	specific	0.0744641485287704	specific	0.0185665328187598	6.35535707793545	11.4941382543995	12.9153129153129	12.3065170704374	0.136085928231478	A0201	0.136085928231478	A0201
NPYENILYKI	10	specific	0.45111369167765	specific	0.462475606308888	specific	0.0198984725068133	specific	0.164778802488258	2.46474463847853	2.45046046859718	24.969724969725	3.69274119670937	0.462475606308888	A0301	0.462475606308888	A0201,A0301,A2402
FPTGLTYSQL	10	specific	0.0207566437791684	specific	0.00525047494862652	specific	0.00162971923438925	specific	0.0319961143381079	15.9996323989804	36.6575912602123	60.2809602809603	9.47654421020064	0.0319961143381079	A2402	NA	unknown
SEYRHYCYSL	10	specific	0.0203749655548664	specific	0.00425911060596668	specific	0.00684376870033248	specific	0.0128187283174662	16.12496010923	39.4951414846801	37.6851376851377	14.5541893293264	0.0203749655548664	A0201	NA	unknown
FAFRDLCIVY	10	specific	0.044024593788668	specific	0.0908733244809102	specific	0.0288003520477408	specific	0.0468691637395144	11.5030842129501	9.86932824868829	21.2682212682213	7.81772318247737	0.0908733244809102	A0301	NA	unknown
GRAKLLGAEEK	11	specific	0.00018685552345027	specific	0.00140421011369148	specific	0.00264517675446554	specific	0.000258153049818096	67.5588060642049	56.6552141282221	52.1153521153521	59.3767226896684	0.00264517675446554	A1101	NA	unknown
GLAKLLGAEEK	11	specific	0.00590930574301941	specific	0.123627627646137	specific	0.0602504675768917	specific	0.000298272154054757	25.7901402135318	8.13220882903083	14.6099146099146	57.3321199551332	0.123627627646137	A0301	0.123627627646137	A0301
GRAKLLGAEEK	11	specific	0.00018685552345027	specific	0.00140421011369148	specific	0.00264517675446554	specific	0.000258153049818096	67.5588060642049	56.6552141282221	52.1153521153521	59.3767226896684	0.00264517675446554	A1101	NA	unknown
GLAKLLGAEEK	11	specific	0.00590930574301941	specific	0.123627627646137	specific	0.0602504675768917	specific	0.000298272154054757	25.7901402135318	8.13220882903083	14.6099146099146	57.3321199551332	0.123627627646137	A0301	0.123627627646137	A0301
AIKTSPKANKE	11	specific	0.00212760385926569	specific	0.128730271761823	specific	0.0162581650868813	specific	0.00159423815098813	36.2686880683172	7.92723155783733	27.1121271121271	33.9205721017746	0.128730271761823	A0301	0.128730271761823	A0301
IKTSPKANKEI	11	specific	0.00742324758589853	specific	0.00101611938268131	specific	0.000179073079729047	specific	0.0248584874252427	23.7531862121341	62.1082138975597	92.3965923965924	10.7247919167244	0.0248584874252427	A2402	NA	unknown
KTSPKANKEIL	11	specific	0.0172986310982702	specific	0.0954029470113003	specific	0.0193232037175929	specific	0.0125782727409387	17.2225117248567	9.57661869090536	25.2752252752253	14.6705889822438	0.0954029470113003	A0301	NA	unknown
IPVAIKTSPKA	11	specific	0.00585640798938887	specific	0.0016640485169805	specific	0.00106102911997476	specific	0.00151271368272824	25.8803236504801	53.8470758758372	67.6392676392676	34.5838989550234	0.00585640798938887	A0201	NA	unknown
PVAIKTSPKAN	11	specific	0.00022043331249585	specific	0.0399093925315861	specific	0.00159352315529936	specific	0.000188597247166121	65.3744076978077	15.4945693613875	60.6551606551607	63.7645360995131	0.0399093925315861	A0301	NA	unknown
VAIKTSPKANK	11	specific	0.00105769978000075	specific	0.091810233235204	specific	0.749640150864919	specific	0.000748849953483462	44.6634228906367	9.80637454131928	1.21980121980122	44.0354499929959	0.749640150864919	A1101	0.749640150864919	A1101
KTDTGVHATLK	11	specific	0.00103336519294367	specific	0.943464863300324	specific	0.960575928952959	specific	0.000456799861715417	44.9577056848892	0.2763919568329	0.248800248800252	51.1695897592492	0.960575928952959	A1101	0.960575928952959	A0301,A1101
LSSWHTPTLQK	11	specific	0.00102250429364277	specific	0.055929667619057	specific	0.211973646104646	specific	0.000547952265710844	45.0946471636148	13.0031134385516	6.31160631160631	48.5107395056391	0.211973646104646	A1101	0.211973646104646	A1101
SSQYCRPISTK	11	specific	0.000295252379227564	specific	0.0345631796386594	specific	0.445560536368026	specific	0.000267998474333492	61.5296443965082	16.6400246577081	3.0962030962031	58.8536800934422	0.445560536368026	A1101	0.445560536368026	A1101
SVRCYVPSCLK	11	specific	0.00136876355903447	specific	0.416869634307093	specific	0.595459515560004	specific	0.000147524207262172	41.4592346627564	2.80864188204389	2.05480205480205	67.1766080032572	0.595459515560004	A1101	0.595459515560004	A0301,A1101
EKVKIPVAIKT	11	specific	0.00660210261544813	specific	0.000598809089921638	specific	0.000276237649762049	specific	0.00153008503661517	24.7829740134356	71.105759206602	87.8766878766879	34.4340407005747	0.00660210261544813	A0201	NA	unknown
KVKIPVAIKTS	11	specific	0.00960781844388395	specific	0.360314669625627	specific	0.0278577827531586	specific	0.000994116710545414	21.6015083760518	3.33151019396792	21.5922215922216	40.1128320791397	0.360314669625627	A0301	0.360314669625627	A0301
VKIPVAIKTSP	11	specific	0.0231809331777388	specific	0.00225530824316517	specific	0.00373556304642383	specific	0.00515202275548492	15.2688738886129	48.9890641855855	46.5319465319465	21.4827400982191	0.0231809331777388	A0201	NA	unknown
KIPVAIKTSPK	11	specific	0.00162050812982181	specific	0.860520069466697	specific	0.705434899528821	specific	0.00115825193433794	39.4065263319478	0.579778463385616	1.44020144020144	38.0690355759666	0.860520069466697	A0301	0.860520069466697	A0301,A1101
GRAKLLGAEEK	11	specific	0.00018685552345027	specific	0.00140421011369148	specific	0.00264517675446554	specific	0.000258153049818096	67.5588060642049	56.6552141282221	52.1153521153521	59.3767226896684	0.00264517675446554	A1101	NA	unknown
GLAKLLGAEEK	11	specific	0.00590930574301941	specific	0.123627627646137	specific	0.0602504675768917	specific	0.000298272154054757	25.7901402135318	8.13220882903083	14.6099146099146	57.3321199551332	0.123627627646137	A0301	0.123627627646137	A0301
ELPDEFVVVTV	11	specific	0.931827517350515	specific	0.00233600604798186	specific	0.000743583520947292	specific	0.0254953291097384	0.419004568755532	48.4437339908722	73.6075736075736	10.5923684154833	0.931827517350515	A0201	0.931827517350515	A0201
EILDITPCSFG	11	specific	0.0652816450055171	specific	0.0111712079177475	specific	0.00370334055834165	specific	0.00200997153684865	9.52137135378165	27.3776104384298	46.6674466674467	31.13907390219	0.0652816450055171	A0201	NA	unknown
EEFEPSTQYEY	11	specific	0.00539189005634802	specific	0.0181354455244016	specific	0.045055058842748	specific	0.0313210351144436	26.6575372347516	22.336076100456	17.1054171054171	9.58266441325001	0.045055058842748	A1101	NA	unknown
ELPDEFVVVTV	11	specific	0.931827517350515	specific	0.00233600604798186	specific	0.000743583520947292	specific	0.0254953291097384	0.419004568755532	48.4437339908722	73.6075736075736	10.5923684154833	0.931827517350515	A0201	0.931827517350515	A0201
EILDITPCSFG	11	specific	0.0652816450055171	specific	0.0111712079177475	specific	0.00370334055834165	specific	0.00200997153684865	9.52137135378165	27.3776104384298	46.6674466674467	31.13907390219	0.0652816450055171	A0201	NA	unknown
EEFEPSTQYEY	11	specific	0.00539189005634802	specific	0.0181354455244016	specific	0.045055058842748	specific	0.0313210351144436	26.6575372347516	22.336076100456	17.1054171054171	9.58266441325001	0.045055058842748	A1101	NA	unknown
GRAKLLGAEEK	11	specific	0.00018685552345027	specific	0.00140421011369148	specific	0.00264517675446554	specific	0.000258153049818096	67.5588060642049	56.6552141282221	52.1153521153521	59.3767226896684	0.00264517675446554	A1101	NA	unknown
GLAKLLGAEEK	11	specific	0.00590930574301941	specific	0.123627627646137	specific	0.0602504675768917	specific	0.000298272154054757	25.7901402135318	8.13220882903083	14.6099146099146	57.3321199551332	0.123627627646137	A0301	0.123627627646137	A0301
QQFSAKAGPAR	11	specific	0.00100003801188361	specific	0.083573639288079	specific	0.107542107450879	specific	0.000870958151361063	45.3577242669187	10.3796058191385	10.2374102374102	41.9375352096353	0.107542107450879	A1101	0.107542107450879	A1101
EAFAASAVGSR	11	specific	0.00037666103086609	specific	0.0780299451997659	specific	0.18475689990446	specific	0.000122690142343629	58.2821317627479	10.8070866736571	7.02960702960703	69.6648395448421	0.18475689990446	A1101	0.18475689990446	A1101
GRAKLLGAEEK	11	specific	0.00018685552345027	specific	0.00140421011369148	specific	0.00264517675446554	specific	0.000258153049818096	67.5588060642049	56.6552141282221	52.1153521153521	59.3767226896684	0.00264517675446554	A1101	NA	unknown
GLAKLLGAEEK	11	specific	0.00590930574301941	specific	0.123627627646137	specific	0.0602504675768917	specific	0.000298272154054757	25.7901402135318	8.13220882903083	14.6099146099146	57.3321199551332	0.123627627646137	A0301	0.123627627646137	A0301
CSDSGKSFINY	11	specific	0.00184022494727035	specific	0.0353080939705251	specific	0.0618039137502718	specific	0.0421191476542541	37.9153184596305	16.4663731513014	14.4091144091144	8.25147565534012	0.0618039137502718	A1101	NA	unknown
ELPDEFVVVTV	11	specific	0.931827517350515	specific	0.00233600604798186	specific	0.000743583520947292	specific	0.0254953291097384	0.419004568755532	48.4437339908722	73.6075736075736	10.5923684154833	0.931827517350515	A0201	0.931827517350515	A0201
EILDITPCSFG	11	specific	0.0652816450055171	specific	0.0111712079177475	specific	0.00370334055834165	specific	0.00200997153684865	9.52137135378165	27.3776104384298	46.6674466674467	31.13907390219	0.0652816450055171	A0201	NA	unknown
EEFEPSTQYEY	11	specific	0.00539189005634802	specific	0.0181354455244016	specific	0.045055058842748	specific	0.0313210351144436	26.6575372347516	22.336076100456	17.1054171054171	9.58266441325001	0.045055058842748	A1101	NA	unknown
GRAKLLGAEEK	11	specific	0.00018685552345027	specific	0.00140421011369148	specific	0.00264517675446554	specific	0.000258153049818096	67.5588060642049	56.6552141282221	52.1153521153521	59.3767226896684	0.00264517675446554	A1101	NA	unknown
GLAKLLGAEEK	11	specific	0.00590930574301941	specific	0.123627627646137	specific	0.0602504675768917	specific	0.000298272154054757	25.7901402135318	8.13220882903083	14.6099146099146	57.3321199551332	0.123627627646137	A0301	0.123627627646137	A0301
AIKTSPKANKE	11	specific	0.00212760385926569	specific	0.128730271761823	specific	0.0162581650868813	specific	0.00159423815098813	36.2686880683172	7.92723155783733	27.1121271121271	33.9205721017746	0.128730271761823	A0301	0.128730271761823	A0301
IKTSPKANKEI	11	specific	0.00742324758589853	specific	0.00101611938268131	specific	0.000179073079729047	specific	0.0248584874252427	23.7531862121341	62.1082138975597	92.3965923965924	10.7247919167244	0.0248584874252427	A2402	NA	unknown
KTSPKANKEIL	11	specific	0.0172986310982702	specific	0.0954029470113003	specific	0.0193232037175929	specific	0.0125782727409387	17.2225117248567	9.57661869090536	25.2752252752253	14.6705889822438	0.0954029470113003	A0301	NA	unknown
IPVAIKTSPKA	11	specific	0.00585640798938887	specific	0.0016640485169805	specific	0.00106102911997476	specific	0.00151271368272824	25.8803236504801	53.8470758758372	67.6392676392676	34.5838989550234	0.00585640798938887	A0201	NA	unknown
PVAIKTSPKAN	11	specific	0.00022043331249585	specific	0.0399093925315861	specific	0.00159352315529936	specific	0.000188597247166121	65.3744076978077	15.4945693613875	60.6551606551607	63.7645360995131	0.0399093925315861	A0301	NA	unknown
VAIKTSPKANK	11	specific	0.00105769978000075	specific	0.091810233235204	specific	0.749640150864919	specific	0.000748849953483462	44.6634228906367	9.80637454131928	1.21980121980122	44.0354499929959	0.749640150864919	A1101	0.749640150864919	A1101
EKVKIPVAIKT	11	specific	0.00660210261544813	specific	0.000598809089921638	specific	0.000276237649762049	specific	0.00153008503661517	24.7829740134356	71.105759206602	87.8766878766879	34.4340407005747	0.00660210261544813	A0201	NA	unknown
KVKIPVAIKTS	11	specific	0.00960781844388395	specific	0.360314669625627	specific	0.0278577827531586	specific	0.000994116710545414	21.6015083760518	3.33151019396792	21.5922215922216	40.1128320791397	0.360314669625627	A0301	0.360314669625627	A0301
VKIPVAIKTSP	11	specific	0.0231809331777388	specific	0.00225530824316517	specific	0.00373556304642383	specific	0.00515202275548492	15.2688738886129	48.9890641855855	46.5319465319465	21.4827400982191	0.0231809331777388	A0201	NA	unknown
KIPVAIKTSPK	11	specific	0.00162050812982181	specific	0.860520069466697	specific	0.705434899528821	specific	0.00115825193433794	39.4065263319478	0.579778463385616	1.44020144020144	38.0690355759666	0.860520069466697	A0301	0.860520069466697	A0301,A1101
ILYTLRMIMAK	11	specific	0.170186860488159	specific	0.974963491492801	specific	0.694885234203603	specific	0.0100321262399828	5.53936360588323	0.143735904664921	1.4940014940015	16.2090799791589	0.974963491492801	A0301	0.974963491492801	A0201,A0301,A1101
KLYESFYGPEK	11	specific	0.144502650532458	specific	0.964984120262994	specific	0.540064152951042	specific	0.00228803267833023	6.1286361194259	0.186947329403009	2.40450240450241	29.6506700286514	0.964984120262994	A0301	0.964984120262994	A0201,A0301,A1101
SLKTNQTLQLK	11	specific	0.0112534479694053	specific	0.909804779953427	specific	0.332853072302209	specific	0.00352205131508122	20.3397481731037	0.400889208525845	4.24980424980425	25.0430577936874	0.909804779953427	A0301	0.909804779953427	A0301,A1101
ATRRPVWKLVK	11	specific	0.00138132882408905	specific	0.668311138616668	specific	0.962456031640371	specific	0.0004428752457165	41.3515800784485	1.30973929107074	0.238400238400238	51.630854877347	0.962456031640371	A1101	0.962456031640371	A0301,A1101
ATYKGVPYEVK	11	specific	0.00291713626688761	specific	0.970128444830577	specific	0.990683890713586	specific	0.000806868135471303	32.7717318855509	0.165391979999863	0.0754000754000783	42.9974271141654	0.990683890713586	A1101	0.990683890713586	A0301,A1101
GRAKLLGAEEK	11	specific	0.00018685552345027	specific	0.00140421011369148	specific	0.00264517675446554	specific	0.000258153049818096	67.5588060642049	56.6552141282221	52.1153521153521	59.3767226896684	0.00264517675446554	A1101	NA	unknown
GLAKLLGAEEK	11	specific	0.00590930574301941	specific	0.123627627646137	specific	0.0602504675768917	specific	0.000298272154054757	25.7901402135318	8.13220882903083	14.6099146099146	57.3321199551332	0.123627627646137	A0301	0.123627627646137	A0301
AIKTSPKANKE	11	specific	0.00212760385926569	specific	0.128730271761823	specific	0.0162581650868813	specific	0.00159423815098813	36.2686880683172	7.92723155783733	27.1121271121271	33.9205721017746	0.128730271761823	A0301	0.128730271761823	A0301
IKTSPKANKEI	11	specific	0.00742324758589853	specific	0.00101611938268131	specific	0.000179073079729047	specific	0.0248584874252427	23.7531862121341	62.1082138975597	92.3965923965924	10.7247919167244	0.0248584874252427	A2402	NA	unknown
KTSPKANKEIL	11	specific	0.0172986310982702	specific	0.0954029470113003	specific	0.0193232037175929	specific	0.0125782727409387	17.2225117248567	9.57661869090536	25.2752252752253	14.6705889822438	0.0954029470113003	A0301	NA	unknown
IPVAIKTSPKA	11	specific	0.00585640798938887	specific	0.0016640485169805	specific	0.00106102911997476	specific	0.00151271368272824	25.8803236504801	53.8470758758372	67.6392676392676	34.5838989550234	0.00585640798938887	A0201	NA	unknown
PVAIKTSPKAN	11	specific	0.00022043331249585	specific	0.0399093925315861	specific	0.00159352315529936	specific	0.000188597247166121	65.3744076978077	15.4945693613875	60.6551606551607	63.7645360995131	0.0399093925315861	A0301	NA	unknown
VAIKTSPKANK	11	specific	0.00105769978000075	specific	0.091810233235204	specific	0.749640150864919	specific	0.000748849953483462	44.6634228906367	9.80637454131928	1.21980121980122	44.0354499929959	0.749640150864919	A1101	0.749640150864919	A1101
ELPDEFVVVTV	11	specific	0.931827517350515	specific	0.00233600604798186	specific	0.000743583520947292	specific	0.0254953291097384	0.419004568755532	48.4437339908722	73.6075736075736	10.5923684154833	0.931827517350515	A0201	0.931827517350515	A0201
DLNTSAGFPYV	11	specific	0.508402322729429	specific	0.00800545612085746	specific	0.000994735586530422	specific	0.0153852417854877	2.14329572492133	31.2500188861122	68.7310687310687	13.4151859723805	0.508402322729429	A0201	0.508402322729429	A0201
EAAGIGILTVI	11	specific	0.049894316621875	specific	0.000886020644086077	specific	0.00152543322674193	specific	0.0071558610802539	10.8485726173597	64.4315582402374	61.4132614132614	18.7354059526077	0.049894316621875	A0201	NA	unknown
EILDITPCSFG	11	specific	0.0652816450055171	specific	0.0111712079177475	specific	0.00370334055834165	specific	0.00200997153684865	9.52137135378165	27.3776104384298	46.6674466674467	31.13907390219	0.0652816450055171	A0201	NA	unknown
LLMEKEDYHSL	11	specific	0.971503257751465	specific	0.0673892270152767	specific	0.0103460311128401	specific	0.25301113647357	0.231467455191048	11.7321536312202	32.3383323383323	2.67759513278126	0.971503257751465	A0201	0.971503257751465	A0201,A2402
EKVKIPVAIKT	11	specific	0.00660210261544813	specific	0.000598809089921638	specific	0.000276237649762049	specific	0.00153008503661517	24.7829740134356	71.105759206602	87.8766878766879	34.4340407005747	0.00660210261544813	A0201	NA	unknown
KVKIPVAIKTS	11	specific	0.00960781844388395	specific	0.360314669625627	specific	0.0278577827531586	specific	0.000994116710545414	21.6015083760518	3.33151019396792	21.5922215922216	40.1128320791397	0.360314669625627	A0301	0.360314669625627	A0301
VKIPVAIKTSP	11	specific	0.0231809331777388	specific	0.00225530824316517	specific	0.00373556304642383	specific	0.00515202275548492	15.2688738886129	48.9890641855855	46.5319465319465	21.4827400982191	0.0231809331777388	A0201	NA	unknown
KIPVAIKTSPK	11	specific	0.00162050812982181	specific	0.860520069466697	specific	0.705434899528821	specific	0.00115825193433794	39.4065263319478	0.579778463385616	1.44020144020144	38.0690355759666	0.860520069466697	A0301	0.860520069466697	A0301,A1101
YLALPPTVYEV	11	specific	0.955273742145962	specific	0.0112001072933304	specific	0.00456074278816535	specific	0.00530206576392326	0.312359877358603	27.3478962885516	43.4801434801435	21.2164821908531	0.955273742145962	A0201	0.955273742145962	A0201
YLVVADVCPKV	11	specific	0.621622689728004	specific	0.0107178254545071	specific	0.00215432399543229	specific	0.00299721585389408	1.58926847397102	27.8289633387826	55.5540555540556	26.6598540116561	0.621622689728004	A0201	0.621622689728004	A0201
YLYVYKIVSQL	11	specific	0.65388388103909	specific	0.205316468555894	specific	0.0138479167265662	specific	0.00675556482868463	1.45586162043377	5.63148612047023	28.8995288995289	19.1974773020677	0.65388388103909	A0201	0.65388388103909	A0201,A0301
SMLFARHLREV	11	specific	0.409848444205191	specific	0.0217828481030059	specific	0.00935642381406675	specific	0.00254762961780494	2.7371127565633	20.6084249183868	33.5731335731336	28.4466642681284	0.409848444205191	A0201	0.409848444205191	A0201
SQYEYTVLLSV	11	specific	0.968253167470296	specific	0.0462172731154068	specific	0.0244190770524458	specific	0.00611086786066153	0.249847506170442	14.3851739486479	22.8755228755229	20.0248722375238	0.968253167470296	A0201	0.968253167470296	A0201
TLAECGGHVEL	11	specific	0.950302256478204	specific	0.0187789479063617	specific	0.00972887280801034	specific	0.0936532221773329	0.335991371474964	21.9975362437084	33.1031331031331	5.31709583369866	0.950302256478204	A0201	0.950302256478204	A0201
LMMHSATSATV	11	specific	0.749110151661767	specific	0.00225155919611855	specific	0.00323406140505161	specific	0.00213976035441495	1.0881596115548	49.0108209868522	48.8506488506488	30.3988527327716	0.749110151661767	A0201	0.749110151661767	A0201
LLLPLSVARPL	11	specific	0.524405146090107	specific	0.440034820056624	specific	0.0267442927482698	specific	0.0161296146048699	2.05452613804832	2.61806841909643	21.994221994222	13.1097250650276	0.524405146090107	A0201	0.524405146090107	A0201,A0301
FLREYLYVYKI	11	specific	0.784245957930883	specific	0.0560789772128272	specific	0.00270123239404509	specific	0.0493521905116116	0.956671554548361	12.9853856745565	51.7751517751518	7.60709523910302	0.784245957930883	A0201	0.784245957930883	A0201
FLRHMCHFTEV	11	specific	0.389204015086094	specific	0.00106341961178108	specific	0.000588028334595	specific	0.00270960792383145	2.88849570391556	61.3267821187297	77.3855773855774	27.7656003249112	0.389204015086094	A0201	0.389204015086094	A0201
FLYELEEKMEV	11	specific	0.999480305777656	specific	0.00528882461951273	specific	0.00152783602497285	specific	0.00615458911270758	0.00585737888354476	36.5591820248531	61.3853613853614	19.9643041064387	0.999480305777656	A0201	0.999480305777656	A0201
FNVLFDRLSKL	11	specific	0.147214033187548	specific	0.00505414839796382	specific	0.00140604858941992	specific	0.0101732908647844	6.06077131580968	37.1742145643654	62.8080628080628	16.114851688702	0.147214033187548	A0201	0.147214033187548	A0201
FVLASLCLYVV	11	specific	0.781587477193938	specific	0.0142648622389566	specific	0.0182270649142285	specific	0.00254047683193777	0.963235858469569	24.7533977374941	25.8780258780259	28.4786111858555	0.781587477193938	A0201	0.781587477193938	A0201
GMLPSNYVEAI	11	specific	0.82630694243643	specific	0.0539769820597333	specific	0.0598621920481997	specific	0.0134567235999081	0.800138153350216	13.2547268161641	14.6652146652147	14.2476198538504	0.82630694243643	A0201	0.82630694243643	A0201
FLAFTGVAGYI	11	specific	0.396184900620331	specific	0.00848197468584557	specific	0.0016038676259105	specific	0.00714650152004752	2.83577929396367	30.5577295569167	60.5486605486605	18.747600201961	0.396184900620331	A0201	0.396184900620331	A0201
FLCEILRSMSI	11	specific	0.923868142233955	specific	0.00645231364536206	specific	0.00149338844121303	specific	0.0113634759700997	0.455865660005417	33.9683096073401	61.7715617715618	15.3437921696794	0.923868142233955	A0201	0.923868142233955	A0201
FLPKQGQIFCL	11	specific	0.811530660920673	specific	0.00749028808641014	specific	0.00366981161132571	specific	0.0923788167083532	0.854773359832928	32.0606611851615	46.8164468164468	5.36073310617765	0.811530660920673	A0201	0.811530660920673	A0201
EEFEPSTQYEY	11	specific	0.00539189005634802	specific	0.0181354455244016	specific	0.045055058842748	specific	0.0313210351144436	26.6575372347516	22.336076100456	17.1054171054171	9.58266441325001	0.045055058842748	A1101	NA	unknown
LETLQSVRQCF	11	specific	0.000438219435048224	specific	0.000561036877356634	specific	8.51074995262577e-05	specific	0.0110172550970876	56.2082156808092	72.2310693165645	97.3296973296973	15.5556294600971	0.0110172550970876	A2402	NA	unknown
MEEFLDPSRPY	11	specific	0.000270912122286759	specific	0.0018839261109507	specific	0.000839785204726587	specific	0.00122517916411324	62.6815282507443	51.8268158619168	71.5704715704716	37.321759882129	0.0018839261109507	A0301	NA	unknown
MESARKAWENF	11	specific	0.000273231347506927	specific	0.000710813388488102	specific	0.000128194898420336	specific	0.0702896834325252	62.5606440693029	68.1783614509772	95.012795012795	6.26794494649143	0.0702896834325252	A2402	NA	unknown
PEARNAILTQW	11	specific	0.00165791457812424	specific	0.00206748660172404	specific	0.000602793607131641	specific	0.0316466556040622	39.1262810491576	50.3423170791897	77.000477000477	9.53237573203288	0.0316466556040622	A2402	NA	unknown
GRAKLLGAEEK	11	specific	0.00018685552345027	specific	0.00140421011369148	specific	0.00264517675446554	specific	0.000258153049818096	67.5588060642049	56.6552141282221	52.1153521153521	59.3767226896684	0.00264517675446554	A1101	NA	unknown
GLAKLLGAEEK	11	specific	0.00590930574301941	specific	0.123627627646137	specific	0.0602504675768917	specific	0.000298272154054757	25.7901402135318	8.13220882903083	14.6099146099146	57.3321199551332	0.123627627646137	A0301	0.123627627646137	A0301
GRAKLLGAEEK	11	specific	0.00018685552345027	specific	0.00140421011369148	specific	0.00264517675446554	specific	0.000258153049818096	67.5588060642049	56.6552141282221	52.1153521153521	59.3767226896684	0.00264517675446554	A1101	NA	unknown
GLAKLLGAEEK	11	specific	0.00590930574301941	specific	0.123627627646137	specific	0.0602504675768917	specific	0.000298272154054757	25.7901402135318	8.13220882903083	14.6099146099146	57.3321199551332	0.123627627646137	A0301	0.123627627646137	A0301
EEFEPSTQYEY	11	specific	0.00539189005634802	specific	0.0181354455244016	specific	0.045055058842748	specific	0.0313210351144436	26.6575372347516	22.336076100456	17.1054171054171	9.58266441325001	0.045055058842748	A1101	NA	unknown
LYTNWYLESLF	11	specific	0.000328206590545853	specific	0.00108180316672512	specific	7.70644044151009e-05	specific	0.934675628609127	60.1259942395708	61.041627005831	97.7444977444977	0.30294143434606	0.934675628609127	A2402	0.934675628609127	A2402
MWSVWDPMYVW	11	specific	0.00170799541550966	specific	0.00279765563223009	specific	0.00403362116845124	specific	0.86251817478074	38.7728185303231	45.6474813984386	45.3345453345453	0.470738336603604	0.86251817478074	A2402	0.86251817478074	A2402
SQPWQASLFHL	11	specific	0.195873748759429	specific	0.00576174842854016	specific	0.0137012932223216	specific	0.0694402917016608	5.04138541149096	35.4406205523206	29.023429023429	6.31067520868794	0.195873748759429	A0201	0.195873748759429	A0201
AWLLRKNFFYF	11	specific	0.00752229680323985	specific	0.0957034726592408	specific	0.0345852272603628	specific	0.998874533176422	23.6407851311447	9.56150980113679	19.5434195434195	0.0130004807154527	0.998874533176422	A2402	0.998874533176422	A2402
