File,HLA,Avg_Token_NLL,model_path,Encoding
ESMMASK_HLA_FT_15_0.0001_5e-05_AUG_4_A0219_1_per_token_metrics.csv,A0219,1.9011927807204263,/global/scratch/users/sergiomar10/models/ESMC_Pretrain/HLAA0219/ESMMASK_HLA_FT_15_0.0001_5e-05_AUG_4_A0219_1.pt,HLA
ESMMASK_epitope_FT_15_0.001_1e-05_AUG_3_B2701_1_per_token_metrics.csv,B2701,1.9247894433430996,/global/scratch/users/sergiomar10/models/ESMC_Pretrain/HLAB2701/ESMMASK_epitope_FT_15_0.001_1e-05_AUG_3_B2701_1.pt,epitope
ESMMASK_epitope_FT_15_0.001_1e-06_AUG_3_B4001_2_per_token_metrics.csv,B4001,1.9659310805178203,/global/scratch/users/sergiomar10/models/ESMC_Pretrain/HLAB4001/ESMMASK_epitope_FT_15_0.001_1e-06_AUG_3_B4001_2.pt,epitope
ESMMASK_epitope_FT_20_0.001_1e-06_AUG_4_B4001_1_per_token_metrics.csv,B4001,2.018745130405605,/global/scratch/users/sergiomar10/models/ESMC_Pretrain/HLAB4001/ESMMASK_epitope_FT_20_0.001_1e-06_AUG_4_B4001_1.pt,epitope
ESMMASK_HLA_FT_25_0.001_5e-05_AUG_4_B4402_1_per_token_metrics.csv,B4402,2.0260999437990748,/global/scratch/users/sergiomar10/models/ESMC_Pretrain/HLAB4402/ESMMASK_HLA_FT_25_0.001_5e-05_AUG_4_B4402_1.pt,HLA
ESMMASK_HLA_FT_25_0.001_5e-05_AUG_3_C1502_2_per_token_metrics.csv,C1502,2.0270732107868934,/global/scratch/users/sergiomar10/models/ESMC_Pretrain/HLAC1502/ESMMASK_HLA_FT_25_0.001_5e-05_AUG_3_C1502_2.pt,HLA
ESMMASK_epitope_FT_20_0.001_1e-06_AUG_1_B4001_2_per_token_metrics.csv,B4001,2.0296101003812166,/global/scratch/users/sergiomar10/models/ESMC_Pretrain/HLAB4001/ESMMASK_epitope_FT_20_0.001_1e-06_AUG_1_B4001_2.pt,epitope
ESMMASK_HLA_FT_25_0.0001_5e-05_AUG_3_B5501_2_per_token_metrics.csv,B5501,2.02991236364585,/global/scratch/users/sergiomar10/models/ESMC_Pretrain/HLAB5501/ESMMASK_HLA_FT_25_0.0001_5e-05_AUG_3_B5501_2.pt,HLA
ESMMASK_HLA_FT_20_0.0001_1e-05_AUG_4_A0217_1_per_token_metrics.csv,A0217,2.0304150154076592,/global/scratch/users/sergiomar10/models/ESMC_Pretrain/HLAA0217/ESMMASK_HLA_FT_20_0.0001_1e-05_AUG_4_A0217_1.pt,HLA
ESMMASK_epitope_FT_20_0.001_1e-06_AUG_3_B4002_1_per_token_metrics.csv,B4002,2.031062892591703,/global/scratch/users/sergiomar10/models/ESMC_Pretrain/HLAB4002/ESMMASK_epitope_FT_20_0.001_1e-06_AUG_3_B4002_1.pt,epitope
ESMMASK_HLA_FT_15_0.0001_1e-06_AUG_4_B3801_2_per_token_metrics.csv,B3801,2.0420461955432443,/global/scratch/users/sergiomar10/models/ESMC_Pretrain/HLAB3801/ESMMASK_HLA_FT_15_0.0001_1e-06_AUG_4_B3801_2.pt,HLA
ESMMASK_HLA_FT_25_0.001_1e-05_AUG_4_B4403_2_per_token_metrics.csv,B4403,2.042102510962094,/global/scratch/users/sergiomar10/models/ESMC_Pretrain/HLAB4403/ESMMASK_HLA_FT_25_0.001_1e-05_AUG_4_B4403_2.pt,HLA
ESMMASK_epitope_FT_25_0.001_1e-05_AUG_1_B4001_1_per_token_metrics.csv,B4001,2.046559209822825,/global/scratch/users/sergiomar10/models/ESMC_Pretrain/HLAB4001/ESMMASK_epitope_FT_25_0.001_1e-05_AUG_1_B4001_1.pt,epitope
ESMMASK_HLA_FT_15_0.0001_1e-05_AUG_4_B4403_2_per_token_metrics.csv,B4403,2.046985962201913,/global/scratch/users/sergiomar10/models/ESMC_Pretrain/HLAB4403/ESMMASK_HLA_FT_15_0.0001_1e-05_AUG_4_B4403_2.pt,HLA
ESMMASK_HLA_FT_15_0.0001_1e-06_AUG_1_B4001_2_per_token_metrics.csv,B4001,2.0555380972031925,/global/scratch/users/sergiomar10/models/ESMC_Pretrain/HLAB4001/ESMMASK_HLA_FT_15_0.0001_1e-06_AUG_1_B4001_2.pt,HLA
ESMMASK_HLA_FT_15_0.0001_5e-05_AUG_4_B1510_1_per_token_metrics.csv,B1510,2.0588457202569113,/global/scratch/users/sergiomar10/models/ESMC_Pretrain/HLAB1510/ESMMASK_HLA_FT_15_0.0001_5e-05_AUG_4_B1510_1.pt,HLA
ESMMASK_HLA_FT_20_0.0001_1e-05_AUG_4_B2701_2_per_token_metrics.csv,B2701,2.0592620275484705,/global/scratch/users/sergiomar10/models/ESMC_Pretrain/HLAB2701/ESMMASK_HLA_FT_20_0.0001_1e-05_AUG_4_B2701_2.pt,HLA
ESMMASK_HLA_FT_15_0.0001_5e-05_AUG_4_B2702_1_per_token_metrics.csv,B2702,2.0704707059977037,/global/scratch/users/sergiomar10/models/ESMC_Pretrain/HLAB2702/ESMMASK_HLA_FT_15_0.0001_5e-05_AUG_4_B2702_1.pt,HLA
ESMMASK_epitope_FT_15_0.001_1e-06_AUG_3_B4201_1_per_token_metrics.csv,B4201,2.074363787383892,/global/scratch/users/sergiomar10/models/ESMC_Pretrain/HLAB4201/ESMMASK_epitope_FT_15_0.001_1e-06_AUG_3_B4201_1.pt,epitope
ESMMASK_HLA_FT_15_0.001_1e-05_AUG_4_B3503_2_per_token_metrics.csv,B3503,2.082488978851394,/global/scratch/users/sergiomar10/models/ESMC_Pretrain/HLAB3503/ESMMASK_HLA_FT_15_0.001_1e-05_AUG_4_B3503_2.pt,HLA
ESMMASK_HLA_FT_15_0.001_1e-06_AUG_3_B4402_2_per_token_metrics.csv,B4402,2.0833976870889224,/global/scratch/users/sergiomar10/models/ESMC_Pretrain/HLAB4402/ESMMASK_HLA_FT_15_0.001_1e-06_AUG_3_B4402_2.pt,HLA
ESMMASK_HLA_FT_15_0.0001_5e-05_AUG_3_B0801_2_per_token_metrics.csv,B0801,2.0840372639199707,/global/scratch/users/sergiomar10/models/ESMC_Pretrain/HLAB0801/ESMMASK_HLA_FT_15_0.0001_5e-05_AUG_3_B0801_2.pt,HLA
ESMMASK_HLA_FT_20_0.001_5e-05_AUG_3_B0801_1_per_token_metrics.csv,B0801,2.0854248453544035,/global/scratch/users/sergiomar10/models/ESMC_Pretrain/HLAB0801/ESMMASK_HLA_FT_20_0.001_5e-05_AUG_3_B0801_1.pt,HLA
ESMMASK_HLA_FT_15_0.0001_1e-05_AUG_4_B1542_1_per_token_metrics.csv,B1542,2.0867371458264263,/global/scratch/users/sergiomar10/models/ESMC_Pretrain/HLAB1542/ESMMASK_HLA_FT_15_0.0001_1e-05_AUG_4_B1542_1.pt,HLA
ESMMASK_HLA_FT_20_0.0001_1e-05_AUG_3_C1203_2_per_token_metrics.csv,C1203,2.089369211378938,/global/scratch/users/sergiomar10/models/ESMC_Pretrain/HLAC1203/ESMMASK_HLA_FT_20_0.0001_1e-05_AUG_3_C1203_2.pt,HLA
ESMMASK_HLA_FT_15_0.0001_5e-05_AUG_4_B5101_1_per_token_metrics.csv,B5101,2.0911129586156485,/global/scratch/users/sergiomar10/models/ESMC_Pretrain/HLAB5101/ESMMASK_HLA_FT_15_0.0001_5e-05_AUG_4_B5101_1.pt,HLA
ESMMASK_HLA_FT_20_0.001_1e-05_AUG_3_C1402_2_per_token_metrics.csv,C1402,2.091517552701176,/global/scratch/users/sergiomar10/models/ESMC_Pretrain/HLAC1402/ESMMASK_HLA_FT_20_0.001_1e-05_AUG_3_C1402_2.pt,HLA
ESMMASK_epitope_FT_20_0.0001_5e-05_AUG_3_B4001_1_per_token_metrics.csv,B4001,2.09351173589026,/global/scratch/users/sergiomar10/models/ESMC_Pretrain/HLAB4001/ESMMASK_epitope_FT_20_0.0001_5e-05_AUG_3_B4001_1.pt,epitope
ESMMASK_HLA_FT_25_0.001_1e-06_AUG_4_B5101_2_per_token_metrics.csv,B5101,2.0937167121474345,/global/scratch/users/sergiomar10/models/ESMC_Pretrain/HLAB5101/ESMMASK_HLA_FT_25_0.001_1e-06_AUG_4_B5101_2.pt,HLA
ESMMASK_epitope_FT_25_0.001_1e-06_AUG_3_B5101_1_per_token_metrics.csv,B5101,2.0962188702437468,/global/scratch/users/sergiomar10/models/ESMC_Pretrain/HLAB5101/ESMMASK_epitope_FT_25_0.001_1e-06_AUG_3_B5101_1.pt,epitope
ESMMASK_HLA_FT_20_0.0001_1e-05_AUG_3_A0207_1_per_token_metrics.csv,A0207,2.1022773869453544,/global/scratch/users/sergiomar10/models/ESMC_Pretrain/HLAA0207/ESMMASK_HLA_FT_20_0.0001_1e-05_AUG_3_A0207_1.pt,HLA
ESMMASK_HLA_FT_15_0.001_5e-05_AUG_3_B1302_2_per_token_metrics.csv,B1302,2.1025127992519628,/global/scratch/users/sergiomar10/models/ESMC_Pretrain/HLAB1302/ESMMASK_HLA_FT_15_0.001_5e-05_AUG_3_B1302_2.pt,HLA
ESMMASK_epitope_FT_25_0.0001_1e-06_AUG_1_B4001_1_per_token_metrics.csv,B4001,2.1079281578075793,/global/scratch/users/sergiomar10/models/ESMC_Pretrain/HLAB4001/ESMMASK_epitope_FT_25_0.0001_1e-06_AUG_1_B4001_1.pt,epitope
ESMMASK_HLA_FT_15_0.0001_1e-06_AUG_4_B3508_2_per_token_metrics.csv,B3508,2.1115660756123025,/global/scratch/users/sergiomar10/models/ESMC_Pretrain/HLAB3508/ESMMASK_HLA_FT_15_0.0001_1e-06_AUG_4_B3508_2.pt,HLA
ESMMASK_epitope_FT_25_0.001_1e-06_AUG_3_B4402_1_per_token_metrics.csv,B4402,2.112335629860449,/global/scratch/users/sergiomar10/models/ESMC_Pretrain/HLAB4402/ESMMASK_epitope_FT_25_0.001_1e-06_AUG_3_B4402_1.pt,epitope
ESMMASK_HLA_FT_15_0.0001_5e-05_AUG_1_B0702_1_per_token_metrics.csv,B0702,2.1147935206726736,/global/scratch/users/sergiomar10/models/ESMC_Pretrain/HLAB0702/ESMMASK_HLA_FT_15_0.0001_5e-05_AUG_1_B0702_1.pt,HLA
ESMMASK_epitope_FT_25_0.0001_1e-06_AUG_4_A2902_2_per_token_metrics.csv,A2902,2.1164662507238297,/global/scratch/users/sergiomar10/models/ESMC_Pretrain/HLAA2902/ESMMASK_epitope_FT_25_0.0001_1e-06_AUG_4_A2902_2.pt,epitope
ESMMASK_HLA_FT_20_0.0001_1e-05_AUG_3_B5101_2_per_token_metrics.csv,B5101,2.1187511233513696,/global/scratch/users/sergiomar10/models/ESMC_Pretrain/HLAB5101/ESMMASK_HLA_FT_20_0.0001_1e-05_AUG_3_B5101_2.pt,HLA
ESMMASK_HLA_FT_20_0.001_1e-05_AUG_4_B5101_2_per_token_metrics.csv,B5101,2.119641933503164,/global/scratch/users/sergiomar10/models/ESMC_Pretrain/HLAB5101/ESMMASK_HLA_FT_20_0.001_1e-05_AUG_4_B5101_2.pt,HLA
ESMMASK_epitope_FT_20_0.0001_5e-05_AUG_3_B5101_2_per_token_metrics.csv,B5101,2.1197616748021835,/global/scratch/users/sergiomar10/models/ESMC_Pretrain/HLAB5101/ESMMASK_epitope_FT_20_0.0001_5e-05_AUG_3_B5101_2.pt,epitope
ESMMASK_HLA_FT_15_0.001_1e-06_AUG_4_B5101_1_per_token_metrics.csv,B5101,2.120138109839272,/global/scratch/users/sergiomar10/models/ESMC_Pretrain/HLAB5101/ESMMASK_HLA_FT_15_0.001_1e-06_AUG_4_B5101_1.pt,HLA
ESMMASK_HLA_FT_25_0.0001_1e-06_AUG_3_B4402_1_per_token_metrics.csv,B4402,2.12047806427219,/global/scratch/users/sergiomar10/models/ESMC_Pretrain/HLAB4402/ESMMASK_HLA_FT_25_0.0001_1e-06_AUG_3_B4402_1.pt,HLA
ESMMASK_HLA_FT_20_0.0001_5e-05_AUG_4_A0202_1_per_token_metrics.csv,A0202,2.121839029694211,/global/scratch/users/sergiomar10/models/ESMC_Pretrain/HLAA0202/ESMMASK_HLA_FT_20_0.0001_5e-05_AUG_4_A0202_1.pt,HLA
ESMMASK_epitope_FT_25_0.0001_1e-06_AUG_3_C0802_2_per_token_metrics.csv,C0802,2.1277532084893584,/global/scratch/users/sergiomar10/models/ESMC_Pretrain/HLAC0802/ESMMASK_epitope_FT_25_0.0001_1e-06_AUG_3_C0802_2.pt,epitope
ESMMASK_HLA_FT_15_0.0001_1e-05_AUG_3_B5101_1_per_token_metrics.csv,B5101,2.128218202843843,/global/scratch/users/sergiomar10/models/ESMC_Pretrain/HLAB5101/ESMMASK_HLA_FT_15_0.0001_1e-05_AUG_3_B5101_1.pt,HLA
ESMMASK_HLA_FT_25_0.0001_5e-05_AUG_3_A0205_2_per_token_metrics.csv,A0205,2.1285186516901486,/global/scratch/users/sergiomar10/models/ESMC_Pretrain/HLAA0205/ESMMASK_HLA_FT_25_0.0001_5e-05_AUG_3_A0205_2.pt,HLA
ESMMASK_HLA_FT_25_0.001_5e-05_AUG_3_B5101_2_per_token_metrics.csv,B5101,2.1286518673053836,/global/scratch/users/sergiomar10/models/ESMC_Pretrain/HLAB5101/ESMMASK_HLA_FT_25_0.001_5e-05_AUG_3_B5101_2.pt,HLA
ESMMASK_epitope_FT_25_0.0001_5e-05_AUG_4_B3503_1_per_token_metrics.csv,B3503,2.1290217641711666,/global/scratch/users/sergiomar10/models/ESMC_Pretrain/HLAB3503/ESMMASK_epitope_FT_25_0.0001_5e-05_AUG_4_B3503_1.pt,epitope
ESMMASK_HLA_FT_25_0.0001_1e-05_AUG_1_C0802_1_per_token_metrics.csv,C0802,2.131159215883815,/global/scratch/users/sergiomar10/models/ESMC_Pretrain/HLAC0802/ESMMASK_HLA_FT_25_0.0001_1e-05_AUG_1_C0802_1.pt,HLA
ESMMASK_epitope_FT_15_0.001_1e-05_AUG_3_A0201_2_per_token_metrics.csv,A0201,2.1316706451182856,/global/scratch/users/sergiomar10/models/ESMC_Pretrain/HLAA0201/ESMMASK_epitope_FT_15_0.001_1e-05_AUG_3_A0201_2.pt,epitope
ESMMASK_HLA_FT_15_0.001_5e-05_AUG_4_B1501_1_per_token_metrics.csv,B1501,2.1321214869886305,/global/scratch/users/sergiomar10/models/ESMC_Pretrain/HLAB1501/ESMMASK_HLA_FT_15_0.001_5e-05_AUG_4_B1501_1.pt,HLA
ESMMASK_HLA_FT_15_0.001_1e-06_AUG_3_B1302_1_per_token_metrics.csv,B1302,2.132573088881549,/global/scratch/users/sergiomar10/models/ESMC_Pretrain/HLAB1302/ESMMASK_HLA_FT_15_0.001_1e-06_AUG_3_B1302_1.pt,HLA
ESMMASK_epitope_FT_25_0.0001_1e-05_AUG_3_C0802_2_per_token_metrics.csv,C0802,2.1329876542176804,/global/scratch/users/sergiomar10/models/ESMC_Pretrain/HLAC0802/ESMMASK_epitope_FT_25_0.0001_1e-05_AUG_3_C0802_2.pt,epitope
ESMMASK_epitope_FT_25_0.0001_5e-05_AUG_4_C0401_1_per_token_metrics.csv,C0401,2.133647488464492,/global/scratch/users/sergiomar10/models/ESMC_Pretrain/HLAC0401/ESMMASK_epitope_FT_25_0.0001_5e-05_AUG_4_C0401_1.pt,epitope
ESMMASK_epitope_FT_25_0.001_5e-05_AUG_1_A0201_2_per_token_metrics.csv,A0201,2.133720023623421,/global/scratch/users/sergiomar10/models/ESMC_Pretrain/HLAA0201/ESMMASK_epitope_FT_25_0.001_5e-05_AUG_1_A0201_2.pt,epitope
ESMMASK_epitope_FT_25_0.001_1e-06_AUG_4_B5201_1_per_token_metrics.csv,B5201,2.1357987896117074,/global/scratch/users/sergiomar10/models/ESMC_Pretrain/HLAB5201/ESMMASK_epitope_FT_25_0.001_1e-06_AUG_4_B5201_1.pt,epitope
ESMMASK_HLA_FT_15_0.001_1e-05_AUG_4_B5101_2_per_token_metrics.csv,B5101,2.1362700182902197,/global/scratch/users/sergiomar10/models/ESMC_Pretrain/HLAB5101/ESMMASK_HLA_FT_15_0.001_1e-05_AUG_4_B5101_2.pt,HLA
ESMMASK_HLA_FT_25_0.0001_5e-05_AUG_3_B1801_1_per_token_metrics.csv,B1801,2.1364856295320322,/global/scratch/users/sergiomar10/models/ESMC_Pretrain/HLAB1801/ESMMASK_HLA_FT_25_0.0001_5e-05_AUG_3_B1801_1.pt,HLA
ESMMASK_HLA_FT_20_0.001_5e-05_AUG_3_B1517_2_per_token_metrics.csv,B1517,2.1386707079580134,/global/scratch/users/sergiomar10/models/ESMC_Pretrain/HLAB1517/ESMMASK_HLA_FT_20_0.001_5e-05_AUG_3_B1517_2.pt,HLA
ESMMASK_HLA_FT_25_0.0001_1e-06_AUG_3_B4402_2_per_token_metrics.csv,B4402,2.1387249946378426,/global/scratch/users/sergiomar10/models/ESMC_Pretrain/HLAB4402/ESMMASK_HLA_FT_25_0.0001_1e-06_AUG_3_B4402_2.pt,HLA
ESMMASK_HLA_FT_20_0.0001_5e-05_AUG_4_B2704_1_per_token_metrics.csv,B2704,2.139555654731115,/global/scratch/users/sergiomar10/models/ESMC_Pretrain/HLAB2704/ESMMASK_HLA_FT_20_0.0001_5e-05_AUG_4_B2704_1.pt,HLA
ESMMASK_HLA_FT_20_0.001_5e-05_AUG_3_C1203_2_per_token_metrics.csv,C1203,2.1397130783245184,/global/scratch/users/sergiomar10/models/ESMC_Pretrain/HLAC1203/ESMMASK_HLA_FT_20_0.001_5e-05_AUG_3_C1203_2.pt,HLA
ESMMASK_epitope_FT_25_0.001_1e-06_AUG_3_B5101_2_per_token_metrics.csv,B5101,2.1397997219494003,/global/scratch/users/sergiomar10/models/ESMC_Pretrain/HLAB5101/ESMMASK_epitope_FT_25_0.001_1e-06_AUG_3_B5101_2.pt,epitope
ESMMASK_epitope_FT_20_0.0001_5e-05_AUG_3_B4402_2_per_token_metrics.csv,B4402,2.140451474650393,/global/scratch/users/sergiomar10/models/ESMC_Pretrain/HLAB4402/ESMMASK_epitope_FT_20_0.0001_5e-05_AUG_3_B4402_2.pt,epitope
ESMMASK_HLA_FT_20_0.001_5e-05_AUG_3_B4402_2_per_token_metrics.csv,B4402,2.1420883611524313,/global/scratch/users/sergiomar10/models/ESMC_Pretrain/HLAB4402/ESMMASK_HLA_FT_20_0.001_5e-05_AUG_3_B4402_2.pt,HLA
ESMMASK_HLA_FT_25_0.001_1e-06_AUG_4_A1101_1_per_token_metrics.csv,A1101,2.1431549927618145,/global/scratch/users/sergiomar10/models/ESMC_Pretrain/HLAA1101/ESMMASK_HLA_FT_25_0.001_1e-06_AUG_4_A1101_1.pt,HLA
ESMMASK_HLA_FT_25_0.001_1e-06_AUG_4_A1101_1_per_token_metrics.csv,A1101,2.1431549927618145,/global/scratch/users/sergiomar10/models/ESMC_Pretrain/HLAA1101/ESMMASK_HLA_FT_25_0.001_1e-06_AUG_4_A1101_1.pt,HLA
ESMMASK_HLA_FT_15_0.001_5e-05_AUG_3_B4403_1_per_token_metrics.csv,B4403,2.143256146852835,/global/scratch/users/sergiomar10/models/ESMC_Pretrain/HLAB4403/ESMMASK_HLA_FT_15_0.001_5e-05_AUG_3_B4403_1.pt,HLA
ESMMASK_epitope_FT_15_0.001_1e-06_AUG_4_A2501_1_per_token_metrics.csv,A2501,2.1436191281350307,/global/scratch/users/sergiomar10/models/ESMC_Pretrain/HLAA2501/ESMMASK_epitope_FT_15_0.001_1e-06_AUG_4_A2501_1.pt,epitope
ESMMASK_HLA_FT_20_0.001_5e-05_AUG_3_C1402_2_per_token_metrics.csv,C1402,2.1483419892670437,/global/scratch/users/sergiomar10/models/ESMC_Pretrain/HLAC1402/ESMMASK_HLA_FT_20_0.001_5e-05_AUG_3_C1402_2.pt,HLA
ESMMASK_epitope_FT_20_0.0001_1e-05_AUG_1_C0501_2_per_token_metrics.csv,C0501,2.148909185063878,/global/scratch/users/sergiomar10/models/ESMC_Pretrain/HLAC0501/ESMMASK_epitope_FT_20_0.0001_1e-05_AUG_1_C0501_2.pt,epitope
ESMMASK_epitope_FT_25_0.001_1e-06_AUG_4_C1203_1_per_token_metrics.csv,C1203,2.1516185435763213,/global/scratch/users/sergiomar10/models/ESMC_Pretrain/HLAC1203/ESMMASK_epitope_FT_25_0.001_1e-06_AUG_4_C1203_1.pt,epitope
ESMMASK_epitope_FT_15_0.001_1e-05_AUG_3_B4402_1_per_token_metrics.csv,B4402,2.1527647455687204,/global/scratch/users/sergiomar10/models/ESMC_Pretrain/HLAB4402/ESMMASK_epitope_FT_15_0.001_1e-05_AUG_3_B4402_1.pt,epitope
ESMMASK_HLA_FT_25_0.0001_1e-05_AUG_3_A6601_1_per_token_metrics.csv,A6601,2.154405590980929,/global/scratch/users/sergiomar10/models/ESMC_Pretrain/HLAA6601/ESMMASK_HLA_FT_25_0.0001_1e-05_AUG_3_A6601_1.pt,HLA
ESMMASK_epitope_FT_25_0.0001_1e-05_AUG_3_B0702_1_per_token_metrics.csv,B0702,2.1544991184107305,/global/scratch/users/sergiomar10/models/ESMC_Pretrain/HLAB0702/ESMMASK_epitope_FT_25_0.0001_1e-05_AUG_3_B0702_1.pt,epitope
ESMMASK_HLA_FT_20_0.0001_5e-05_AUG_4_A1101_1_per_token_metrics.csv,A1101,2.154841045867392,/global/scratch/users/sergiomar10/models/ESMC_Pretrain/HLAA1101/ESMMASK_HLA_FT_20_0.0001_5e-05_AUG_4_A1101_1.pt,HLA
ESMMASK_HLA_FT_20_0.0001_5e-05_AUG_4_A1101_1_per_token_metrics.csv,A1101,2.154841045867392,/global/scratch/users/sergiomar10/models/ESMC_Pretrain/HLAA1101/ESMMASK_HLA_FT_20_0.0001_5e-05_AUG_4_A1101_1.pt,HLA
ESMMASK_HLA_FT_20_0.001_5e-05_AUG_1_B5101_1_per_token_metrics.csv,B5101,2.155183647689741,/global/scratch/users/sergiomar10/models/ESMC_Pretrain/HLAB5101/ESMMASK_HLA_FT_20_0.001_5e-05_AUG_1_B5101_1.pt,HLA
ESMMASK_HLA_FT_15_0.001_5e-05_AUG_3_A1101_1_per_token_metrics.csv,A1101,2.1552968019390324,/global/scratch/users/sergiomar10/models/ESMC_Pretrain/HLAA1101/ESMMASK_HLA_FT_15_0.001_5e-05_AUG_3_A1101_1.pt,HLA
ESMMASK_HLA_FT_15_0.001_5e-05_AUG_3_A1101_1_per_token_metrics.csv,A1101,2.1552968019390324,/global/scratch/users/sergiomar10/models/ESMC_Pretrain/HLAA1101/ESMMASK_HLA_FT_15_0.001_5e-05_AUG_3_A1101_1.pt,HLA
ESMMASK_HLA_FT_25_0.001_1e-05_AUG_3_C1502_1_per_token_metrics.csv,C1502,2.1555375192193704,/global/scratch/users/sergiomar10/models/ESMC_Pretrain/HLAC1502/ESMMASK_HLA_FT_25_0.001_1e-05_AUG_3_C1502_1.pt,HLA
ESMMASK_HLA_FT_25_0.001_1e-05_AUG_3_B1501_1_per_token_metrics.csv,B1501,2.1559052783211383,/global/scratch/users/sergiomar10/models/ESMC_Pretrain/HLAB1501/ESMMASK_HLA_FT_25_0.001_1e-05_AUG_3_B1501_1.pt,HLA
ESMMASK_epitope_FT_25_0.0001_1e-06_AUG_3_B1302_1_per_token_metrics.csv,B1302,2.1562682635249986,/global/scratch/users/sergiomar10/models/ESMC_Pretrain/HLAB1302/ESMMASK_epitope_FT_25_0.0001_1e-06_AUG_3_B1302_1.pt,epitope
ESMMASK_epitope_FT_15_0.001_1e-06_AUG_3_A2402_1_per_token_metrics.csv,A2402,2.156939038631163,/global/scratch/users/sergiomar10/models/ESMC_Pretrain/HLAA2402/ESMMASK_epitope_FT_15_0.001_1e-06_AUG_3_A2402_1.pt,epitope
ESMMASK_epitope_FT_20_0.0001_5e-05_AUG_4_C1203_2_per_token_metrics.csv,C1203,2.1575150990719036,/global/scratch/users/sergiomar10/models/ESMC_Pretrain/HLAC1203/ESMMASK_epitope_FT_20_0.0001_5e-05_AUG_4_C1203_2.pt,epitope
ESMMASK_epitope_FT_25_0.001_1e-05_AUG_4_A1101_1_per_token_metrics.csv,A1101,2.158548320030072,/global/scratch/users/sergiomar10/models/ESMC_Pretrain/HLAA1101/ESMMASK_epitope_FT_25_0.001_1e-05_AUG_4_A1101_1.pt,epitope
ESMMASK_epitope_FT_25_0.001_1e-05_AUG_4_A1101_1_per_token_metrics.csv,A1101,2.158548320030072,/global/scratch/users/sergiomar10/models/ESMC_Pretrain/HLAA1101/ESMMASK_epitope_FT_25_0.001_1e-05_AUG_4_A1101_1.pt,epitope
ESMMASK_epitope_FT_25_0.0001_1e-06_AUG_4_B4403_2_per_token_metrics.csv,B4403,2.1604181375345703,/global/scratch/users/sergiomar10/models/ESMC_Pretrain/HLAB4403/ESMMASK_epitope_FT_25_0.0001_1e-06_AUG_4_B4403_2.pt,epitope
ESMMASK_epitope_FT_25_0.001_1e-05_AUG_3_A0201_2_per_token_metrics.csv,A0201,2.1620132650844806,/global/scratch/users/sergiomar10/models/ESMC_Pretrain/HLAA0201/ESMMASK_epitope_FT_25_0.001_1e-05_AUG_3_A0201_2.pt,epitope
ESMMASK_epitope_FT_25_0.001_1e-05_AUG_4_A0204_2_per_token_metrics.csv,A0204,2.162267583944629,/global/scratch/users/sergiomar10/models/ESMC_Pretrain/HLAA0204/ESMMASK_epitope_FT_25_0.001_1e-05_AUG_4_A0204_2.pt,epitope
ESMMASK_HLA_FT_15_0.0001_1e-06_AUG_3_B5101_1_per_token_metrics.csv,B5101,2.16440352558988,/global/scratch/users/sergiomar10/models/ESMC_Pretrain/HLAB5101/ESMMASK_HLA_FT_15_0.0001_1e-06_AUG_3_B5101_1.pt,HLA
ESMMASK_HLA_FT_15_0.0001_5e-05_AUG_4_A0207_2_per_token_metrics.csv,A0207,2.164499759048159,/global/scratch/users/sergiomar10/models/ESMC_Pretrain/HLAA0207/ESMMASK_HLA_FT_15_0.0001_5e-05_AUG_4_A0207_2.pt,HLA
ESMMASK_HLA_FT_15_0.0001_5e-05_AUG_3_C0501_1_per_token_metrics.csv,C0501,2.1646639228587023,/global/scratch/users/sergiomar10/models/ESMC_Pretrain/HLAC0501/ESMMASK_HLA_FT_15_0.0001_5e-05_AUG_3_C0501_1.pt,HLA
ESMMASK_epitope_FT_20_0.0001_1e-05_AUG_4_B4501_2_per_token_metrics.csv,B4501,2.165387512828418,/global/scratch/users/sergiomar10/models/ESMC_Pretrain/HLAB4501/ESMMASK_epitope_FT_20_0.0001_1e-05_AUG_4_B4501_2.pt,epitope
ESMMASK_epitope_FT_20_0.0001_1e-06_AUG_1_B4002_2_per_token_metrics.csv,B4002,2.1655693554632207,/global/scratch/users/sergiomar10/models/ESMC_Pretrain/HLAB4002/ESMMASK_epitope_FT_20_0.0001_1e-06_AUG_1_B4002_2.pt,epitope
ESMMASK_epitope_FT_15_0.0001_1e-05_AUG_4_B2701_1_per_token_metrics.csv,B2701,2.16599670801836,/global/scratch/users/sergiomar10/models/ESMC_Pretrain/HLAB2701/ESMMASK_epitope_FT_15_0.0001_1e-05_AUG_4_B2701_1.pt,epitope
ESMMASK_epitope_FT_20_0.0001_1e-06_AUG_3_B4402_1_per_token_metrics.csv,B4402,2.1671164577028312,/global/scratch/users/sergiomar10/models/ESMC_Pretrain/HLAB4402/ESMMASK_epitope_FT_20_0.0001_1e-06_AUG_3_B4402_1.pt,epitope
ESMMASK_HLA_FT_25_0.0001_1e-05_AUG_3_A1101_2_per_token_metrics.csv,A1101,2.1672058950583892,/global/scratch/users/sergiomar10/models/ESMC_Pretrain/HLAA1101/ESMMASK_HLA_FT_25_0.0001_1e-05_AUG_3_A1101_2.pt,HLA
ESMMASK_HLA_FT_25_0.0001_1e-05_AUG_3_A1101_2_per_token_metrics.csv,A1101,2.1672058950583892,/global/scratch/users/sergiomar10/models/ESMC_Pretrain/HLAA1101/ESMMASK_HLA_FT_25_0.0001_1e-05_AUG_3_A1101_2.pt,HLA
ESMMASK_epitope_FT_25_0.0001_1e-05_AUG_4_C0501_2_per_token_metrics.csv,C0501,2.1683402680188966,/global/scratch/users/sergiomar10/models/ESMC_Pretrain/HLAC0501/ESMMASK_epitope_FT_25_0.0001_1e-05_AUG_4_C0501_2.pt,epitope
ESMMASK_HLA_FT_20_0.001_5e-05_AUG_4_B1501_2_per_token_metrics.csv,B1501,2.1691895851890766,/global/scratch/users/sergiomar10/models/ESMC_Pretrain/HLAB1501/ESMMASK_HLA_FT_20_0.001_5e-05_AUG_4_B1501_2.pt,HLA
ESMMASK_HLA_FT_15_0.0001_5e-05_AUG_1_B4403_1_per_token_metrics.csv,B4403,2.169489224975527,/global/scratch/users/sergiomar10/models/ESMC_Pretrain/HLAB4403/ESMMASK_HLA_FT_15_0.0001_5e-05_AUG_1_B4403_1.pt,HLA
ESMMASK_epitope_FT_20_0.001_5e-05_AUG_1_A0201_2_per_token_metrics.csv,A0201,2.171777931605666,/global/scratch/users/sergiomar10/models/ESMC_Pretrain/HLAA0201/ESMMASK_epitope_FT_20_0.001_5e-05_AUG_1_A0201_2.pt,epitope
ESMMASK_HLA_FT_25_0.0001_1e-06_AUG_4_A0202_2_per_token_metrics.csv,A0202,2.1718985462594356,/global/scratch/users/sergiomar10/models/ESMC_Pretrain/HLAA0202/ESMMASK_HLA_FT_25_0.0001_1e-06_AUG_4_A0202_2.pt,HLA
ESMMASK_HLA_FT_15_0.001_1e-05_AUG_3_A0301_2_per_token_metrics.csv,A0301,2.1730160494757245,/global/scratch/users/sergiomar10/models/ESMC_Pretrain/HLAA0301/ESMMASK_HLA_FT_15_0.001_1e-05_AUG_3_A0301_2.pt,HLA
ESMMASK_HLA_FT_15_0.001_1e-05_AUG_1_C0501_1_per_token_metrics.csv,C0501,2.173866186253458,/global/scratch/users/sergiomar10/models/ESMC_Pretrain/HLAC0501/ESMMASK_HLA_FT_15_0.001_1e-05_AUG_1_C0501_1.pt,HLA
ESMMASK_epitope_FT_20_0.001_1e-05_AUG_1_A0201_1_per_token_metrics.csv,A0201,2.1741968599114494,/global/scratch/users/sergiomar10/models/ESMC_Pretrain/HLAA0201/ESMMASK_epitope_FT_20_0.001_1e-05_AUG_1_A0201_1.pt,epitope
ESMMASK_HLA_FT_15_0.001_1e-06_AUG_3_A0301_1_per_token_metrics.csv,A0301,2.1745979641314506,/global/scratch/users/sergiomar10/models/ESMC_Pretrain/HLAA0301/ESMMASK_HLA_FT_15_0.001_1e-06_AUG_3_A0301_1.pt,HLA
ESMMASK_epitope_FT_25_0.001_1e-05_AUG_1_A0201_2_per_token_metrics.csv,A0201,2.1748046736495397,/global/scratch/users/sergiomar10/models/ESMC_Pretrain/HLAA0201/ESMMASK_epitope_FT_25_0.001_1e-05_AUG_1_A0201_2.pt,epitope
ESMMASK_HLA_FT_20_0.0001_5e-05_AUG_1_A0201_1_per_token_metrics.csv,A0201,2.1768627965076015,/global/scratch/users/sergiomar10/models/ESMC_Pretrain/HLAA0201/ESMMASK_HLA_FT_20_0.0001_5e-05_AUG_1_A0201_1.pt,HLA
ESMMASK_epitope_FT_25_0.001_1e-06_AUG_4_B2702_2_per_token_metrics.csv,B2702,2.1772800639008767,/global/scratch/users/sergiomar10/models/ESMC_Pretrain/HLAB2702/ESMMASK_epitope_FT_25_0.001_1e-06_AUG_4_B2702_2.pt,epitope
ESMMASK_epitope_FT_15_0.001_1e-06_AUG_1_A0201_1_per_token_metrics.csv,A0201,2.177459587519538,/global/scratch/users/sergiomar10/models/ESMC_Pretrain/HLAA0201/ESMMASK_epitope_FT_15_0.001_1e-06_AUG_1_A0201_1.pt,epitope
ESMMASK_epitope_FT_25_0.001_1e-05_AUG_1_A0201_1_per_token_metrics.csv,A0201,2.1776920607563395,/global/scratch/users/sergiomar10/models/ESMC_Pretrain/HLAA0201/ESMMASK_epitope_FT_25_0.001_1e-05_AUG_1_A0201_1.pt,epitope
ESMMASK_epitope_FT_15_0.001_1e-05_AUG_3_A0201_1_per_token_metrics.csv,A0201,2.1779703294232604,/global/scratch/users/sergiomar10/models/ESMC_Pretrain/HLAA0201/ESMMASK_epitope_FT_15_0.001_1e-05_AUG_3_A0201_1.pt,epitope
ESMMASK_HLA_FT_25_0.0001_5e-05_AUG_3_A0204_2_per_token_metrics.csv,A0204,2.1783415953804823,/global/scratch/users/sergiomar10/models/ESMC_Pretrain/HLAA0204/ESMMASK_HLA_FT_25_0.0001_5e-05_AUG_3_A0204_2.pt,HLA
ESMMASK_epitope_FT_20_0.001_5e-05_AUG_1_B5101_2_per_token_metrics.csv,B5101,2.1791937377349027,/global/scratch/users/sergiomar10/models/ESMC_Pretrain/HLAB5101/ESMMASK_epitope_FT_20_0.001_5e-05_AUG_1_B5101_2.pt,epitope
ESMMASK_epitope_FT_25_0.001_1e-05_AUG_4_C0501_2_per_token_metrics.csv,C0501,2.1792184618066006,/global/scratch/users/sergiomar10/models/ESMC_Pretrain/HLAC0501/ESMMASK_epitope_FT_25_0.001_1e-05_AUG_4_C0501_2.pt,epitope
ESMMASK_HLA_FT_15_0.0001_1e-06_AUG_3_C0801_2_per_token_metrics.csv,C0801,2.179498325463034,/global/scratch/users/sergiomar10/models/ESMC_Pretrain/HLAC0801/ESMMASK_HLA_FT_15_0.0001_1e-06_AUG_3_C0801_2.pt,HLA
ESMMASK_epitope_FT_15_0.001_1e-05_AUG_4_A3201_1_per_token_metrics.csv,A3201,2.1795711958472195,/global/scratch/users/sergiomar10/models/ESMC_Pretrain/HLAA3201/ESMMASK_epitope_FT_15_0.001_1e-05_AUG_4_A3201_1.pt,epitope
ESMMASK_HLA_FT_20_0.001_5e-05_AUG_1_A0201_1_per_token_metrics.csv,A0201,2.179663102744351,/global/scratch/users/sergiomar10/models/ESMC_Pretrain/HLAA0201/ESMMASK_HLA_FT_20_0.001_5e-05_AUG_1_A0201_1.pt,HLA
ESMMASK_HLA_FT_15_0.001_1e-06_AUG_3_A0202_1_per_token_metrics.csv,A0202,2.181510879629149,/global/scratch/users/sergiomar10/models/ESMC_Pretrain/HLAA0202/ESMMASK_HLA_FT_15_0.001_1e-06_AUG_3_A0202_1.pt,HLA
ESMMASK_epitope_FT_15_0.001_5e-05_AUG_3_C1203_1_per_token_metrics.csv,C1203,2.18246595633021,/global/scratch/users/sergiomar10/models/ESMC_Pretrain/HLAC1203/ESMMASK_epitope_FT_15_0.001_5e-05_AUG_3_C1203_1.pt,epitope
ESMMASK_HLA_FT_15_0.001_1e-05_AUG_3_B5802_2_per_token_metrics.csv,B5802,2.1825480157256565,/global/scratch/users/sergiomar10/models/ESMC_Pretrain/HLAB5802/ESMMASK_HLA_FT_15_0.001_1e-05_AUG_3_B5802_2.pt,HLA
ESMMASK_HLA_FT_25_0.001_1e-06_AUG_1_A0201_1_per_token_metrics.csv,A0201,2.184393923936877,/global/scratch/users/sergiomar10/models/ESMC_Pretrain/HLAA0201/ESMMASK_HLA_FT_25_0.001_1e-06_AUG_1_A0201_1.pt,HLA
ESMMASK_HLA_FT_15_0.001_5e-05_AUG_1_A0201_1_per_token_metrics.csv,A0201,2.18442260316344,/global/scratch/users/sergiomar10/models/ESMC_Pretrain/HLAA0201/ESMMASK_HLA_FT_15_0.001_5e-05_AUG_1_A0201_1.pt,HLA
ESMMASK_HLA_FT_15_0.001_1e-06_AUG_3_B4402_1_per_token_metrics.csv,B4402,2.186124139653956,/global/scratch/users/sergiomar10/models/ESMC_Pretrain/HLAB4402/ESMMASK_HLA_FT_15_0.001_1e-06_AUG_3_B4402_1.pt,HLA
ESMMASK_HLA_FT_25_0.001_1e-06_AUG_3_B4402_2_per_token_metrics.csv,B4402,2.187771889459766,/global/scratch/users/sergiomar10/models/ESMC_Pretrain/HLAB4402/ESMMASK_HLA_FT_25_0.001_1e-06_AUG_3_B4402_2.pt,HLA
ESMMASK_epitope_FT_15_0.001_1e-06_AUG_3_A0201_2_per_token_metrics.csv,A0201,2.1887683480604196,/global/scratch/users/sergiomar10/models/ESMC_Pretrain/HLAA0201/ESMMASK_epitope_FT_15_0.001_1e-06_AUG_3_A0201_2.pt,epitope
ESMMASK_epitope_FT_15_0.001_5e-05_AUG_1_A0201_1_per_token_metrics.csv,A0201,2.1900452151447913,/global/scratch/users/sergiomar10/models/ESMC_Pretrain/HLAA0201/ESMMASK_epitope_FT_15_0.001_5e-05_AUG_1_A0201_1.pt,epitope
ESMMASK_HLA_FT_15_0.0001_1e-06_AUG_1_C0501_2_per_token_metrics.csv,C0501,2.1905409594359573,/global/scratch/users/sergiomar10/models/ESMC_Pretrain/HLAC0501/ESMMASK_HLA_FT_15_0.0001_1e-06_AUG_1_C0501_2.pt,HLA
ESMMASK_HLA_FT_25_0.001_1e-05_AUG_3_C1203_1_per_token_metrics.csv,C1203,2.191507388320491,/global/scratch/users/sergiomar10/models/ESMC_Pretrain/HLAC1203/ESMMASK_HLA_FT_25_0.001_1e-05_AUG_3_C1203_1.pt,HLA
ESMMASK_HLA_FT_25_0.001_1e-05_AUG_3_A3303_2_per_token_metrics.csv,A3303,2.192579329690341,/global/scratch/users/sergiomar10/models/ESMC_Pretrain/HLAA3303/ESMMASK_HLA_FT_25_0.001_1e-05_AUG_3_A3303_2.pt,HLA
ESMMASK_epitope_FT_15_0.001_5e-05_AUG_1_B4402_1_per_token_metrics.csv,B4402,2.192739298324869,/global/scratch/users/sergiomar10/models/ESMC_Pretrain/HLAB4402/ESMMASK_epitope_FT_15_0.001_5e-05_AUG_1_B4402_1.pt,epitope
ESMMASK_epitope_FT_25_0.001_1e-06_AUG_3_A2501_1_per_token_metrics.csv,A2501,2.193694070185489,/global/scratch/users/sergiomar10/models/ESMC_Pretrain/HLAA2501/ESMMASK_epitope_FT_25_0.001_1e-06_AUG_3_A2501_1.pt,epitope
ESMMASK_HLA_FT_25_0.001_1e-06_AUG_3_A2301_2_per_token_metrics.csv,A2301,2.19599708495613,/global/scratch/users/sergiomar10/models/ESMC_Pretrain/HLAA2301/ESMMASK_HLA_FT_25_0.001_1e-06_AUG_3_A2301_2.pt,HLA
ESMMASK_epitope_FT_20_0.0001_5e-05_AUG_3_B0801_1_per_token_metrics.csv,B0801,2.19614670917073,/global/scratch/users/sergiomar10/models/ESMC_Pretrain/HLAB0801/ESMMASK_epitope_FT_20_0.0001_5e-05_AUG_3_B0801_1.pt,epitope
ESMMASK_HLA_FT_20_0.001_1e-06_AUG_3_A1101_1_per_token_metrics.csv,A1101,2.196756892905993,/global/scratch/users/sergiomar10/models/ESMC_Pretrain/HLAA1101/ESMMASK_HLA_FT_20_0.001_1e-06_AUG_3_A1101_1.pt,HLA
ESMMASK_HLA_FT_20_0.001_1e-06_AUG_3_A1101_1_per_token_metrics.csv,A1101,2.196756892905993,/global/scratch/users/sergiomar10/models/ESMC_Pretrain/HLAA1101/ESMMASK_HLA_FT_20_0.001_1e-06_AUG_3_A1101_1.pt,HLA
ESMMASK_epitope_FT_25_0.001_1e-06_AUG_1_A0201_1_per_token_metrics.csv,A0201,2.1968943060644546,/global/scratch/users/sergiomar10/models/ESMC_Pretrain/HLAA0201/ESMMASK_epitope_FT_25_0.001_1e-06_AUG_1_A0201_1.pt,epitope
ESMMASK_HLA_FT_25_0.001_1e-06_AUG_4_C0303_2_per_token_metrics.csv,C0303,2.1971050793770925,/global/scratch/users/sergiomar10/models/ESMC_Pretrain/HLAC0303/ESMMASK_HLA_FT_25_0.001_1e-06_AUG_4_C0303_2.pt,HLA
ESMMASK_HLA_FT_20_0.0001_5e-05_AUG_4_A3301_1_per_token_metrics.csv,A3301,2.1977131655269626,/global/scratch/users/sergiomar10/models/ESMC_Pretrain/HLAA3301/ESMMASK_HLA_FT_20_0.0001_5e-05_AUG_4_A3301_1.pt,HLA
ESMMASK_HLA_FT_20_0.001_5e-05_AUG_1_A0201_2_per_token_metrics.csv,A0201,2.197750977523928,/global/scratch/users/sergiomar10/models/ESMC_Pretrain/HLAA0201/ESMMASK_HLA_FT_20_0.001_5e-05_AUG_1_A0201_2.pt,HLA
ESMMASK_HLA_FT_25_0.001_1e-05_AUG_4_B4402_2_per_token_metrics.csv,B4402,2.198222573871847,/global/scratch/users/sergiomar10/models/ESMC_Pretrain/HLAB4402/ESMMASK_HLA_FT_25_0.001_1e-05_AUG_4_B4402_2.pt,HLA
ESMMASK_HLA_FT_25_0.0001_5e-05_AUG_3_B3508_2_per_token_metrics.csv,B3508,2.199560096210701,/global/scratch/users/sergiomar10/models/ESMC_Pretrain/HLAB3508/ESMMASK_HLA_FT_25_0.0001_5e-05_AUG_3_B3508_2.pt,HLA
ESMMASK_epitope_FT_15_0.0001_5e-05_AUG_4_A1101_2_per_token_metrics.csv,A1101,2.2000057156207964,/global/scratch/users/sergiomar10/models/ESMC_Pretrain/HLAA1101/ESMMASK_epitope_FT_15_0.0001_5e-05_AUG_4_A1101_2.pt,epitope
ESMMASK_epitope_FT_15_0.0001_5e-05_AUG_4_A1101_2_per_token_metrics.csv,A1101,2.2000057156207964,/global/scratch/users/sergiomar10/models/ESMC_Pretrain/HLAA1101/ESMMASK_epitope_FT_15_0.0001_5e-05_AUG_4_A1101_2.pt,epitope
ESMMASK_epitope_FT_15_0.001_1e-05_AUG_3_C0401_2_per_token_metrics.csv,C0401,2.2007043626626257,/global/scratch/users/sergiomar10/models/ESMC_Pretrain/HLAC0401/ESMMASK_epitope_FT_15_0.001_1e-05_AUG_3_C0401_2.pt,epitope
ESMMASK_HLA_FT_20_0.0001_1e-06_AUG_3_B1501_1_per_token_metrics.csv,B1501,2.200920810160819,/global/scratch/users/sergiomar10/models/ESMC_Pretrain/HLAB1501/ESMMASK_HLA_FT_20_0.0001_1e-06_AUG_3_B1501_1.pt,HLA
ESMMASK_epitope_FT_20_0.0001_5e-05_AUG_3_A0201_1_per_token_metrics.csv,A0201,2.2018216687654606,/global/scratch/users/sergiomar10/models/ESMC_Pretrain/HLAA0201/ESMMASK_epitope_FT_20_0.0001_5e-05_AUG_3_A0201_1.pt,epitope
ESMMASK_epitope_FT_25_0.0001_1e-06_AUG_4_C0401_2_per_token_metrics.csv,C0401,2.20368349967513,/global/scratch/users/sergiomar10/models/ESMC_Pretrain/HLAC0401/ESMMASK_epitope_FT_25_0.0001_1e-06_AUG_4_C0401_2.pt,epitope
ESMMASK_HLA_FT_25_0.0001_5e-05_AUG_4_A0207_2_per_token_metrics.csv,A0207,2.2045228165073056,/global/scratch/users/sergiomar10/models/ESMC_Pretrain/HLAA0207/ESMMASK_HLA_FT_25_0.0001_5e-05_AUG_4_A0207_2.pt,HLA
ESMMASK_HLA_FT_25_0.0001_5e-05_AUG_1_A0207_2_per_token_metrics.csv,A0207,2.20491032119358,/global/scratch/users/sergiomar10/models/ESMC_Pretrain/HLAA0207/ESMMASK_HLA_FT_25_0.0001_5e-05_AUG_1_A0207_2.pt,HLA
ESMMASK_epitope_FT_25_0.001_5e-05_AUG_1_A0201_1_per_token_metrics.csv,A0201,2.205186434202511,/global/scratch/users/sergiomar10/models/ESMC_Pretrain/HLAA0201/ESMMASK_epitope_FT_25_0.001_5e-05_AUG_1_A0201_1.pt,epitope
ESMMASK_HLA_FT_20_0.001_1e-06_AUG_1_A0201_1_per_token_metrics.csv,A0201,2.2089595666137436,/global/scratch/users/sergiomar10/models/ESMC_Pretrain/HLAA0201/ESMMASK_HLA_FT_20_0.001_1e-06_AUG_1_A0201_1.pt,HLA
ESMMASK_epitope_FT_15_0.001_1e-06_AUG_1_A0201_2_per_token_metrics.csv,A0201,2.209190354172383,/global/scratch/users/sergiomar10/models/ESMC_Pretrain/HLAA0201/ESMMASK_epitope_FT_15_0.001_1e-06_AUG_1_A0201_2.pt,epitope
ESMMASK_HLA_FT_15_0.001_1e-06_AUG_1_A0201_1_per_token_metrics.csv,A0201,2.2092976859257196,/global/scratch/users/sergiomar10/models/ESMC_Pretrain/HLAA0201/ESMMASK_HLA_FT_15_0.001_1e-06_AUG_1_A0201_1.pt,HLA
ESMMASK_HLA_FT_15_0.0001_1e-06_AUG_1_B5101_1_per_token_metrics.csv,B5101,2.2102882906743644,/global/scratch/users/sergiomar10/models/ESMC_Pretrain/HLAB5101/ESMMASK_HLA_FT_15_0.0001_1e-06_AUG_1_B5101_1.pt,HLA
ESMMASK_epitope_FT_15_0.001_1e-06_AUG_3_B2705_2_per_token_metrics.csv,B2705,2.2102925073648927,/global/scratch/users/sergiomar10/models/ESMC_Pretrain/HLAB2705/ESMMASK_epitope_FT_15_0.001_1e-06_AUG_3_B2705_2.pt,epitope
ESMMASK_HLA_FT_15_0.001_1e-05_AUG_1_A0201_2_per_token_metrics.csv,A0201,2.210448143528064,/global/scratch/users/sergiomar10/models/ESMC_Pretrain/HLAA0201/ESMMASK_HLA_FT_15_0.001_1e-05_AUG_1_A0201_2.pt,HLA
ESMMASK_epitope_FT_15_0.0001_1e-06_AUG_4_B1302_2_per_token_metrics.csv,B1302,2.2106290418232146,/global/scratch/users/sergiomar10/models/ESMC_Pretrain/HLAB1302/ESMMASK_epitope_FT_15_0.0001_1e-06_AUG_4_B1302_2.pt,epitope
ESMMASK_HLA_FT_20_0.0001_5e-05_AUG_1_A0201_2_per_token_metrics.csv,A0201,2.2113247534835594,/global/scratch/users/sergiomar10/models/ESMC_Pretrain/HLAA0201/ESMMASK_HLA_FT_20_0.0001_5e-05_AUG_1_A0201_2.pt,HLA
ESMMASK_epitope_FT_25_0.0001_5e-05_AUG_4_A2402_2_per_token_metrics.csv,A2402,2.21196401341416,/global/scratch/users/sergiomar10/models/ESMC_Pretrain/HLAA2402/ESMMASK_epitope_FT_25_0.0001_5e-05_AUG_4_A2402_2.pt,epitope
ESMMASK_epitope_FT_15_0.0001_5e-05_AUG_3_A0201_2_per_token_metrics.csv,A0201,2.212892881181152,/global/scratch/users/sergiomar10/models/ESMC_Pretrain/HLAA0201/ESMMASK_epitope_FT_15_0.0001_5e-05_AUG_3_A0201_2.pt,epitope
ESMMASK_epitope_FT_20_0.001_5e-05_AUG_3_B0801_1_per_token_metrics.csv,B0801,2.213590511652274,/global/scratch/users/sergiomar10/models/ESMC_Pretrain/HLAB0801/ESMMASK_epitope_FT_20_0.001_5e-05_AUG_3_B0801_1.pt,epitope
ESMMASK_HLA_FT_25_0.0001_5e-05_AUG_1_A0201_2_per_token_metrics.csv,A0201,2.214045699258435,/global/scratch/users/sergiomar10/models/ESMC_Pretrain/HLAA0201/ESMMASK_HLA_FT_25_0.0001_5e-05_AUG_1_A0201_2.pt,HLA
ESMMASK_HLA_FT_20_0.001_1e-06_AUG_1_B5101_2_per_token_metrics.csv,B5101,2.2148106803892187,/global/scratch/users/sergiomar10/models/ESMC_Pretrain/HLAB5101/ESMMASK_HLA_FT_20_0.001_1e-06_AUG_1_B5101_2.pt,HLA
ESMMASK_HLA_FT_25_0.0001_5e-05_AUG_3_C0401_1_per_token_metrics.csv,C0401,2.2148118266996573,/global/scratch/users/sergiomar10/models/ESMC_Pretrain/HLAC0401/ESMMASK_HLA_FT_25_0.0001_5e-05_AUG_3_C0401_1.pt,HLA
ESMMASK_epitope_FT_15_0.0001_1e-05_AUG_3_B4402_2_per_token_metrics.csv,B4402,2.2148130715636847,/global/scratch/users/sergiomar10/models/ESMC_Pretrain/HLAB4402/ESMMASK_epitope_FT_15_0.0001_1e-05_AUG_3_B4402_2.pt,epitope
ESMMASK_HLA_FT_15_0.0001_1e-05_AUG_1_A1101_2_per_token_metrics.csv,A1101,2.215111525446223,/global/scratch/users/sergiomar10/models/ESMC_Pretrain/HLAA1101/ESMMASK_HLA_FT_15_0.0001_1e-05_AUG_1_A1101_2.pt,HLA
ESMMASK_HLA_FT_15_0.0001_1e-05_AUG_1_A1101_2_per_token_metrics.csv,A1101,2.215111525446223,/global/scratch/users/sergiomar10/models/ESMC_Pretrain/HLAA1101/ESMMASK_HLA_FT_15_0.0001_1e-05_AUG_1_A1101_2.pt,HLA
ESMMASK_HLA_FT_25_0.0001_5e-05_AUG_3_A1101_1_per_token_metrics.csv,A1101,2.217533522412158,/global/scratch/users/sergiomar10/models/ESMC_Pretrain/HLAA1101/ESMMASK_HLA_FT_25_0.0001_5e-05_AUG_3_A1101_1.pt,HLA
ESMMASK_HLA_FT_25_0.0001_5e-05_AUG_3_A1101_1_per_token_metrics.csv,A1101,2.217533522412158,/global/scratch/users/sergiomar10/models/ESMC_Pretrain/HLAA1101/ESMMASK_HLA_FT_25_0.0001_5e-05_AUG_3_A1101_1.pt,HLA
ESMMASK_HLA_FT_20_0.0001_1e-06_AUG_3_B2709_1_per_token_metrics.csv,B2709,2.2209837954729035,/global/scratch/users/sergiomar10/models/ESMC_Pretrain/HLAB2709/ESMMASK_HLA_FT_20_0.0001_1e-06_AUG_3_B2709_1.pt,HLA
ESMMASK_epitope_FT_25_0.001_5e-05_AUG_1_C0501_1_per_token_metrics.csv,C0501,2.2218043093943343,/global/scratch/users/sergiomar10/models/ESMC_Pretrain/HLAC0501/ESMMASK_epitope_FT_25_0.001_5e-05_AUG_1_C0501_1.pt,epitope
ESMMASK_epitope_FT_20_0.001_1e-05_AUG_1_A0201_2_per_token_metrics.csv,A0201,2.2218190804737294,/global/scratch/users/sergiomar10/models/ESMC_Pretrain/HLAA0201/ESMMASK_epitope_FT_20_0.001_1e-05_AUG_1_A0201_2.pt,epitope
ESMMASK_HLA_FT_15_0.001_5e-05_AUG_4_A3301_2_per_token_metrics.csv,A3301,2.221970469181457,/global/scratch/users/sergiomar10/models/ESMC_Pretrain/HLAA3301/ESMMASK_HLA_FT_15_0.001_5e-05_AUG_4_A3301_2.pt,HLA
ESMMASK_epitope_FT_15_0.0001_1e-05_AUG_1_B4001_2_per_token_metrics.csv,B4001,2.222816498731919,/global/scratch/users/sergiomar10/models/ESMC_Pretrain/HLAB4001/ESMMASK_epitope_FT_15_0.0001_1e-05_AUG_1_B4001_2.pt,epitope
ESMMASK_epitope_FT_25_0.0001_5e-05_AUG_3_A0201_2_per_token_metrics.csv,A0201,2.2234772854290688,/global/scratch/users/sergiomar10/models/ESMC_Pretrain/HLAA0201/ESMMASK_epitope_FT_25_0.0001_5e-05_AUG_3_A0201_2.pt,epitope
ESMMASK_epitope_FT_20_0.001_5e-05_AUG_1_A0201_1_per_token_metrics.csv,A0201,2.2238906194986847,/global/scratch/users/sergiomar10/models/ESMC_Pretrain/HLAA0201/ESMMASK_epitope_FT_20_0.001_5e-05_AUG_1_A0201_1.pt,epitope
ESMMASK_HLA_FT_15_0.0001_1e-06_AUG_4_A3303_1_per_token_metrics.csv,A3303,2.224873022834613,/global/scratch/users/sergiomar10/models/ESMC_Pretrain/HLAA3303/ESMMASK_HLA_FT_15_0.0001_1e-06_AUG_4_A3303_1.pt,HLA
ESMMASK_epitope_FT_20_0.0001_5e-05_AUG_4_B4402_1_per_token_metrics.csv,B4402,2.2251385284466747,/global/scratch/users/sergiomar10/models/ESMC_Pretrain/HLAB4402/ESMMASK_epitope_FT_20_0.0001_5e-05_AUG_4_B4402_1.pt,epitope
ESMMASK_epitope_FT_25_0.001_5e-05_AUG_4_B5701_1_per_token_metrics.csv,B5701,2.2253485753886015,/global/scratch/users/sergiomar10/models/ESMC_Pretrain/HLAB5701/ESMMASK_epitope_FT_25_0.001_5e-05_AUG_4_B5701_1.pt,epitope
ESMMASK_HLA_FT_25_0.001_1e-05_AUG_1_A0201_1_per_token_metrics.csv,A0201,2.2259907126341187,/global/scratch/users/sergiomar10/models/ESMC_Pretrain/HLAA0201/ESMMASK_HLA_FT_25_0.001_1e-05_AUG_1_A0201_1.pt,HLA
ESMMASK_epitope_FT_25_0.001_1e-06_AUG_1_B2705_2_per_token_metrics.csv,B2705,2.2267603123166952,/global/scratch/users/sergiomar10/models/ESMC_Pretrain/HLAB2705/ESMMASK_epitope_FT_25_0.001_1e-06_AUG_1_B2705_2.pt,epitope
ESMMASK_HLA_FT_15_0.001_1e-05_AUG_3_C1502_2_per_token_metrics.csv,C1502,2.227219304072888,/global/scratch/users/sergiomar10/models/ESMC_Pretrain/HLAC1502/ESMMASK_HLA_FT_15_0.001_1e-05_AUG_3_C1502_2.pt,HLA
ESMMASK_HLA_FT_15_0.0001_1e-06_AUG_4_A3303_2_per_token_metrics.csv,A3303,2.227796065134004,/global/scratch/users/sergiomar10/models/ESMC_Pretrain/HLAA3303/ESMMASK_HLA_FT_15_0.0001_1e-06_AUG_4_A3303_2.pt,HLA
ESMMASK_HLA_FT_15_0.001_5e-05_AUG_3_B5301_1_per_token_metrics.csv,B5301,2.228222648422449,/global/scratch/users/sergiomar10/models/ESMC_Pretrain/HLAB5301/ESMMASK_HLA_FT_15_0.001_5e-05_AUG_3_B5301_1.pt,HLA
ESMMASK_epitope_FT_20_0.001_1e-06_AUG_3_B2701_2_per_token_metrics.csv,B2701,2.2285008629849026,/global/scratch/users/sergiomar10/models/ESMC_Pretrain/HLAB2701/ESMMASK_epitope_FT_20_0.001_1e-06_AUG_3_B2701_2.pt,epitope
ESMMASK_epitope_FT_15_0.0001_5e-05_AUG_3_A0201_1_per_token_metrics.csv,A0201,2.2290732275060563,/global/scratch/users/sergiomar10/models/ESMC_Pretrain/HLAA0201/ESMMASK_epitope_FT_15_0.0001_5e-05_AUG_3_A0201_1.pt,epitope
ESMMASK_epitope_FT_20_0.001_1e-05_AUG_1_B2705_2_per_token_metrics.csv,B2705,2.2296172960841747,/global/scratch/users/sergiomar10/models/ESMC_Pretrain/HLAB2705/ESMMASK_epitope_FT_20_0.001_1e-05_AUG_1_B2705_2.pt,epitope
ESMMASK_HLA_FT_25_0.0001_5e-05_AUG_1_A0201_1_per_token_metrics.csv,A0201,2.2297765430150815,/global/scratch/users/sergiomar10/models/ESMC_Pretrain/HLAA0201/ESMMASK_HLA_FT_25_0.0001_5e-05_AUG_1_A0201_1.pt,HLA
ESMMASK_HLA_FT_15_0.0001_1e-05_AUG_3_A2902_1_per_token_metrics.csv,A2902,2.2300679982060907,/global/scratch/users/sergiomar10/models/ESMC_Pretrain/HLAA2902/ESMMASK_HLA_FT_15_0.0001_1e-05_AUG_3_A2902_1.pt,HLA
ESMMASK_epitope_FT_15_0.0001_5e-05_AUG_4_B1501_1_per_token_metrics.csv,B1501,2.230239965019804,/global/scratch/users/sergiomar10/models/ESMC_Pretrain/HLAB1501/ESMMASK_epitope_FT_15_0.0001_5e-05_AUG_4_B1501_1.pt,epitope
ESMMASK_HLA_FT_15_0.001_5e-05_AUG_1_A0201_2_per_token_metrics.csv,A0201,2.2303229509242204,/global/scratch/users/sergiomar10/models/ESMC_Pretrain/HLAA0201/ESMMASK_HLA_FT_15_0.001_5e-05_AUG_1_A0201_2.pt,HLA
ESMMASK_HLA_FT_25_0.0001_1e-06_AUG_4_B4501_2_per_token_metrics.csv,B4501,2.2308679121841886,/global/scratch/users/sergiomar10/models/ESMC_Pretrain/HLAB4501/ESMMASK_HLA_FT_25_0.0001_1e-06_AUG_4_B4501_2.pt,HLA
ESMMASK_HLA_FT_25_0.0001_1e-06_AUG_4_B1501_2_per_token_metrics.csv,B1501,2.231080855544315,/global/scratch/users/sergiomar10/models/ESMC_Pretrain/HLAB1501/ESMMASK_HLA_FT_25_0.0001_1e-06_AUG_4_B1501_2.pt,HLA
ESMMASK_HLA_FT_15_0.001_1e-06_AUG_1_A0201_2_per_token_metrics.csv,A0201,2.2317173267169794,/global/scratch/users/sergiomar10/models/ESMC_Pretrain/HLAA0201/ESMMASK_HLA_FT_15_0.001_1e-06_AUG_1_A0201_2.pt,HLA
ESMMASK_epitope_FT_25_0.0001_5e-05_AUG_3_A1101_1_per_token_metrics.csv,A1101,2.2350067872248305,/global/scratch/users/sergiomar10/models/ESMC_Pretrain/HLAA1101/ESMMASK_epitope_FT_25_0.0001_5e-05_AUG_3_A1101_1.pt,epitope
ESMMASK_epitope_FT_25_0.0001_5e-05_AUG_3_A1101_1_per_token_metrics.csv,A1101,2.2350067872248305,/global/scratch/users/sergiomar10/models/ESMC_Pretrain/HLAA1101/ESMMASK_epitope_FT_25_0.0001_5e-05_AUG_3_A1101_1.pt,epitope
ESMMASK_epitope_FT_15_0.001_1e-06_AUG_1_B5101_2_per_token_metrics.csv,B5101,2.235574693256276,/global/scratch/users/sergiomar10/models/ESMC_Pretrain/HLAB5101/ESMMASK_epitope_FT_15_0.001_1e-06_AUG_1_B5101_2.pt,epitope
ESMMASK_epitope_FT_15_0.0001_5e-05_AUG_3_A1101_1_per_token_metrics.csv,A1101,2.23564700673974,/global/scratch/users/sergiomar10/models/ESMC_Pretrain/HLAA1101/ESMMASK_epitope_FT_15_0.0001_5e-05_AUG_3_A1101_1.pt,epitope
ESMMASK_epitope_FT_15_0.0001_5e-05_AUG_3_A1101_1_per_token_metrics.csv,A1101,2.23564700673974,/global/scratch/users/sergiomar10/models/ESMC_Pretrain/HLAA1101/ESMMASK_epitope_FT_15_0.0001_5e-05_AUG_3_A1101_1.pt,epitope
ESMMASK_HLA_FT_20_0.0001_1e-05_AUG_3_A3101_2_per_token_metrics.csv,A3101,2.2356682595928477,/global/scratch/users/sergiomar10/models/ESMC_Pretrain/HLAA3101/ESMMASK_HLA_FT_20_0.0001_1e-05_AUG_3_A3101_2.pt,HLA
ESMMASK_epitope_FT_15_0.001_1e-06_AUG_3_A2301_2_per_token_metrics.csv,A2301,2.2360892161122528,/global/scratch/users/sergiomar10/models/ESMC_Pretrain/HLAA2301/ESMMASK_epitope_FT_15_0.001_1e-06_AUG_3_A2301_2.pt,epitope
ESMMASK_HLA_FT_15_0.0001_1e-05_AUG_1_A2501_2_per_token_metrics.csv,A2501,2.2381609509578073,/global/scratch/users/sergiomar10/models/ESMC_Pretrain/HLAA2501/ESMMASK_HLA_FT_15_0.0001_1e-05_AUG_1_A2501_2.pt,HLA
ESMMASK_HLA_FT_25_0.0001_1e-06_AUG_1_A2501_1_per_token_metrics.csv,A2501,2.238336505218645,/global/scratch/users/sergiomar10/models/ESMC_Pretrain/HLAA2501/ESMMASK_HLA_FT_25_0.0001_1e-06_AUG_1_A2501_1.pt,HLA
ESMMASK_HLA_FT_15_0.001_5e-05_AUG_4_C0303_2_per_token_metrics.csv,C0303,2.238389583234112,/global/scratch/users/sergiomar10/models/ESMC_Pretrain/HLAC0303/ESMMASK_HLA_FT_15_0.001_5e-05_AUG_4_C0303_2.pt,HLA
ESMMASK_HLA_FT_15_0.001_5e-05_AUG_4_A3201_1_per_token_metrics.csv,A3201,2.2384218957045268,/global/scratch/users/sergiomar10/models/ESMC_Pretrain/HLAA3201/ESMMASK_HLA_FT_15_0.001_5e-05_AUG_4_A3201_1.pt,HLA
ESMMASK_HLA_FT_25_0.0001_1e-05_AUG_1_A0201_2_per_token_metrics.csv,A0201,2.2388576433632386,/global/scratch/users/sergiomar10/models/ESMC_Pretrain/HLAA0201/ESMMASK_HLA_FT_25_0.0001_1e-05_AUG_1_A0201_2.pt,HLA
ESMMASK_HLA_FT_20_0.001_1e-05_AUG_1_A0201_1_per_token_metrics.csv,A0201,2.23992028800103,/global/scratch/users/sergiomar10/models/ESMC_Pretrain/HLAA0201/ESMMASK_HLA_FT_20_0.001_1e-05_AUG_1_A0201_1.pt,HLA
ESMMASK_epitope_FT_20_0.001_5e-05_AUG_4_B5701_2_per_token_metrics.csv,B5701,2.239953436388612,/global/scratch/users/sergiomar10/models/ESMC_Pretrain/HLAB5701/ESMMASK_epitope_FT_20_0.001_5e-05_AUG_4_B5701_2.pt,epitope
ESMMASK_HLA_FT_25_0.001_1e-05_AUG_1_A0201_2_per_token_metrics.csv,A0201,2.2399977206197015,/global/scratch/users/sergiomar10/models/ESMC_Pretrain/HLAA0201/ESMMASK_HLA_FT_25_0.001_1e-05_AUG_1_A0201_2.pt,HLA
ESMMASK_HLA_FT_25_0.0001_1e-06_AUG_1_A1101_2_per_token_metrics.csv,A1101,2.24067901060339,/global/scratch/users/sergiomar10/models/ESMC_Pretrain/HLAA1101/ESMMASK_HLA_FT_25_0.0001_1e-06_AUG_1_A1101_2.pt,HLA
ESMMASK_HLA_FT_25_0.0001_1e-06_AUG_1_A1101_2_per_token_metrics.csv,A1101,2.24067901060339,/global/scratch/users/sergiomar10/models/ESMC_Pretrain/HLAA1101/ESMMASK_HLA_FT_25_0.0001_1e-06_AUG_1_A1101_2.pt,HLA
ESMMASK_HLA_FT_25_0.0001_5e-05_AUG_3_A2902_1_per_token_metrics.csv,A2902,2.240889524930135,/global/scratch/users/sergiomar10/models/ESMC_Pretrain/HLAA2902/ESMMASK_HLA_FT_25_0.0001_5e-05_AUG_3_A2902_1.pt,HLA
ESMMASK_epitope_FT_15_0.001_5e-05_AUG_3_A0201_2_per_token_metrics.csv,A0201,2.242180573664975,/global/scratch/users/sergiomar10/models/ESMC_Pretrain/HLAA0201/ESMMASK_epitope_FT_15_0.001_5e-05_AUG_3_A0201_2.pt,epitope
ESMMASK_epitope_FT_25_0.0001_1e-06_AUG_3_A0211_1_per_token_metrics.csv,A0211,2.2459706598265137,/global/scratch/users/sergiomar10/models/ESMC_Pretrain/HLAA0211/ESMMASK_epitope_FT_25_0.0001_1e-06_AUG_3_A0211_1.pt,epitope
ESMMASK_epitope_FT_15_0.001_1e-05_AUG_3_B4402_2_per_token_metrics.csv,B4402,2.245972139776176,/global/scratch/users/sergiomar10/models/ESMC_Pretrain/HLAB4402/ESMMASK_epitope_FT_15_0.001_1e-05_AUG_3_B4402_2.pt,epitope
ESMMASK_HLA_FT_25_0.0001_5e-05_AUG_4_C0602_2_per_token_metrics.csv,C0602,2.2461350709993657,/global/scratch/users/sergiomar10/models/ESMC_Pretrain/HLAC0602/ESMMASK_HLA_FT_25_0.0001_5e-05_AUG_4_C0602_2.pt,HLA
ESMMASK_HLA_FT_20_0.001_5e-05_AUG_3_C0602_2_per_token_metrics.csv,C0602,2.2467557950664014,/global/scratch/users/sergiomar10/models/ESMC_Pretrain/HLAC0602/ESMMASK_HLA_FT_20_0.001_5e-05_AUG_3_C0602_2.pt,HLA
ESMMASK_HLA_FT_25_0.0001_1e-06_AUG_1_A0204_1_per_token_metrics.csv,A0204,2.2468398010222974,/global/scratch/users/sergiomar10/models/ESMC_Pretrain/HLAA0204/ESMMASK_HLA_FT_25_0.0001_1e-06_AUG_1_A0204_1.pt,HLA
ESMMASK_HLA_FT_15_0.001_5e-05_AUG_1_B1501_2_per_token_metrics.csv,B1501,2.247393983080386,/global/scratch/users/sergiomar10/models/ESMC_Pretrain/HLAB1501/ESMMASK_HLA_FT_15_0.001_5e-05_AUG_1_B1501_2.pt,HLA
ESMMASK_epitope_FT_15_0.0001_1e-05_AUG_4_A6601_2_per_token_metrics.csv,A6601,2.2474858619367892,/global/scratch/users/sergiomar10/models/ESMC_Pretrain/HLAA6601/ESMMASK_epitope_FT_15_0.0001_1e-05_AUG_4_A6601_2.pt,epitope
ESMMASK_epitope_FT_15_0.0001_1e-06_AUG_4_B4402_2_per_token_metrics.csv,B4402,2.249023259962166,/global/scratch/users/sergiomar10/models/ESMC_Pretrain/HLAB4402/ESMMASK_epitope_FT_15_0.0001_1e-06_AUG_4_B4402_2.pt,epitope
ESMMASK_HLA_FT_25_0.0001_1e-05_AUG_4_C0401_1_per_token_metrics.csv,C0401,2.249143097844063,/global/scratch/users/sergiomar10/models/ESMC_Pretrain/HLAC0401/ESMMASK_HLA_FT_25_0.0001_1e-05_AUG_4_C0401_1.pt,HLA
ESMMASK_epitope_FT_20_0.0001_5e-05_AUG_3_B1510_2_per_token_metrics.csv,B1510,2.2503336541148813,/global/scratch/users/sergiomar10/models/ESMC_Pretrain/HLAB1510/ESMMASK_epitope_FT_20_0.0001_5e-05_AUG_3_B1510_2.pt,epitope
ESMMASK_epitope_FT_15_0.0001_1e-06_AUG_4_B1510_2_per_token_metrics.csv,B1510,2.251511034879934,/global/scratch/users/sergiomar10/models/ESMC_Pretrain/HLAB1510/ESMMASK_epitope_FT_15_0.0001_1e-06_AUG_4_B1510_2.pt,epitope
ESMMASK_HLA_FT_20_0.0001_5e-05_AUG_4_B3901_2_per_token_metrics.csv,B3901,2.2520714821212158,/global/scratch/users/sergiomar10/models/ESMC_Pretrain/HLAB3901/ESMMASK_HLA_FT_20_0.0001_5e-05_AUG_4_B3901_2.pt,HLA
ESMMASK_HLA_FT_20_0.001_1e-05_AUG_1_A0201_2_per_token_metrics.csv,A0201,2.2520936201741892,/global/scratch/users/sergiomar10/models/ESMC_Pretrain/HLAA0201/ESMMASK_HLA_FT_20_0.001_1e-05_AUG_1_A0201_2.pt,HLA
ESMMASK_epitope_FT_20_0.0001_1e-06_AUG_4_B5101_2_per_token_metrics.csv,B5101,2.2521879155470614,/global/scratch/users/sergiomar10/models/ESMC_Pretrain/HLAB5101/ESMMASK_epitope_FT_20_0.0001_1e-06_AUG_4_B5101_2.pt,epitope
ESMMASK_HLA_FT_20_0.001_1e-06_AUG_4_B4403_2_per_token_metrics.csv,B4403,2.2524427384467987,/global/scratch/users/sergiomar10/models/ESMC_Pretrain/HLAB4403/ESMMASK_HLA_FT_20_0.001_1e-06_AUG_4_B4403_2.pt,HLA
ESMMASK_HLA_FT_20_0.001_1e-05_AUG_3_A3303_1_per_token_metrics.csv,A3303,2.253166865745036,/global/scratch/users/sergiomar10/models/ESMC_Pretrain/HLAA3303/ESMMASK_HLA_FT_20_0.001_1e-05_AUG_3_A3303_1.pt,HLA
ESMMASK_HLA_FT_25_0.001_1e-05_AUG_4_B3508_1_per_token_metrics.csv,B3508,2.2533463062748376,/global/scratch/users/sergiomar10/models/ESMC_Pretrain/HLAB3508/ESMMASK_HLA_FT_25_0.001_1e-05_AUG_4_B3508_1.pt,HLA
ESMMASK_HLA_FT_15_0.001_1e-06_AUG_1_B0702_2_per_token_metrics.csv,B0702,2.2538327435526875,/global/scratch/users/sergiomar10/models/ESMC_Pretrain/HLAB0702/ESMMASK_HLA_FT_15_0.001_1e-06_AUG_1_B0702_2.pt,HLA
ESMMASK_epitope_FT_25_0.0001_1e-05_AUG_4_B3801_2_per_token_metrics.csv,B3801,2.2540041477804955,/global/scratch/users/sergiomar10/models/ESMC_Pretrain/HLAB3801/ESMMASK_epitope_FT_25_0.0001_1e-05_AUG_4_B3801_2.pt,epitope
ESMMASK_epitope_FT_20_0.001_1e-06_AUG_1_A0201_2_per_token_metrics.csv,A0201,2.2540833636091,/global/scratch/users/sergiomar10/models/ESMC_Pretrain/HLAA0201/ESMMASK_epitope_FT_20_0.001_1e-06_AUG_1_A0201_2.pt,epitope
ESMMASK_epitope_FT_25_0.0001_1e-06_AUG_4_A0202_1_per_token_metrics.csv,A0202,2.2545569606240057,/global/scratch/users/sergiomar10/models/ESMC_Pretrain/HLAA0202/ESMMASK_epitope_FT_25_0.0001_1e-06_AUG_4_A0202_1.pt,epitope
ESMMASK_HLA_FT_15_0.0001_1e-05_AUG_1_A6601_2_per_token_metrics.csv,A6601,2.2546715109145357,/global/scratch/users/sergiomar10/models/ESMC_Pretrain/HLAA6601/ESMMASK_HLA_FT_15_0.0001_1e-05_AUG_1_A6601_2.pt,HLA
ESMMASK_epitope_FT_15_0.001_1e-06_AUG_4_B2702_1_per_token_metrics.csv,B2702,2.2559713175085667,/global/scratch/users/sergiomar10/models/ESMC_Pretrain/HLAB2702/ESMMASK_epitope_FT_15_0.001_1e-06_AUG_4_B2702_1.pt,epitope
ESMMASK_HLA_FT_15_0.001_1e-05_AUG_1_A0201_1_per_token_metrics.csv,A0201,2.256388223001675,/global/scratch/users/sergiomar10/models/ESMC_Pretrain/HLAA0201/ESMMASK_HLA_FT_15_0.001_1e-05_AUG_1_A0201_1.pt,HLA
ESMMASK_epitope_FT_15_0.001_1e-06_AUG_4_A6801_2_per_token_metrics.csv,A6801,2.2567613564185756,/global/scratch/users/sergiomar10/models/ESMC_Pretrain/HLAA6801/ESMMASK_epitope_FT_15_0.001_1e-06_AUG_4_A6801_2.pt,epitope
ESMMASK_HLA_FT_25_0.0001_1e-05_AUG_4_B1510_1_per_token_metrics.csv,B1510,2.2573506748564505,/global/scratch/users/sergiomar10/models/ESMC_Pretrain/HLAB1510/ESMMASK_HLA_FT_25_0.0001_1e-05_AUG_4_B1510_1.pt,HLA
ESMMASK_HLA_FT_15_0.001_1e-06_AUG_1_B4402_1_per_token_metrics.csv,B4402,2.2581743773410334,/global/scratch/users/sergiomar10/models/ESMC_Pretrain/HLAB4402/ESMMASK_HLA_FT_15_0.001_1e-06_AUG_1_B4402_1.pt,HLA
ESMMASK_epitope_FT_25_0.001_5e-05_AUG_3_A1101_2_per_token_metrics.csv,A1101,2.2587921644911444,/global/scratch/users/sergiomar10/models/ESMC_Pretrain/HLAA1101/ESMMASK_epitope_FT_25_0.001_5e-05_AUG_3_A1101_2.pt,epitope
ESMMASK_epitope_FT_25_0.001_5e-05_AUG_3_A1101_2_per_token_metrics.csv,A1101,2.2587921644911444,/global/scratch/users/sergiomar10/models/ESMC_Pretrain/HLAA1101/ESMMASK_epitope_FT_25_0.001_5e-05_AUG_3_A1101_2.pt,epitope
ESMMASK_HLA_FT_20_0.0001_1e-06_AUG_1_A0201_2_per_token_metrics.csv,A0201,2.259473982010515,/global/scratch/users/sergiomar10/models/ESMC_Pretrain/HLAA0201/ESMMASK_HLA_FT_20_0.0001_1e-06_AUG_1_A0201_2.pt,HLA
ESMMASK_epitope_FT_15_0.001_1e-06_AUG_3_A0201_1_per_token_metrics.csv,A0201,2.2598992781224347,/global/scratch/users/sergiomar10/models/ESMC_Pretrain/HLAA0201/ESMMASK_epitope_FT_15_0.001_1e-06_AUG_3_A0201_1.pt,epitope
ESMMASK_HLA_FT_25_0.001_5e-05_AUG_4_B4201_1_per_token_metrics.csv,B4201,2.2603251215639433,/global/scratch/users/sergiomar10/models/ESMC_Pretrain/HLAB4201/ESMMASK_HLA_FT_25_0.001_5e-05_AUG_4_B4201_1.pt,HLA
ESMMASK_epitope_FT_20_0.0001_1e-05_AUG_1_C0802_2_per_token_metrics.csv,C0802,2.260505770663379,/global/scratch/users/sergiomar10/models/ESMC_Pretrain/HLAC0802/ESMMASK_epitope_FT_20_0.0001_1e-05_AUG_1_C0802_2.pt,epitope
ESMMASK_HLA_FT_25_0.0001_1e-06_AUG_1_A0201_1_per_token_metrics.csv,A0201,2.2605897541307214,/global/scratch/users/sergiomar10/models/ESMC_Pretrain/HLAA0201/ESMMASK_HLA_FT_25_0.0001_1e-06_AUG_1_A0201_1.pt,HLA
ESMMASK_HLA_FT_25_0.001_1e-06_AUG_4_A0202_2_per_token_metrics.csv,A0202,2.261070949387985,/global/scratch/users/sergiomar10/models/ESMC_Pretrain/HLAA0202/ESMMASK_HLA_FT_25_0.001_1e-06_AUG_4_A0202_2.pt,HLA
ESMMASK_HLA_FT_15_0.001_1e-05_AUG_1_B2705_1_per_token_metrics.csv,B2705,2.2620932970810483,/global/scratch/users/sergiomar10/models/ESMC_Pretrain/HLAB2705/ESMMASK_HLA_FT_15_0.001_1e-05_AUG_1_B2705_1.pt,HLA
ESMMASK_epitope_FT_25_0.0001_1e-06_AUG_3_A0201_2_per_token_metrics.csv,A0201,2.262806120041951,/global/scratch/users/sergiomar10/models/ESMC_Pretrain/HLAA0201/ESMMASK_epitope_FT_25_0.0001_1e-06_AUG_3_A0201_2.pt,epitope
ESMMASK_epitope_FT_15_0.001_1e-06_AUG_4_B2709_1_per_token_metrics.csv,B2709,2.2638898945602834,/global/scratch/users/sergiomar10/models/ESMC_Pretrain/HLAB2709/ESMMASK_epitope_FT_15_0.001_1e-06_AUG_4_B2709_1.pt,epitope
ESMMASK_epitope_FT_25_0.001_1e-06_AUG_3_A3001_1_per_token_metrics.csv,A3001,2.2645400265031848,/global/scratch/users/sergiomar10/models/ESMC_Pretrain/HLAA3001/ESMMASK_epitope_FT_25_0.001_1e-06_AUG_3_A3001_1.pt,epitope
ESMMASK_epitope_FT_15_0.001_1e-06_AUG_4_A3301_2_per_token_metrics.csv,A3301,2.2669152716194994,/global/scratch/users/sergiomar10/models/ESMC_Pretrain/HLAA3301/ESMMASK_epitope_FT_15_0.001_1e-06_AUG_4_A3301_2.pt,epitope
ESMMASK_epitope_FT_20_0.001_1e-06_AUG_4_A1101_1_per_token_metrics.csv,A1101,2.2682312509747535,/global/scratch/users/sergiomar10/models/ESMC_Pretrain/HLAA1101/ESMMASK_epitope_FT_20_0.001_1e-06_AUG_4_A1101_1.pt,epitope
ESMMASK_epitope_FT_20_0.001_1e-06_AUG_4_A1101_1_per_token_metrics.csv,A1101,2.2682312509747535,/global/scratch/users/sergiomar10/models/ESMC_Pretrain/HLAA1101/ESMMASK_epitope_FT_20_0.001_1e-06_AUG_4_A1101_1.pt,epitope
ESMMASK_epitope_FT_20_0.001_5e-05_AUG_1_A1101_2_per_token_metrics.csv,A1101,2.268353558902469,/global/scratch/users/sergiomar10/models/ESMC_Pretrain/HLAA1101/ESMMASK_epitope_FT_20_0.001_5e-05_AUG_1_A1101_2.pt,epitope
ESMMASK_epitope_FT_20_0.001_5e-05_AUG_1_A1101_2_per_token_metrics.csv,A1101,2.268353558902469,/global/scratch/users/sergiomar10/models/ESMC_Pretrain/HLAA1101/ESMMASK_epitope_FT_20_0.001_5e-05_AUG_1_A1101_2.pt,epitope
ESMMASK_epitope_FT_25_0.0001_1e-05_AUG_3_A0206_2_per_token_metrics.csv,A0206,2.2684497061781554,/global/scratch/users/sergiomar10/models/ESMC_Pretrain/HLAA0206/ESMMASK_epitope_FT_25_0.0001_1e-05_AUG_3_A0206_2.pt,epitope
ESMMASK_epitope_FT_25_0.0001_5e-05_AUG_4_A0206_1_per_token_metrics.csv,A0206,2.269474622317969,/global/scratch/users/sergiomar10/models/ESMC_Pretrain/HLAA0206/ESMMASK_epitope_FT_25_0.0001_5e-05_AUG_4_A0206_1.pt,epitope
ESMMASK_epitope_FT_25_0.0001_1e-05_AUG_3_A0101_2_per_token_metrics.csv,A0101,2.269565803925849,/global/scratch/users/sergiomar10/models/ESMC_Pretrain/HLAA0101/ESMMASK_epitope_FT_25_0.0001_1e-05_AUG_3_A0101_2.pt,epitope
ESMMASK_epitope_FT_15_0.0001_1e-05_AUG_3_A0201_1_per_token_metrics.csv,A0201,2.2702387589709825,/global/scratch/users/sergiomar10/models/ESMC_Pretrain/HLAA0201/ESMMASK_epitope_FT_15_0.0001_1e-05_AUG_3_A0201_1.pt,epitope
ESMMASK_HLA_FT_15_0.0001_1e-05_AUG_1_B1801_2_per_token_metrics.csv,B1801,2.270771907514678,/global/scratch/users/sergiomar10/models/ESMC_Pretrain/HLAB1801/ESMMASK_HLA_FT_15_0.0001_1e-05_AUG_1_B1801_2.pt,HLA
ESMMASK_HLA_FT_25_0.0001_1e-06_AUG_1_A0201_2_per_token_metrics.csv,A0201,2.2716435847682543,/global/scratch/users/sergiomar10/models/ESMC_Pretrain/HLAA0201/ESMMASK_HLA_FT_25_0.0001_1e-06_AUG_1_A0201_2.pt,HLA
ESMMASK_epitope_FT_20_0.001_5e-05_AUG_3_C0303_1_per_token_metrics.csv,C0303,2.271922175618167,/global/scratch/users/sergiomar10/models/ESMC_Pretrain/HLAC0303/ESMMASK_epitope_FT_20_0.001_5e-05_AUG_3_C0303_1.pt,epitope
ESMMASK_epitope_FT_20_0.0001_1e-06_AUG_4_A2601_1_per_token_metrics.csv,A2601,2.2721690905753174,/global/scratch/users/sergiomar10/models/ESMC_Pretrain/HLAA2601/ESMMASK_epitope_FT_20_0.0001_1e-06_AUG_4_A2601_1.pt,epitope
ESMMASK_epitope_FT_15_0.001_5e-05_AUG_1_A0201_2_per_token_metrics.csv,A0201,2.273991428327718,/global/scratch/users/sergiomar10/models/ESMC_Pretrain/HLAA0201/ESMMASK_epitope_FT_15_0.001_5e-05_AUG_1_A0201_2.pt,epitope
ESMMASK_epitope_FT_20_0.0001_1e-05_AUG_4_B4501_1_per_token_metrics.csv,B4501,2.274362668447806,/global/scratch/users/sergiomar10/models/ESMC_Pretrain/HLAB4501/ESMMASK_epitope_FT_20_0.0001_1e-05_AUG_4_B4501_1.pt,epitope
ESMMASK_epitope_FT_15_0.001_1e-05_AUG_1_A0201_1_per_token_metrics.csv,A0201,2.276204385721131,/global/scratch/users/sergiomar10/models/ESMC_Pretrain/HLAA0201/ESMMASK_epitope_FT_15_0.001_1e-05_AUG_1_A0201_1.pt,epitope
ESMMASK_epitope_FT_25_0.0001_1e-06_AUG_3_B5101_2_per_token_metrics.csv,B5101,2.2763709837753203,/global/scratch/users/sergiomar10/models/ESMC_Pretrain/HLAB5101/ESMMASK_epitope_FT_25_0.0001_1e-06_AUG_3_B5101_2.pt,epitope
ESMMASK_epitope_FT_20_0.001_1e-05_AUG_1_B4402_1_per_token_metrics.csv,B4402,2.2765668244801596,/global/scratch/users/sergiomar10/models/ESMC_Pretrain/HLAB4402/ESMMASK_epitope_FT_20_0.001_1e-05_AUG_1_B4402_1.pt,epitope
ESMMASK_HLA_FT_15_0.001_1e-06_AUG_3_B4601_1_per_token_metrics.csv,B4601,2.2783709869262045,/global/scratch/users/sergiomar10/models/ESMC_Pretrain/HLAB4601/ESMMASK_HLA_FT_15_0.001_1e-06_AUG_3_B4601_1.pt,HLA
ESMMASK_epitope_FT_15_0.0001_5e-05_AUG_1_A0201_2_per_token_metrics.csv,A0201,2.278627588351322,/global/scratch/users/sergiomar10/models/ESMC_Pretrain/HLAA0201/ESMMASK_epitope_FT_15_0.0001_5e-05_AUG_1_A0201_2.pt,epitope
ESMMASK_epitope_FT_20_0.001_1e-06_AUG_3_B0801_2_per_token_metrics.csv,B0801,2.2786279213108758,/global/scratch/users/sergiomar10/models/ESMC_Pretrain/HLAB0801/ESMMASK_epitope_FT_20_0.001_1e-06_AUG_3_B0801_2.pt,epitope
ESMMASK_epitope_FT_20_0.0001_1e-06_AUG_1_A0201_2_per_token_metrics.csv,A0201,2.2789458395168856,/global/scratch/users/sergiomar10/models/ESMC_Pretrain/HLAA0201/ESMMASK_epitope_FT_20_0.0001_1e-06_AUG_1_A0201_2.pt,epitope
ESMMASK_epitope_FT_20_0.0001_1e-06_AUG_4_A2902_1_per_token_metrics.csv,A2902,2.2804936269506877,/global/scratch/users/sergiomar10/models/ESMC_Pretrain/HLAA2902/ESMMASK_epitope_FT_20_0.0001_1e-06_AUG_4_A2902_1.pt,epitope
ESMMASK_HLA_FT_20_0.0001_1e-06_AUG_4_C0701_2_per_token_metrics.csv,C0701,2.280499737803498,/global/scratch/users/sergiomar10/models/ESMC_Pretrain/HLAC0701/ESMMASK_HLA_FT_20_0.0001_1e-06_AUG_4_C0701_2.pt,HLA
ESMMASK_epitope_FT_25_0.0001_1e-05_AUG_3_A0301_1_per_token_metrics.csv,A0301,2.280797979589235,/global/scratch/users/sergiomar10/models/ESMC_Pretrain/HLAA0301/ESMMASK_epitope_FT_25_0.0001_1e-05_AUG_3_A0301_1.pt,epitope
ESMMASK_HLA_FT_25_0.0001_1e-06_AUG_1_B1302_2_per_token_metrics.csv,B1302,2.2813046983649428,/global/scratch/users/sergiomar10/models/ESMC_Pretrain/HLAB1302/ESMMASK_HLA_FT_25_0.0001_1e-06_AUG_1_B1302_2.pt,HLA
ESMMASK_epitope_FT_20_0.0001_1e-06_AUG_1_A1101_2_per_token_metrics.csv,A1101,2.2836110010018085,/global/scratch/users/sergiomar10/models/ESMC_Pretrain/HLAA1101/ESMMASK_epitope_FT_20_0.0001_1e-06_AUG_1_A1101_2.pt,epitope
ESMMASK_epitope_FT_20_0.0001_1e-06_AUG_1_A1101_2_per_token_metrics.csv,A1101,2.2836110010018085,/global/scratch/users/sergiomar10/models/ESMC_Pretrain/HLAA1101/ESMMASK_epitope_FT_20_0.0001_1e-06_AUG_1_A1101_2.pt,epitope
ESMMASK_HLA_FT_15_0.001_1e-06_AUG_1_B2705_2_per_token_metrics.csv,B2705,2.284740482881806,/global/scratch/users/sergiomar10/models/ESMC_Pretrain/HLAB2705/ESMMASK_HLA_FT_15_0.001_1e-06_AUG_1_B2705_2.pt,HLA
ESMMASK_HLA_FT_15_0.001_5e-05_AUG_1_B2705_2_per_token_metrics.csv,B2705,2.2851498099557856,/global/scratch/users/sergiomar10/models/ESMC_Pretrain/HLAB2705/ESMMASK_HLA_FT_15_0.001_5e-05_AUG_1_B2705_2.pt,HLA
ESMMASK_epitope_FT_25_0.0001_1e-05_AUG_1_A0201_2_per_token_metrics.csv,A0201,2.285636393593849,/global/scratch/users/sergiomar10/models/ESMC_Pretrain/HLAA0201/ESMMASK_epitope_FT_25_0.0001_1e-05_AUG_1_A0201_2.pt,epitope
ESMMASK_epitope_FT_15_0.0001_1e-06_AUG_4_C0702_2_per_token_metrics.csv,C0702,2.286527369045613,/global/scratch/users/sergiomar10/models/ESMC_Pretrain/HLAC0702/ESMMASK_epitope_FT_15_0.0001_1e-06_AUG_4_C0702_2.pt,epitope
ESMMASK_epitope_FT_15_0.0001_5e-05_AUG_4_A1101_1_per_token_metrics.csv,A1101,2.287247010128384,/global/scratch/users/sergiomar10/models/ESMC_Pretrain/HLAA1101/ESMMASK_epitope_FT_15_0.0001_5e-05_AUG_4_A1101_1.pt,epitope
ESMMASK_epitope_FT_15_0.0001_5e-05_AUG_4_A1101_1_per_token_metrics.csv,A1101,2.287247010128384,/global/scratch/users/sergiomar10/models/ESMC_Pretrain/HLAA1101/ESMMASK_epitope_FT_15_0.0001_5e-05_AUG_4_A1101_1.pt,epitope
ESMMASK_HLA_FT_20_0.0001_1e-05_AUG_1_A0201_1_per_token_metrics.csv,A0201,2.287959217266695,/global/scratch/users/sergiomar10/models/ESMC_Pretrain/HLAA0201/ESMMASK_HLA_FT_20_0.0001_1e-05_AUG_1_A0201_1.pt,HLA
ESMMASK_HLA_FT_15_0.0001_1e-05_AUG_1_A2501_1_per_token_metrics.csv,A2501,2.2881790696747175,/global/scratch/users/sergiomar10/models/ESMC_Pretrain/HLAA2501/ESMMASK_HLA_FT_15_0.0001_1e-05_AUG_1_A2501_1.pt,HLA
ESMMASK_HLA_FT_15_0.0001_5e-05_AUG_1_A0101_1_per_token_metrics.csv,A0101,2.288392310292891,/global/scratch/users/sergiomar10/models/ESMC_Pretrain/HLAA0101/ESMMASK_HLA_FT_15_0.0001_5e-05_AUG_1_A0101_1.pt,HLA
ESMMASK_epitope_FT_20_0.001_1e-06_AUG_3_B1501_1_per_token_metrics.csv,B1501,2.288521357011584,/global/scratch/users/sergiomar10/models/ESMC_Pretrain/HLAB1501/ESMMASK_epitope_FT_20_0.001_1e-06_AUG_3_B1501_1.pt,epitope
ESMMASK_HLA_FT_20_0.0001_1e-05_AUG_1_A0201_2_per_token_metrics.csv,A0201,2.28900402974424,/global/scratch/users/sergiomar10/models/ESMC_Pretrain/HLAA0201/ESMMASK_HLA_FT_20_0.0001_1e-05_AUG_1_A0201_2.pt,HLA
ESMMASK_epitope_FT_20_0.0001_5e-05_AUG_3_A1102_1_per_token_metrics.csv,A1102,2.289859003083867,/global/scratch/users/sergiomar10/models/ESMC_Pretrain/HLAA1102/ESMMASK_epitope_FT_20_0.0001_5e-05_AUG_3_A1102_1.pt,epitope
ESMMASK_epitope_FT_15_0.0001_5e-05_AUG_4_B5201_1_per_token_metrics.csv,B5201,2.2898880343215624,/global/scratch/users/sergiomar10/models/ESMC_Pretrain/HLAB5201/ESMMASK_epitope_FT_15_0.0001_5e-05_AUG_4_B5201_1.pt,epitope
ESMMASK_epitope_FT_20_0.0001_5e-05_AUG_4_B3501_2_per_token_metrics.csv,B3501,2.2924349086377065,/global/scratch/users/sergiomar10/models/ESMC_Pretrain/HLAB3501/ESMMASK_epitope_FT_20_0.0001_5e-05_AUG_4_B3501_2.pt,epitope
ESMMASK_HLA_FT_15_0.001_1e-05_AUG_3_A0204_1_per_token_metrics.csv,A0204,2.2925420302538657,/global/scratch/users/sergiomar10/models/ESMC_Pretrain/HLAA0204/ESMMASK_HLA_FT_15_0.001_1e-05_AUG_3_A0204_1.pt,HLA
ESMMASK_epitope_FT_20_0.0001_1e-06_AUG_1_B4402_1_per_token_metrics.csv,B4402,2.2927121752192328,/global/scratch/users/sergiomar10/models/ESMC_Pretrain/HLAB4402/ESMMASK_epitope_FT_20_0.0001_1e-06_AUG_1_B4402_1.pt,epitope
ESMMASK_epitope_FT_15_0.001_1e-06_AUG_1_B2705_1_per_token_metrics.csv,B2705,2.292883481077722,/global/scratch/users/sergiomar10/models/ESMC_Pretrain/HLAB2705/ESMMASK_epitope_FT_15_0.001_1e-06_AUG_1_B2705_1.pt,epitope
ESMMASK_epitope_FT_15_0.001_1e-06_AUG_3_C1402_2_per_token_metrics.csv,C1402,2.2953326772564937,/global/scratch/users/sergiomar10/models/ESMC_Pretrain/HLAC1402/ESMMASK_epitope_FT_15_0.001_1e-06_AUG_3_C1402_2.pt,epitope
ESMMASK_HLA_FT_15_0.0001_5e-05_AUG_3_A6801_2_per_token_metrics.csv,A6801,2.2959408233848846,/global/scratch/users/sergiomar10/models/ESMC_Pretrain/HLAA6801/ESMMASK_HLA_FT_15_0.0001_5e-05_AUG_3_A6801_2.pt,HLA
ESMMASK_epitope_FT_20_0.0001_5e-05_AUG_4_B5801_1_per_token_metrics.csv,B5801,2.2968072439276264,/global/scratch/users/sergiomar10/models/ESMC_Pretrain/HLAB5801/ESMMASK_epitope_FT_20_0.0001_5e-05_AUG_4_B5801_1.pt,epitope
ESMMASK_epitope_FT_20_0.001_1e-06_AUG_3_B2701_1_per_token_metrics.csv,B2701,2.296811881901696,/global/scratch/users/sergiomar10/models/ESMC_Pretrain/HLAB2701/ESMMASK_epitope_FT_20_0.001_1e-06_AUG_3_B2701_1.pt,epitope
ESMMASK_HLA_FT_15_0.0001_1e-05_AUG_3_B1501_1_per_token_metrics.csv,B1501,2.2976811917012427,/global/scratch/users/sergiomar10/models/ESMC_Pretrain/HLAB1501/ESMMASK_HLA_FT_15_0.0001_1e-05_AUG_3_B1501_1.pt,HLA
ESMMASK_epitope_FT_20_0.0001_5e-05_AUG_3_B1502_1_per_token_metrics.csv,B1502,2.297873311239986,/global/scratch/users/sergiomar10/models/ESMC_Pretrain/HLAB1502/ESMMASK_epitope_FT_20_0.0001_5e-05_AUG_3_B1502_1.pt,epitope
ESMMASK_epitope_FT_15_0.0001_1e-05_AUG_1_B4402_1_per_token_metrics.csv,B4402,2.2986630915696376,/global/scratch/users/sergiomar10/models/ESMC_Pretrain/HLAB4402/ESMMASK_epitope_FT_15_0.0001_1e-05_AUG_1_B4402_1.pt,epitope
ESMMASK_epitope_FT_20_0.0001_1e-05_AUG_4_B5101_1_per_token_metrics.csv,B5101,2.2997696492932422,/global/scratch/users/sergiomar10/models/ESMC_Pretrain/HLAB5101/ESMMASK_epitope_FT_20_0.0001_1e-05_AUG_4_B5101_1.pt,epitope
ESMMASK_HLA_FT_15_0.001_1e-06_AUG_1_B2705_1_per_token_metrics.csv,B2705,2.3002116123305445,/global/scratch/users/sergiomar10/models/ESMC_Pretrain/HLAB2705/ESMMASK_HLA_FT_15_0.001_1e-06_AUG_1_B2705_1.pt,HLA
ESMMASK_epitope_FT_20_0.001_5e-05_AUG_1_A3303_1_per_token_metrics.csv,A3303,2.3002187203377042,/global/scratch/users/sergiomar10/models/ESMC_Pretrain/HLAA3303/ESMMASK_epitope_FT_20_0.001_5e-05_AUG_1_A3303_1.pt,epitope
ESMMASK_epitope_FT_25_0.001_5e-05_AUG_4_B4601_1_per_token_metrics.csv,B4601,2.301490211381487,/global/scratch/users/sergiomar10/models/ESMC_Pretrain/HLAB4601/ESMMASK_epitope_FT_25_0.001_5e-05_AUG_4_B4601_1.pt,epitope
ESMMASK_epitope_FT_20_0.0001_5e-05_AUG_1_A0201_1_per_token_metrics.csv,A0201,2.3019151813903704,/global/scratch/users/sergiomar10/models/ESMC_Pretrain/HLAA0201/ESMMASK_epitope_FT_20_0.0001_5e-05_AUG_1_A0201_1.pt,epitope
ESMMASK_epitope_FT_25_0.0001_1e-06_AUG_4_A0217_1_per_token_metrics.csv,A0217,2.3022460633039694,/global/scratch/users/sergiomar10/models/ESMC_Pretrain/HLAA0217/ESMMASK_epitope_FT_25_0.0001_1e-06_AUG_4_A0217_1.pt,epitope
ESMMASK_epitope_FT_20_0.001_1e-05_AUG_4_B3901_1_per_token_metrics.csv,B3901,2.3028221535627393,/global/scratch/users/sergiomar10/models/ESMC_Pretrain/HLAB3901/ESMMASK_epitope_FT_20_0.001_1e-05_AUG_4_B3901_1.pt,epitope
ESMMASK_epitope_FT_20_0.001_1e-05_AUG_4_A3201_1_per_token_metrics.csv,A3201,2.304048123303321,/global/scratch/users/sergiomar10/models/ESMC_Pretrain/HLAA3201/ESMMASK_epitope_FT_20_0.001_1e-05_AUG_4_A3201_1.pt,epitope
ESMMASK_HLA_FT_25_0.001_1e-06_AUG_1_A0201_2_per_token_metrics.csv,A0201,2.3041548902365023,/global/scratch/users/sergiomar10/models/ESMC_Pretrain/HLAA0201/ESMMASK_HLA_FT_25_0.001_1e-06_AUG_1_A0201_2.pt,HLA
ESMMASK_HLA_FT_15_0.0001_1e-05_AUG_3_B2703_2_per_token_metrics.csv,B2703,2.304445799313933,/global/scratch/users/sergiomar10/models/ESMC_Pretrain/HLAB2703/ESMMASK_HLA_FT_15_0.0001_1e-05_AUG_3_B2703_2.pt,HLA
ESMMASK_HLA_FT_25_0.0001_1e-06_AUG_1_A0301_1_per_token_metrics.csv,A0301,2.3049990591818865,/global/scratch/users/sergiomar10/models/ESMC_Pretrain/HLAA0301/ESMMASK_HLA_FT_25_0.0001_1e-06_AUG_1_A0301_1.pt,HLA
ESMMASK_HLA_FT_15_0.001_1e-05_AUG_4_A0211_1_per_token_metrics.csv,A0211,2.30581357038544,/global/scratch/users/sergiomar10/models/ESMC_Pretrain/HLAA0211/ESMMASK_HLA_FT_15_0.001_1e-05_AUG_4_A0211_1.pt,HLA
ESMMASK_epitope_FT_15_0.0001_1e-06_AUG_3_B1502_1_per_token_metrics.csv,B1502,2.308365436410991,/global/scratch/users/sergiomar10/models/ESMC_Pretrain/HLAB1502/ESMMASK_epitope_FT_15_0.0001_1e-06_AUG_3_B1502_1.pt,epitope
ESMMASK_HLA_FT_15_0.0001_5e-05_AUG_1_B4402_2_per_token_metrics.csv,B4402,2.308462777583443,/global/scratch/users/sergiomar10/models/ESMC_Pretrain/HLAB4402/ESMMASK_HLA_FT_15_0.0001_5e-05_AUG_1_B4402_2.pt,HLA
ESMMASK_epitope_FT_20_0.0001_1e-05_AUG_1_A0201_2_per_token_metrics.csv,A0201,2.308606928033423,/global/scratch/users/sergiomar10/models/ESMC_Pretrain/HLAA0201/ESMMASK_epitope_FT_20_0.0001_1e-05_AUG_1_A0201_2.pt,epitope
ESMMASK_epitope_FT_20_0.001_5e-05_AUG_3_B2709_2_per_token_metrics.csv,B2709,2.309054494894952,/global/scratch/users/sergiomar10/models/ESMC_Pretrain/HLAB2709/ESMMASK_epitope_FT_20_0.001_5e-05_AUG_3_B2709_2.pt,epitope
ESMMASK_HLA_FT_20_0.001_1e-06_AUG_1_A0201_2_per_token_metrics.csv,A0201,2.30929526942666,/global/scratch/users/sergiomar10/models/ESMC_Pretrain/HLAA0201/ESMMASK_HLA_FT_20_0.001_1e-06_AUG_1_A0201_2.pt,HLA
ESMMASK_epitope_FT_20_0.001_5e-05_AUG_4_A1101_2_per_token_metrics.csv,A1101,2.309344603877403,/global/scratch/users/sergiomar10/models/ESMC_Pretrain/HLAA1101/ESMMASK_epitope_FT_20_0.001_5e-05_AUG_4_A1101_2.pt,epitope
ESMMASK_epitope_FT_20_0.001_5e-05_AUG_4_A1101_2_per_token_metrics.csv,A1101,2.309344603877403,/global/scratch/users/sergiomar10/models/ESMC_Pretrain/HLAA1101/ESMMASK_epitope_FT_20_0.001_5e-05_AUG_4_A1101_2.pt,epitope
ESMMASK_HLA_FT_15_0.0001_1e-06_AUG_1_A0206_1_per_token_metrics.csv,A0206,2.3107263620749205,/global/scratch/users/sergiomar10/models/ESMC_Pretrain/HLAA0206/ESMMASK_HLA_FT_15_0.0001_1e-06_AUG_1_A0206_1.pt,HLA
ESMMASK_HLA_FT_15_0.001_5e-05_AUG_1_B2705_1_per_token_metrics.csv,B2705,2.3112334502706893,/global/scratch/users/sergiomar10/models/ESMC_Pretrain/HLAB2705/ESMMASK_HLA_FT_15_0.001_5e-05_AUG_1_B2705_1.pt,HLA
ESMMASK_epitope_FT_15_0.0001_1e-05_AUG_3_A0201_2_per_token_metrics.csv,A0201,2.3113222853808453,/global/scratch/users/sergiomar10/models/ESMC_Pretrain/HLAA0201/ESMMASK_epitope_FT_15_0.0001_1e-05_AUG_3_A0201_2.pt,epitope
ESMMASK_HLA_FT_20_0.001_1e-06_AUG_4_B1503_2_per_token_metrics.csv,B1503,2.3120402260792017,/global/scratch/users/sergiomar10/models/ESMC_Pretrain/HLAB1503/ESMMASK_HLA_FT_20_0.001_1e-06_AUG_4_B1503_2.pt,HLA
ESMMASK_epitope_FT_25_0.0001_1e-06_AUG_1_A0201_2_per_token_metrics.csv,A0201,2.3121783309954353,/global/scratch/users/sergiomar10/models/ESMC_Pretrain/HLAA0201/ESMMASK_epitope_FT_25_0.0001_1e-06_AUG_1_A0201_2.pt,epitope
ESMMASK_HLA_FT_20_0.0001_1e-06_AUG_3_A3201_1_per_token_metrics.csv,A3201,2.3149474885010592,/global/scratch/users/sergiomar10/models/ESMC_Pretrain/HLAA3201/ESMMASK_HLA_FT_20_0.0001_1e-06_AUG_3_A3201_1.pt,HLA
ESMMASK_HLA_FT_15_0.0001_1e-05_AUG_1_A6601_1_per_token_metrics.csv,A6601,2.3160255080052314,/global/scratch/users/sergiomar10/models/ESMC_Pretrain/HLAA6601/ESMMASK_HLA_FT_15_0.0001_1e-05_AUG_1_A6601_1.pt,HLA
ESMMASK_epitope_FT_25_0.001_1e-05_AUG_3_B2705_2_per_token_metrics.csv,B2705,2.316054774509487,/global/scratch/users/sergiomar10/models/ESMC_Pretrain/HLAB2705/ESMMASK_epitope_FT_25_0.001_1e-05_AUG_3_B2705_2.pt,epitope
ESMMASK_HLA_FT_20_0.0001_1e-06_AUG_1_A0201_1_per_token_metrics.csv,A0201,2.3174756086341346,/global/scratch/users/sergiomar10/models/ESMC_Pretrain/HLAA0201/ESMMASK_HLA_FT_20_0.0001_1e-06_AUG_1_A0201_1.pt,HLA
ESMMASK_HLA_FT_15_0.0001_1e-06_AUG_1_B2705_2_per_token_metrics.csv,B2705,2.3186974986819155,/global/scratch/users/sergiomar10/models/ESMC_Pretrain/HLAB2705/ESMMASK_HLA_FT_15_0.0001_1e-06_AUG_1_B2705_2.pt,HLA
ESMMASK_HLA_FT_25_0.0001_1e-05_AUG_3_A6802_2_per_token_metrics.csv,A6802,2.3188166548109854,/global/scratch/users/sergiomar10/models/ESMC_Pretrain/HLAA6802/ESMMASK_HLA_FT_25_0.0001_1e-05_AUG_3_A6802_2.pt,HLA
ESMMASK_epitope_FT_20_0.001_1e-05_AUG_4_C0102_1_per_token_metrics.csv,C0102,2.3209110919078477,/global/scratch/users/sergiomar10/models/ESMC_Pretrain/HLAC0102/ESMMASK_epitope_FT_20_0.001_1e-05_AUG_4_C0102_1.pt,epitope
ESMMASK_HLA_FT_15_0.0001_1e-05_AUG_1_A0205_2_per_token_metrics.csv,A0205,2.321245663147475,/global/scratch/users/sergiomar10/models/ESMC_Pretrain/HLAA0205/ESMMASK_HLA_FT_15_0.0001_1e-05_AUG_1_A0205_2.pt,HLA
ESMMASK_epitope_FT_20_0.0001_1e-06_AUG_1_A0201_1_per_token_metrics.csv,A0201,2.3212988119247955,/global/scratch/users/sergiomar10/models/ESMC_Pretrain/HLAA0201/ESMMASK_epitope_FT_20_0.0001_1e-06_AUG_1_A0201_1.pt,epitope
ESMMASK_HLA_FT_15_0.0001_1e-05_AUG_4_B4601_1_per_token_metrics.csv,B4601,2.321719687799416,/global/scratch/users/sergiomar10/models/ESMC_Pretrain/HLAB4601/ESMMASK_HLA_FT_15_0.0001_1e-05_AUG_4_B4601_1.pt,HLA
ESMMASK_HLA_FT_25_0.0001_1e-05_AUG_1_A1101_1_per_token_metrics.csv,A1101,2.322033473582148,/global/scratch/users/sergiomar10/models/ESMC_Pretrain/HLAA1101/ESMMASK_HLA_FT_25_0.0001_1e-05_AUG_1_A1101_1.pt,HLA
ESMMASK_HLA_FT_25_0.0001_1e-05_AUG_1_A1101_1_per_token_metrics.csv,A1101,2.322033473582148,/global/scratch/users/sergiomar10/models/ESMC_Pretrain/HLAA1101/ESMMASK_HLA_FT_25_0.0001_1e-05_AUG_1_A1101_1.pt,HLA
ESMMASK_HLA_FT_20_0.0001_1e-05_AUG_3_A3201_1_per_token_metrics.csv,A3201,2.3223333769942456,/global/scratch/users/sergiomar10/models/ESMC_Pretrain/HLAA3201/ESMMASK_HLA_FT_20_0.0001_1e-05_AUG_3_A3201_1.pt,HLA
ESMMASK_epitope_FT_25_0.0001_1e-06_AUG_3_A2601_1_per_token_metrics.csv,A2601,2.322889992410604,/global/scratch/users/sergiomar10/models/ESMC_Pretrain/HLAA2601/ESMMASK_epitope_FT_25_0.0001_1e-06_AUG_3_A2601_1.pt,epitope
ESMMASK_epitope_FT_15_0.0001_5e-05_AUG_1_A0201_1_per_token_metrics.csv,A0201,2.324572365920139,/global/scratch/users/sergiomar10/models/ESMC_Pretrain/HLAA0201/ESMMASK_epitope_FT_15_0.0001_5e-05_AUG_1_A0201_1.pt,epitope
ESMMASK_epitope_FT_15_0.0001_1e-05_AUG_1_A0201_1_per_token_metrics.csv,A0201,2.3247238627074718,/global/scratch/users/sergiomar10/models/ESMC_Pretrain/HLAA0201/ESMMASK_epitope_FT_15_0.0001_1e-05_AUG_1_A0201_1.pt,epitope
ESMMASK_epitope_FT_15_0.001_1e-05_AUG_3_C0602_1_per_token_metrics.csv,C0602,2.324746462092834,/global/scratch/users/sergiomar10/models/ESMC_Pretrain/HLAC0602/ESMMASK_epitope_FT_15_0.001_1e-05_AUG_3_C0602_1.pt,epitope
ESMMASK_epitope_FT_15_0.001_1e-05_AUG_1_A0201_2_per_token_metrics.csv,A0201,2.3253952868858736,/global/scratch/users/sergiomar10/models/ESMC_Pretrain/HLAA0201/ESMMASK_epitope_FT_15_0.001_1e-05_AUG_1_A0201_2.pt,epitope
ESMMASK_HLA_FT_25_0.0001_1e-05_AUG_1_A0201_1_per_token_metrics.csv,A0201,2.326654105893477,/global/scratch/users/sergiomar10/models/ESMC_Pretrain/HLAA0201/ESMMASK_HLA_FT_25_0.0001_1e-05_AUG_1_A0201_1.pt,HLA
ESMMASK_epitope_FT_15_0.0001_1e-05_AUG_3_B1302_1_per_token_metrics.csv,B1302,2.326849924716403,/global/scratch/users/sergiomar10/models/ESMC_Pretrain/HLAB1302/ESMMASK_epitope_FT_15_0.0001_1e-05_AUG_3_B1302_1.pt,epitope
ESMMASK_epitope_FT_25_0.001_1e-05_AUG_1_C0102_1_per_token_metrics.csv,C0102,2.3285889568203375,/global/scratch/users/sergiomar10/models/ESMC_Pretrain/HLAC0102/ESMMASK_epitope_FT_25_0.001_1e-05_AUG_1_C0102_1.pt,epitope
ESMMASK_HLA_FT_20_0.0001_1e-05_AUG_4_A0206_1_per_token_metrics.csv,A0206,2.329725386329667,/global/scratch/users/sergiomar10/models/ESMC_Pretrain/HLAA0206/ESMMASK_HLA_FT_20_0.0001_1e-05_AUG_4_A0206_1.pt,HLA
ESMMASK_epitope_FT_25_0.0001_5e-05_AUG_4_A0202_2_per_token_metrics.csv,A0202,2.3297568939245856,/global/scratch/users/sergiomar10/models/ESMC_Pretrain/HLAA0202/ESMMASK_epitope_FT_25_0.0001_5e-05_AUG_4_A0202_2.pt,epitope
ESMMASK_epitope_FT_15_0.0001_1e-06_AUG_3_A0201_1_per_token_metrics.csv,A0201,2.3297613384878804,/global/scratch/users/sergiomar10/models/ESMC_Pretrain/HLAA0201/ESMMASK_epitope_FT_15_0.0001_1e-06_AUG_3_A0201_1.pt,epitope
ESMMASK_HLA_FT_25_0.001_5e-05_AUG_1_B2701_2_per_token_metrics.csv,B2701,2.3299479157547043,/global/scratch/users/sergiomar10/models/ESMC_Pretrain/HLAB2701/ESMMASK_HLA_FT_25_0.001_5e-05_AUG_1_B2701_2.pt,HLA
ESMMASK_epitope_FT_25_0.0001_5e-05_AUG_1_B1510_1_per_token_metrics.csv,B1510,2.3305231928338923,/global/scratch/users/sergiomar10/models/ESMC_Pretrain/HLAB1510/ESMMASK_epitope_FT_25_0.0001_5e-05_AUG_1_B1510_1.pt,epitope
ESMMASK_epitope_FT_25_0.0001_5e-05_AUG_3_B1510_2_per_token_metrics.csv,B1510,2.331931161008294,/global/scratch/users/sergiomar10/models/ESMC_Pretrain/HLAB1510/ESMMASK_epitope_FT_25_0.0001_5e-05_AUG_3_B1510_2.pt,epitope
ESMMASK_HLA_FT_15_0.0001_5e-05_AUG_1_B3701_2_per_token_metrics.csv,B3701,2.331981618579564,/global/scratch/users/sergiomar10/models/ESMC_Pretrain/HLAB3701/ESMMASK_HLA_FT_15_0.0001_5e-05_AUG_1_B3701_2.pt,HLA
ESMMASK_epitope_FT_20_0.0001_1e-06_AUG_4_A6801_1_per_token_metrics.csv,A6801,2.332049303030995,/global/scratch/users/sergiomar10/models/ESMC_Pretrain/HLAA6801/ESMMASK_epitope_FT_20_0.0001_1e-06_AUG_4_A6801_1.pt,epitope
ESMMASK_epitope_FT_15_0.0001_1e-05_AUG_4_A0205_1_per_token_metrics.csv,A0205,2.3330038139875344,/global/scratch/users/sergiomar10/models/ESMC_Pretrain/HLAA0205/ESMMASK_epitope_FT_15_0.0001_1e-05_AUG_4_A0205_1.pt,epitope
ESMMASK_epitope_FT_25_0.0001_1e-06_AUG_4_C0702_2_per_token_metrics.csv,C0702,2.334036071591562,/global/scratch/users/sergiomar10/models/ESMC_Pretrain/HLAC0702/ESMMASK_epitope_FT_25_0.0001_1e-06_AUG_4_C0702_2.pt,epitope
ESMMASK_HLA_FT_15_0.001_5e-05_AUG_1_A2402_2_per_token_metrics.csv,A2402,2.3341709819629677,/global/scratch/users/sergiomar10/models/ESMC_Pretrain/HLAA2402/ESMMASK_HLA_FT_15_0.001_5e-05_AUG_1_A2402_2.pt,HLA
ESMMASK_HLA_FT_20_0.0001_1e-05_AUG_4_A2902_1_per_token_metrics.csv,A2902,2.3355832690137515,/global/scratch/users/sergiomar10/models/ESMC_Pretrain/HLAA2902/ESMMASK_HLA_FT_20_0.0001_1e-05_AUG_4_A2902_1.pt,HLA
ESMMASK_epitope_FT_20_0.001_5e-05_AUG_3_B1501_1_per_token_metrics.csv,B1501,2.335806593054144,/global/scratch/users/sergiomar10/models/ESMC_Pretrain/HLAB1501/ESMMASK_epitope_FT_20_0.001_5e-05_AUG_3_B1501_1.pt,epitope
ESMMASK_epitope_FT_25_0.001_5e-05_AUG_4_B1801_2_per_token_metrics.csv,B1801,2.3367448628664502,/global/scratch/users/sergiomar10/models/ESMC_Pretrain/HLAB1801/ESMMASK_epitope_FT_25_0.001_5e-05_AUG_4_B1801_2.pt,epitope
ESMMASK_epitope_FT_25_0.001_1e-05_AUG_1_A1101_2_per_token_metrics.csv,A1101,2.336745466967508,/global/scratch/users/sergiomar10/models/ESMC_Pretrain/HLAA1101/ESMMASK_epitope_FT_25_0.001_1e-05_AUG_1_A1101_2.pt,epitope
ESMMASK_epitope_FT_25_0.001_1e-05_AUG_1_A1101_2_per_token_metrics.csv,A1101,2.336745466967508,/global/scratch/users/sergiomar10/models/ESMC_Pretrain/HLAA1101/ESMMASK_epitope_FT_25_0.001_1e-05_AUG_1_A1101_2.pt,epitope
ESMMASK_HLA_FT_15_0.001_5e-05_AUG_4_B1517_1_per_token_metrics.csv,B1517,2.3369039035832615,/global/scratch/users/sergiomar10/models/ESMC_Pretrain/HLAB1517/ESMMASK_HLA_FT_15_0.001_5e-05_AUG_4_B1517_1.pt,HLA
ESMMASK_epitope_FT_15_0.0001_5e-05_AUG_3_B0801_1_per_token_metrics.csv,B0801,2.3388468179016906,/global/scratch/users/sergiomar10/models/ESMC_Pretrain/HLAB0801/ESMMASK_epitope_FT_15_0.0001_5e-05_AUG_3_B0801_1.pt,epitope
ESMMASK_HLA_FT_15_0.001_1e-05_AUG_1_B2705_2_per_token_metrics.csv,B2705,2.3392110347275867,/global/scratch/users/sergiomar10/models/ESMC_Pretrain/HLAB2705/ESMMASK_HLA_FT_15_0.001_1e-05_AUG_1_B2705_2.pt,HLA
ESMMASK_HLA_FT_15_0.001_1e-05_AUG_3_A3001_2_per_token_metrics.csv,A3001,2.33952247703647,/global/scratch/users/sergiomar10/models/ESMC_Pretrain/HLAA3001/ESMMASK_HLA_FT_15_0.001_1e-05_AUG_3_A3001_2.pt,HLA
ESMMASK_epitope_FT_20_0.0001_5e-05_AUG_1_A0201_2_per_token_metrics.csv,A0201,2.340260492257007,/global/scratch/users/sergiomar10/models/ESMC_Pretrain/HLAA0201/ESMMASK_epitope_FT_20_0.0001_5e-05_AUG_1_A0201_2.pt,epitope
ESMMASK_HLA_FT_20_0.001_1e-06_AUG_4_A1101_2_per_token_metrics.csv,A1101,2.341263779623063,/global/scratch/users/sergiomar10/models/ESMC_Pretrain/HLAA1101/ESMMASK_HLA_FT_20_0.001_1e-06_AUG_4_A1101_2.pt,HLA
ESMMASK_HLA_FT_20_0.001_1e-06_AUG_4_A1101_2_per_token_metrics.csv,A1101,2.341263779623063,/global/scratch/users/sergiomar10/models/ESMC_Pretrain/HLAA1101/ESMMASK_HLA_FT_20_0.001_1e-06_AUG_4_A1101_2.pt,HLA
ESMMASK_HLA_FT_20_0.0001_5e-05_AUG_3_A6802_2_per_token_metrics.csv,A6802,2.341290802244638,/global/scratch/users/sergiomar10/models/ESMC_Pretrain/HLAA6802/ESMMASK_HLA_FT_20_0.0001_5e-05_AUG_3_A6802_2.pt,HLA
ESMMASK_epitope_FT_15_0.0001_1e-05_AUG_3_B2705_2_per_token_metrics.csv,B2705,2.341901213865805,/global/scratch/users/sergiomar10/models/ESMC_Pretrain/HLAB2705/ESMMASK_epitope_FT_15_0.0001_1e-05_AUG_3_B2705_2.pt,epitope
ESMMASK_epitope_FT_25_0.001_1e-06_AUG_4_A6802_1_per_token_metrics.csv,A6802,2.3419033399323634,/global/scratch/users/sergiomar10/models/ESMC_Pretrain/HLAA6802/ESMMASK_epitope_FT_25_0.001_1e-06_AUG_4_A6802_1.pt,epitope
ESMMASK_epitope_FT_15_0.001_1e-05_AUG_4_A0205_1_per_token_metrics.csv,A0205,2.3421536059208288,/global/scratch/users/sergiomar10/models/ESMC_Pretrain/HLAA0205/ESMMASK_epitope_FT_15_0.001_1e-05_AUG_4_A0205_1.pt,epitope
ESMMASK_HLA_FT_20_0.0001_1e-06_AUG_3_B5201_2_per_token_metrics.csv,B5201,2.342366152930614,/global/scratch/users/sergiomar10/models/ESMC_Pretrain/HLAB5201/ESMMASK_HLA_FT_20_0.0001_1e-06_AUG_3_B5201_2.pt,HLA
ESMMASK_epitope_FT_25_0.0001_5e-05_AUG_1_A0201_1_per_token_metrics.csv,A0201,2.3447768717441138,/global/scratch/users/sergiomar10/models/ESMC_Pretrain/HLAA0201/ESMMASK_epitope_FT_25_0.0001_5e-05_AUG_1_A0201_1.pt,epitope
ESMMASK_epitope_FT_25_0.0001_1e-06_AUG_1_A0201_1_per_token_metrics.csv,A0201,2.3448344503021916,/global/scratch/users/sergiomar10/models/ESMC_Pretrain/HLAA0201/ESMMASK_epitope_FT_25_0.0001_1e-06_AUG_1_A0201_1.pt,epitope
ESMMASK_epitope_FT_20_0.001_5e-05_AUG_3_A2601_1_per_token_metrics.csv,A2601,2.3453545516533056,/global/scratch/users/sergiomar10/models/ESMC_Pretrain/HLAA2601/ESMMASK_epitope_FT_20_0.001_5e-05_AUG_3_A2601_1.pt,epitope
ESMMASK_HLA_FT_20_0.001_5e-05_AUG_1_B4402_1_per_token_metrics.csv,B4402,2.348119270829621,/global/scratch/users/sergiomar10/models/ESMC_Pretrain/HLAB4402/ESMMASK_HLA_FT_20_0.001_5e-05_AUG_1_B4402_1.pt,HLA
ESMMASK_epitope_FT_15_0.0001_1e-06_AUG_3_A0205_2_per_token_metrics.csv,A0205,2.349004836753685,/global/scratch/users/sergiomar10/models/ESMC_Pretrain/HLAA0205/ESMMASK_epitope_FT_15_0.0001_1e-06_AUG_3_A0205_2.pt,epitope
ESMMASK_HLA_FT_15_0.0001_1e-06_AUG_1_B2709_2_per_token_metrics.csv,B2709,2.350063728677134,/global/scratch/users/sergiomar10/models/ESMC_Pretrain/HLAB2709/ESMMASK_HLA_FT_15_0.0001_1e-06_AUG_1_B2709_2.pt,HLA
ESMMASK_HLA_FT_25_0.001_5e-05_AUG_3_A0202_1_per_token_metrics.csv,A0202,2.3535349357161373,/global/scratch/users/sergiomar10/models/ESMC_Pretrain/HLAA0202/ESMMASK_HLA_FT_25_0.001_5e-05_AUG_3_A0202_1.pt,HLA
ESMMASK_HLA_FT_15_0.0001_1e-06_AUG_3_C0602_1_per_token_metrics.csv,C0602,2.3558440127852274,/global/scratch/users/sergiomar10/models/ESMC_Pretrain/HLAC0602/ESMMASK_HLA_FT_15_0.0001_1e-06_AUG_3_C0602_1.pt,HLA
ESMMASK_HLA_FT_20_0.001_5e-05_AUG_3_A2301_1_per_token_metrics.csv,A2301,2.357176311066034,/global/scratch/users/sergiomar10/models/ESMC_Pretrain/HLAA2301/ESMMASK_HLA_FT_20_0.001_5e-05_AUG_3_A2301_1.pt,HLA
ESMMASK_HLA_FT_15_0.001_1e-06_AUG_4_A3301_2_per_token_metrics.csv,A3301,2.3576588543568837,/global/scratch/users/sergiomar10/models/ESMC_Pretrain/HLAA3301/ESMMASK_HLA_FT_15_0.001_1e-06_AUG_4_A3301_2.pt,HLA
ESMMASK_epitope_FT_25_0.0001_5e-05_AUG_1_B1502_1_per_token_metrics.csv,B1502,2.3582495087842386,/global/scratch/users/sergiomar10/models/ESMC_Pretrain/HLAB1502/ESMMASK_epitope_FT_25_0.0001_5e-05_AUG_1_B1502_1.pt,epitope
ESMMASK_HLA_FT_15_0.001_5e-05_AUG_3_A3002_1_per_token_metrics.csv,A3002,2.359184979752033,/global/scratch/users/sergiomar10/models/ESMC_Pretrain/HLAA3002/ESMMASK_HLA_FT_15_0.001_5e-05_AUG_3_A3002_1.pt,HLA
ESMMASK_epitope_FT_20_0.001_5e-05_AUG_1_B2705_1_per_token_metrics.csv,B2705,2.360785056194905,/global/scratch/users/sergiomar10/models/ESMC_Pretrain/HLAB2705/ESMMASK_epitope_FT_20_0.001_5e-05_AUG_1_B2705_1.pt,epitope
ESMMASK_HLA_FT_15_0.0001_1e-05_AUG_3_A6802_1_per_token_metrics.csv,A6802,2.36089103818573,/global/scratch/users/sergiomar10/models/ESMC_Pretrain/HLAA6802/ESMMASK_HLA_FT_15_0.0001_1e-05_AUG_3_A6802_1.pt,HLA
ESMMASK_HLA_FT_20_0.0001_1e-06_AUG_4_B3901_1_per_token_metrics.csv,B3901,2.361494052143167,/global/scratch/users/sergiomar10/models/ESMC_Pretrain/HLAB3901/ESMMASK_HLA_FT_20_0.0001_1e-06_AUG_4_B3901_1.pt,HLA
ESMMASK_HLA_FT_20_0.0001_1e-06_AUG_3_A3201_2_per_token_metrics.csv,A3201,2.361835032796683,/global/scratch/users/sergiomar10/models/ESMC_Pretrain/HLAA3201/ESMMASK_HLA_FT_20_0.0001_1e-06_AUG_3_A3201_2.pt,HLA
ESMMASK_epitope_FT_15_0.0001_5e-05_AUG_3_A2902_1_per_token_metrics.csv,A2902,2.3642775040577875,/global/scratch/users/sergiomar10/models/ESMC_Pretrain/HLAA2902/ESMMASK_epitope_FT_15_0.0001_5e-05_AUG_3_A2902_1.pt,epitope
ESMMASK_epitope_FT_15_0.0001_1e-06_AUG_3_A0201_2_per_token_metrics.csv,A0201,2.366612652264176,/global/scratch/users/sergiomar10/models/ESMC_Pretrain/HLAA0201/ESMMASK_epitope_FT_15_0.0001_1e-06_AUG_3_A0201_2.pt,epitope
ESMMASK_HLA_FT_15_0.0001_1e-06_AUG_3_A0211_2_per_token_metrics.csv,A0211,2.3675012560641373,/global/scratch/users/sergiomar10/models/ESMC_Pretrain/HLAA0211/ESMMASK_HLA_FT_15_0.0001_1e-06_AUG_3_A0211_2.pt,HLA
ESMMASK_epitope_FT_15_0.001_1e-06_AUG_3_C0701_1_per_token_metrics.csv,C0701,2.367967041194888,/global/scratch/users/sergiomar10/models/ESMC_Pretrain/HLAC0701/ESMMASK_epitope_FT_15_0.001_1e-06_AUG_3_C0701_1.pt,epitope
ESMMASK_epitope_FT_20_0.0001_5e-05_AUG_1_B2705_2_per_token_metrics.csv,B2705,2.36836763261549,/global/scratch/users/sergiomar10/models/ESMC_Pretrain/HLAB2705/ESMMASK_epitope_FT_20_0.0001_5e-05_AUG_1_B2705_2.pt,epitope
ESMMASK_epitope_FT_20_0.0001_1e-06_AUG_3_B2705_2_per_token_metrics.csv,B2705,2.3690521099825017,/global/scratch/users/sergiomar10/models/ESMC_Pretrain/HLAB2705/ESMMASK_epitope_FT_20_0.0001_1e-06_AUG_3_B2705_2.pt,epitope
ESMMASK_epitope_FT_25_0.001_1e-05_AUG_4_C0102_2_per_token_metrics.csv,C0102,2.370045925369975,/global/scratch/users/sergiomar10/models/ESMC_Pretrain/HLAC0102/ESMMASK_epitope_FT_25_0.001_1e-05_AUG_4_C0102_2.pt,epitope
ESMMASK_epitope_FT_20_0.0001_1e-05_AUG_1_B4402_1_per_token_metrics.csv,B4402,2.370413390236555,/global/scratch/users/sergiomar10/models/ESMC_Pretrain/HLAB4402/ESMMASK_epitope_FT_20_0.0001_1e-05_AUG_1_B4402_1.pt,epitope
ESMMASK_epitope_FT_25_0.001_5e-05_AUG_1_A0101_2_per_token_metrics.csv,A0101,2.370463877794475,/global/scratch/users/sergiomar10/models/ESMC_Pretrain/HLAA0101/ESMMASK_epitope_FT_25_0.001_5e-05_AUG_1_A0101_2.pt,epitope
ESMMASK_epitope_FT_20_0.0001_1e-05_AUG_1_B2705_1_per_token_metrics.csv,B2705,2.3711146399624656,/global/scratch/users/sergiomar10/models/ESMC_Pretrain/HLAB2705/ESMMASK_epitope_FT_20_0.0001_1e-05_AUG_1_B2705_1.pt,epitope
ESMMASK_HLA_FT_15_0.0001_1e-06_AUG_1_C0801_1_per_token_metrics.csv,C0801,2.371510761242526,/global/scratch/users/sergiomar10/models/ESMC_Pretrain/HLAC0801/ESMMASK_HLA_FT_15_0.0001_1e-06_AUG_1_C0801_1.pt,HLA
ESMMASK_epitope_FT_15_0.0001_1e-06_AUG_1_A0201_2_per_token_metrics.csv,A0201,2.3717353743992993,/global/scratch/users/sergiomar10/models/ESMC_Pretrain/HLAA0201/ESMMASK_epitope_FT_15_0.0001_1e-06_AUG_1_A0201_2.pt,epitope
ESMMASK_HLA_FT_25_0.0001_5e-05_AUG_4_B5201_1_per_token_metrics.csv,B5201,2.372035496580589,/global/scratch/users/sergiomar10/models/ESMC_Pretrain/HLAB5201/ESMMASK_HLA_FT_25_0.0001_5e-05_AUG_4_B5201_1.pt,HLA
ESMMASK_HLA_FT_15_0.0001_5e-05_AUG_3_A0205_2_per_token_metrics.csv,A0205,2.3730849857420093,/global/scratch/users/sergiomar10/models/ESMC_Pretrain/HLAA0205/ESMMASK_HLA_FT_15_0.0001_5e-05_AUG_3_A0205_2.pt,HLA
ESMMASK_HLA_FT_25_0.0001_1e-05_AUG_1_A0206_2_per_token_metrics.csv,A0206,2.373390010702858,/global/scratch/users/sergiomar10/models/ESMC_Pretrain/HLAA0206/ESMMASK_HLA_FT_25_0.0001_1e-05_AUG_1_A0206_2.pt,HLA
ESMMASK_HLA_FT_15_0.0001_1e-06_AUG_4_A3101_1_per_token_metrics.csv,A3101,2.3747462523481855,/global/scratch/users/sergiomar10/models/ESMC_Pretrain/HLAA3101/ESMMASK_HLA_FT_15_0.0001_1e-06_AUG_4_A3101_1.pt,HLA
ESMMASK_HLA_FT_15_0.0001_1e-05_AUG_1_B2705_1_per_token_metrics.csv,B2705,2.375687824096832,/global/scratch/users/sergiomar10/models/ESMC_Pretrain/HLAB2705/ESMMASK_HLA_FT_15_0.0001_1e-05_AUG_1_B2705_1.pt,HLA
ESMMASK_HLA_FT_20_0.001_1e-06_AUG_3_C0602_1_per_token_metrics.csv,C0602,2.3761792293478505,/global/scratch/users/sergiomar10/models/ESMC_Pretrain/HLAC0602/ESMMASK_HLA_FT_20_0.001_1e-06_AUG_3_C0602_1.pt,HLA
ESMMASK_epitope_FT_20_0.0001_1e-05_AUG_1_B4403_2_per_token_metrics.csv,B4403,2.3774336447590243,/global/scratch/users/sergiomar10/models/ESMC_Pretrain/HLAB4403/ESMMASK_epitope_FT_20_0.0001_1e-05_AUG_1_B4403_2.pt,epitope
ESMMASK_epitope_FT_25_0.0001_1e-05_AUG_1_B2705_1_per_token_metrics.csv,B2705,2.3800115917402014,/global/scratch/users/sergiomar10/models/ESMC_Pretrain/HLAB2705/ESMMASK_epitope_FT_25_0.0001_1e-05_AUG_1_B2705_1.pt,epitope
ESMMASK_epitope_FT_15_0.0001_1e-05_AUG_1_A0201_2_per_token_metrics.csv,A0201,2.382783652739876,/global/scratch/users/sergiomar10/models/ESMC_Pretrain/HLAA0201/ESMMASK_epitope_FT_15_0.0001_1e-05_AUG_1_A0201_2.pt,epitope
ESMMASK_HLA_FT_15_0.0001_1e-06_AUG_3_A6802_2_per_token_metrics.csv,A6802,2.382899552175411,/global/scratch/users/sergiomar10/models/ESMC_Pretrain/HLAA6802/ESMMASK_HLA_FT_15_0.0001_1e-06_AUG_3_A6802_2.pt,HLA
ESMMASK_epitope_FT_15_0.0001_1e-06_AUG_4_B4501_2_per_token_metrics.csv,B4501,2.3830692097423993,/global/scratch/users/sergiomar10/models/ESMC_Pretrain/HLAB4501/ESMMASK_epitope_FT_15_0.0001_1e-06_AUG_4_B4501_2.pt,epitope
ESMMASK_epitope_FT_25_0.0001_1e-06_AUG_3_B5801_2_per_token_metrics.csv,B5801,2.383529039785211,/global/scratch/users/sergiomar10/models/ESMC_Pretrain/HLAB5801/ESMMASK_epitope_FT_25_0.0001_1e-06_AUG_3_B5801_2.pt,epitope
ESMMASK_HLA_FT_25_0.0001_1e-06_AUG_4_A2301_1_per_token_metrics.csv,A2301,2.386225949281146,/global/scratch/users/sergiomar10/models/ESMC_Pretrain/HLAA2301/ESMMASK_HLA_FT_25_0.0001_1e-06_AUG_4_A2301_1.pt,HLA
ESMMASK_HLA_FT_20_0.001_5e-05_AUG_1_B2709_2_per_token_metrics.csv,B2709,2.386316771030108,/global/scratch/users/sergiomar10/models/ESMC_Pretrain/HLAB2709/ESMMASK_HLA_FT_20_0.001_5e-05_AUG_1_B2709_2.pt,HLA
ESMMASK_epitope_FT_20_0.001_5e-05_AUG_1_B4402_2_per_token_metrics.csv,B4402,2.388250174860572,/global/scratch/users/sergiomar10/models/ESMC_Pretrain/HLAB4402/ESMMASK_epitope_FT_20_0.001_5e-05_AUG_1_B4402_2.pt,epitope
ESMMASK_HLA_FT_25_0.0001_1e-05_AUG_3_B3801_1_per_token_metrics.csv,B3801,2.3892259858822675,/global/scratch/users/sergiomar10/models/ESMC_Pretrain/HLAB3801/ESMMASK_HLA_FT_25_0.0001_1e-05_AUG_3_B3801_1.pt,HLA
ESMMASK_epitope_FT_15_0.0001_1e-06_AUG_1_A0201_1_per_token_metrics.csv,A0201,2.3892596577242395,/global/scratch/users/sergiomar10/models/ESMC_Pretrain/HLAA0201/ESMMASK_epitope_FT_15_0.0001_1e-06_AUG_1_A0201_1.pt,epitope
ESMMASK_epitope_FT_25_0.0001_1e-06_AUG_3_B2705_2_per_token_metrics.csv,B2705,2.3900130130244484,/global/scratch/users/sergiomar10/models/ESMC_Pretrain/HLAB2705/ESMMASK_epitope_FT_25_0.0001_1e-06_AUG_3_B2705_2.pt,epitope
ESMMASK_epitope_FT_25_0.001_1e-05_AUG_1_B4402_1_per_token_metrics.csv,B4402,2.3900347669436695,/global/scratch/users/sergiomar10/models/ESMC_Pretrain/HLAB4402/ESMMASK_epitope_FT_25_0.001_1e-05_AUG_1_B4402_1.pt,epitope
ESMMASK_HLA_FT_15_0.0001_5e-05_AUG_3_B5501_1_per_token_metrics.csv,B5501,2.3917109203764793,/global/scratch/users/sergiomar10/models/ESMC_Pretrain/HLAB5501/ESMMASK_HLA_FT_15_0.0001_5e-05_AUG_3_B5501_1.pt,HLA
ESMMASK_epitope_FT_15_0.0001_1e-05_AUG_4_A6802_1_per_token_metrics.csv,A6802,2.3936602538209786,/global/scratch/users/sergiomar10/models/ESMC_Pretrain/HLAA6802/ESMMASK_epitope_FT_15_0.0001_1e-05_AUG_4_A6802_1.pt,epitope
ESMMASK_epitope_FT_25_0.0001_1e-05_AUG_1_A0205_2_per_token_metrics.csv,A0205,2.3937890042115026,/global/scratch/users/sergiomar10/models/ESMC_Pretrain/HLAA0205/ESMMASK_epitope_FT_25_0.0001_1e-05_AUG_1_A0205_2.pt,epitope
ESMMASK_HLA_FT_25_0.0001_5e-05_AUG_3_A3201_2_per_token_metrics.csv,A3201,2.3947886839804227,/global/scratch/users/sergiomar10/models/ESMC_Pretrain/HLAA3201/ESMMASK_HLA_FT_25_0.0001_5e-05_AUG_3_A3201_2.pt,HLA
ESMMASK_epitope_FT_20_0.0001_1e-05_AUG_1_A0201_1_per_token_metrics.csv,A0201,2.396358347148688,/global/scratch/users/sergiomar10/models/ESMC_Pretrain/HLAA0201/ESMMASK_epitope_FT_20_0.0001_1e-05_AUG_1_A0201_1.pt,epitope
ESMMASK_epitope_FT_15_0.0001_1e-06_AUG_1_A0205_2_per_token_metrics.csv,A0205,2.3965960324164652,/global/scratch/users/sergiomar10/models/ESMC_Pretrain/HLAA0205/ESMMASK_epitope_FT_15_0.0001_1e-06_AUG_1_A0205_2.pt,epitope
ESMMASK_epitope_FT_25_0.0001_1e-05_AUG_1_A0201_1_per_token_metrics.csv,A0201,2.3992755171523727,/global/scratch/users/sergiomar10/models/ESMC_Pretrain/HLAA0201/ESMMASK_epitope_FT_25_0.0001_1e-05_AUG_1_A0201_1.pt,epitope
ESMMASK_epitope_FT_20_0.0001_1e-05_AUG_4_A3101_2_per_token_metrics.csv,A3101,2.3994312367377018,/global/scratch/users/sergiomar10/models/ESMC_Pretrain/HLAA3101/ESMMASK_epitope_FT_20_0.0001_1e-05_AUG_4_A3101_2.pt,epitope
ESMMASK_epitope_FT_25_0.0001_5e-05_AUG_1_A0201_2_per_token_metrics.csv,A0201,2.4044514743252337,/global/scratch/users/sergiomar10/models/ESMC_Pretrain/HLAA0201/ESMMASK_epitope_FT_25_0.0001_5e-05_AUG_1_A0201_2.pt,epitope
ESMMASK_HLA_FT_15_0.001_1e-05_AUG_1_B1502_1_per_token_metrics.csv,B1502,2.4046585767286794,/global/scratch/users/sergiomar10/models/ESMC_Pretrain/HLAB1502/ESMMASK_HLA_FT_15_0.001_1e-05_AUG_1_B1502_1.pt,HLA
ESMMASK_HLA_FT_25_0.0001_1e-05_AUG_4_C0801_1_per_token_metrics.csv,C0801,2.406527200619612,/global/scratch/users/sergiomar10/models/ESMC_Pretrain/HLAC0801/ESMMASK_HLA_FT_25_0.0001_1e-05_AUG_4_C0801_1.pt,HLA
ESMMASK_epitope_FT_20_0.0001_5e-05_AUG_1_B5701_2_per_token_metrics.csv,B5701,2.4065550778018587,/global/scratch/users/sergiomar10/models/ESMC_Pretrain/HLAB5701/ESMMASK_epitope_FT_20_0.0001_5e-05_AUG_1_B5701_2.pt,epitope
ESMMASK_epitope_FT_20_0.0001_1e-05_AUG_3_A3201_2_per_token_metrics.csv,A3201,2.4084710515030046,/global/scratch/users/sergiomar10/models/ESMC_Pretrain/HLAA3201/ESMMASK_epitope_FT_20_0.0001_1e-05_AUG_3_A3201_2.pt,epitope
ESMMASK_epitope_FT_25_0.0001_1e-06_AUG_1_B5101_1_per_token_metrics.csv,B5101,2.4090606325412907,/global/scratch/users/sergiomar10/models/ESMC_Pretrain/HLAB5101/ESMMASK_epitope_FT_25_0.0001_1e-06_AUG_1_B5101_1.pt,epitope
ESMMASK_epitope_FT_15_0.0001_1e-05_AUG_3_A3303_1_per_token_metrics.csv,A3303,2.4094032767449787,/global/scratch/users/sergiomar10/models/ESMC_Pretrain/HLAA3303/ESMMASK_epitope_FT_15_0.0001_1e-05_AUG_3_A3303_1.pt,epitope
ESMMASK_epitope_FT_15_0.0001_1e-05_AUG_1_B2705_2_per_token_metrics.csv,B2705,2.411168315543932,/global/scratch/users/sergiomar10/models/ESMC_Pretrain/HLAB2705/ESMMASK_epitope_FT_15_0.0001_1e-05_AUG_1_B2705_2.pt,epitope
ESMMASK_epitope_FT_25_0.001_1e-06_AUG_1_C0401_2_per_token_metrics.csv,C0401,2.4121391726726733,/global/scratch/users/sergiomar10/models/ESMC_Pretrain/HLAC0401/ESMMASK_epitope_FT_25_0.001_1e-06_AUG_1_C0401_2.pt,epitope
ESMMASK_HLA_FT_20_0.001_1e-05_AUG_4_A3201_1_per_token_metrics.csv,A3201,2.412309889660287,/global/scratch/users/sergiomar10/models/ESMC_Pretrain/HLAA3201/ESMMASK_HLA_FT_20_0.001_1e-05_AUG_4_A3201_1.pt,HLA
ESMMASK_epitope_FT_15_0.0001_1e-06_AUG_4_A6601_2_per_token_metrics.csv,A6601,2.412568425619168,/global/scratch/users/sergiomar10/models/ESMC_Pretrain/HLAA6601/ESMMASK_epitope_FT_15_0.0001_1e-06_AUG_4_A6601_2.pt,epitope
ESMMASK_HLA_FT_15_0.001_1e-06_AUG_3_C0102_2_per_token_metrics.csv,C0102,2.413532669607458,/global/scratch/users/sergiomar10/models/ESMC_Pretrain/HLAC0102/ESMMASK_HLA_FT_15_0.001_1e-06_AUG_3_C0102_2.pt,HLA
ESMMASK_epitope_FT_15_0.001_1e-05_AUG_4_B1503_2_per_token_metrics.csv,B1503,2.4186499603127505,/global/scratch/users/sergiomar10/models/ESMC_Pretrain/HLAB1503/ESMMASK_epitope_FT_15_0.001_1e-05_AUG_4_B1503_2.pt,epitope
ESMMASK_epitope_FT_25_0.0001_1e-06_AUG_4_C0102_1_per_token_metrics.csv,C0102,2.418678200540121,/global/scratch/users/sergiomar10/models/ESMC_Pretrain/HLAC0102/ESMMASK_epitope_FT_25_0.0001_1e-06_AUG_4_C0102_1.pt,epitope
ESMMASK_epitope_FT_15_0.001_1e-05_AUG_4_B5802_2_per_token_metrics.csv,B5802,2.4214701105125105,/global/scratch/users/sergiomar10/models/ESMC_Pretrain/HLAB5802/ESMMASK_epitope_FT_15_0.001_1e-05_AUG_4_B5802_2.pt,epitope
ESMMASK_HLA_FT_20_0.001_1e-06_AUG_4_A0204_2_per_token_metrics.csv,A0204,2.4221760964906776,/global/scratch/users/sergiomar10/models/ESMC_Pretrain/HLAA0204/ESMMASK_HLA_FT_20_0.001_1e-06_AUG_4_A0204_2.pt,HLA
ESMMASK_epitope_FT_25_0.0001_1e-05_AUG_3_A3101_1_per_token_metrics.csv,A3101,2.423741806397823,/global/scratch/users/sergiomar10/models/ESMC_Pretrain/HLAA3101/ESMMASK_epitope_FT_25_0.0001_1e-05_AUG_3_A3101_1.pt,epitope
ESMMASK_epitope_FT_15_0.001_1e-06_AUG_3_C0602_1_per_token_metrics.csv,C0602,2.4240337849192004,/global/scratch/users/sergiomar10/models/ESMC_Pretrain/HLAC0602/ESMMASK_epitope_FT_15_0.001_1e-06_AUG_3_C0602_1.pt,epitope
ESMMASK_epitope_FT_20_0.0001_1e-05_AUG_3_A0211_2_per_token_metrics.csv,A0211,2.424872376656276,/global/scratch/users/sergiomar10/models/ESMC_Pretrain/HLAA0211/ESMMASK_epitope_FT_20_0.0001_1e-05_AUG_3_A0211_2.pt,epitope
ESMMASK_HLA_FT_25_0.0001_5e-05_AUG_1_B2705_1_per_token_metrics.csv,B2705,2.425686215443444,/global/scratch/users/sergiomar10/models/ESMC_Pretrain/HLAB2705/ESMMASK_HLA_FT_25_0.0001_5e-05_AUG_1_B2705_1.pt,HLA
ESMMASK_epitope_FT_15_0.001_5e-05_AUG_3_A6802_1_per_token_metrics.csv,A6802,2.426049959133298,/global/scratch/users/sergiomar10/models/ESMC_Pretrain/HLAA6802/ESMMASK_epitope_FT_15_0.001_5e-05_AUG_3_A6802_1.pt,epitope
ESMMASK_HLA_FT_15_0.001_1e-05_AUG_1_A0207_2_per_token_metrics.csv,A0207,2.426235797447176,/global/scratch/users/sergiomar10/models/ESMC_Pretrain/HLAA0207/ESMMASK_HLA_FT_15_0.001_1e-05_AUG_1_A0207_2.pt,HLA
ESMMASK_epitope_FT_25_0.001_5e-05_AUG_1_A3101_2_per_token_metrics.csv,A3101,2.4275024077566805,/global/scratch/users/sergiomar10/models/ESMC_Pretrain/HLAA3101/ESMMASK_epitope_FT_25_0.001_5e-05_AUG_1_A3101_2.pt,epitope
ESMMASK_epitope_FT_20_0.0001_1e-06_AUG_1_A1101_1_per_token_metrics.csv,A1101,2.4284136052537386,/global/scratch/users/sergiomar10/models/ESMC_Pretrain/HLAA1101/ESMMASK_epitope_FT_20_0.0001_1e-06_AUG_1_A1101_1.pt,epitope
ESMMASK_epitope_FT_20_0.0001_1e-06_AUG_1_A1101_1_per_token_metrics.csv,A1101,2.4284136052537386,/global/scratch/users/sergiomar10/models/ESMC_Pretrain/HLAA1101/ESMMASK_epitope_FT_20_0.0001_1e-06_AUG_1_A1101_1.pt,epitope
ESMMASK_epitope_FT_25_0.001_1e-06_AUG_3_A6601_1_per_token_metrics.csv,A6601,2.4302338105906083,/global/scratch/users/sergiomar10/models/ESMC_Pretrain/HLAA6601/ESMMASK_epitope_FT_25_0.001_1e-06_AUG_3_A6601_1.pt,epitope
ESMMASK_epitope_FT_15_0.0001_5e-05_AUG_3_A0205_2_per_token_metrics.csv,A0205,2.431302187969058,/global/scratch/users/sergiomar10/models/ESMC_Pretrain/HLAA0205/ESMMASK_epitope_FT_15_0.0001_5e-05_AUG_3_A0205_2.pt,epitope
ESMMASK_epitope_FT_20_0.0001_1e-06_AUG_4_B4601_2_per_token_metrics.csv,B4601,2.4339672560430508,/global/scratch/users/sergiomar10/models/ESMC_Pretrain/HLAB4601/ESMMASK_epitope_FT_20_0.0001_1e-06_AUG_4_B4601_2.pt,epitope
ESMMASK_HLA_FT_25_0.0001_1e-05_AUG_1_C0702_2_per_token_metrics.csv,C0702,2.434326183802791,/global/scratch/users/sergiomar10/models/ESMC_Pretrain/HLAC0702/ESMMASK_HLA_FT_25_0.0001_1e-05_AUG_1_C0702_2.pt,HLA
ESMMASK_epitope_FT_15_0.0001_1e-06_AUG_3_B2705_2_per_token_metrics.csv,B2705,2.4346998475425634,/global/scratch/users/sergiomar10/models/ESMC_Pretrain/HLAB2705/ESMMASK_epitope_FT_15_0.0001_1e-06_AUG_3_B2705_2.pt,epitope
ESMMASK_epitope_FT_15_0.0001_1e-05_AUG_3_B3503_2_per_token_metrics.csv,B3503,2.435497349990647,/global/scratch/users/sergiomar10/models/ESMC_Pretrain/HLAB3503/ESMMASK_epitope_FT_15_0.0001_1e-05_AUG_3_B3503_2.pt,epitope
ESMMASK_HLA_FT_20_0.0001_1e-06_AUG_1_A6801_2_per_token_metrics.csv,A6801,2.4356704078141203,/global/scratch/users/sergiomar10/models/ESMC_Pretrain/HLAA6801/ESMMASK_HLA_FT_20_0.0001_1e-06_AUG_1_A6801_2.pt,HLA
ESMMASK_HLA_FT_20_0.001_5e-05_AUG_3_B3701_2_per_token_metrics.csv,B3701,2.4364843844234723,/global/scratch/users/sergiomar10/models/ESMC_Pretrain/HLAB3701/ESMMASK_HLA_FT_20_0.001_5e-05_AUG_3_B3701_2.pt,HLA
ESMMASK_HLA_FT_20_0.001_5e-05_AUG_1_B5801_1_per_token_metrics.csv,B5801,2.4386103494682385,/global/scratch/users/sergiomar10/models/ESMC_Pretrain/HLAB5801/ESMMASK_HLA_FT_20_0.001_5e-05_AUG_1_B5801_1.pt,HLA
ESMMASK_epitope_FT_25_0.0001_1e-05_AUG_3_B5801_1_per_token_metrics.csv,B5801,2.4407403600470805,/global/scratch/users/sergiomar10/models/ESMC_Pretrain/HLAB5801/ESMMASK_epitope_FT_25_0.0001_1e-05_AUG_3_B5801_1.pt,epitope
ESMMASK_HLA_FT_20_0.0001_1e-05_AUG_1_C0401_1_per_token_metrics.csv,C0401,2.4416033141151634,/global/scratch/users/sergiomar10/models/ESMC_Pretrain/HLAC0401/ESMMASK_HLA_FT_20_0.0001_1e-05_AUG_1_C0401_1.pt,HLA
ESMMASK_epitope_FT_15_0.0001_1e-05_AUG_1_A1101_2_per_token_metrics.csv,A1101,2.443577242222016,/global/scratch/users/sergiomar10/models/ESMC_Pretrain/HLAA1101/ESMMASK_epitope_FT_15_0.0001_1e-05_AUG_1_A1101_2.pt,epitope
ESMMASK_epitope_FT_15_0.0001_1e-05_AUG_1_A1101_2_per_token_metrics.csv,A1101,2.443577242222016,/global/scratch/users/sergiomar10/models/ESMC_Pretrain/HLAA1101/ESMMASK_epitope_FT_15_0.0001_1e-05_AUG_1_A1101_2.pt,epitope
ESMMASK_epitope_FT_25_0.0001_5e-05_AUG_1_A0101_2_per_token_metrics.csv,A0101,2.443740951871409,/global/scratch/users/sergiomar10/models/ESMC_Pretrain/HLAA0101/ESMMASK_epitope_FT_25_0.0001_5e-05_AUG_1_A0101_2.pt,epitope
ESMMASK_epitope_FT_15_0.0001_1e-06_AUG_1_A1101_1_per_token_metrics.csv,A1101,2.446378431354936,/global/scratch/users/sergiomar10/models/ESMC_Pretrain/HLAA1101/ESMMASK_epitope_FT_15_0.0001_1e-06_AUG_1_A1101_1.pt,epitope
ESMMASK_epitope_FT_15_0.0001_1e-06_AUG_1_A1101_1_per_token_metrics.csv,A1101,2.446378431354936,/global/scratch/users/sergiomar10/models/ESMC_Pretrain/HLAA1101/ESMMASK_epitope_FT_15_0.0001_1e-06_AUG_1_A1101_1.pt,epitope
ESMMASK_HLA_FT_15_0.0001_5e-05_AUG_3_B5501_2_per_token_metrics.csv,B5501,2.449518121979054,/global/scratch/users/sergiomar10/models/ESMC_Pretrain/HLAB5501/ESMMASK_HLA_FT_15_0.0001_5e-05_AUG_3_B5501_2.pt,HLA
ESMMASK_HLA_FT_15_0.0001_1e-06_AUG_4_C0801_1_per_token_metrics.csv,C0801,2.45336304680368,/global/scratch/users/sergiomar10/models/ESMC_Pretrain/HLAC0801/ESMMASK_HLA_FT_15_0.0001_1e-06_AUG_4_C0801_1.pt,HLA
ESMMASK_epitope_FT_25_0.0001_5e-05_AUG_4_A6801_2_per_token_metrics.csv,A6801,2.4550431014478047,/global/scratch/users/sergiomar10/models/ESMC_Pretrain/HLAA6801/ESMMASK_epitope_FT_25_0.0001_5e-05_AUG_4_A6801_2.pt,epitope
ESMMASK_HLA_FT_20_0.0001_1e-06_AUG_1_B4601_2_per_token_metrics.csv,B4601,2.456402397102742,/global/scratch/users/sergiomar10/models/ESMC_Pretrain/HLAB4601/ESMMASK_HLA_FT_20_0.0001_1e-06_AUG_1_B4601_2.pt,HLA
ESMMASK_HLA_FT_15_0.0001_5e-05_AUG_1_C0802_2_per_token_metrics.csv,C0802,2.456451050016598,/global/scratch/users/sergiomar10/models/ESMC_Pretrain/HLAC0802/ESMMASK_HLA_FT_15_0.0001_5e-05_AUG_1_C0802_2.pt,HLA
ESMMASK_epitope_FT_20_0.001_1e-06_AUG_3_A0202_2_per_token_metrics.csv,A0202,2.457536290223072,/global/scratch/users/sergiomar10/models/ESMC_Pretrain/HLAA0202/ESMMASK_epitope_FT_20_0.001_1e-06_AUG_3_A0202_2.pt,epitope
ESMMASK_HLA_FT_15_0.0001_1e-05_AUG_1_A3301_2_per_token_metrics.csv,A3301,2.4606068472790383,/global/scratch/users/sergiomar10/models/ESMC_Pretrain/HLAA3301/ESMMASK_HLA_FT_15_0.0001_1e-05_AUG_1_A3301_2.pt,HLA
ESMMASK_epitope_FT_15_0.0001_1e-05_AUG_4_A0206_2_per_token_metrics.csv,A0206,2.462179524918918,/global/scratch/users/sergiomar10/models/ESMC_Pretrain/HLAA0206/ESMMASK_epitope_FT_15_0.0001_1e-05_AUG_4_A0206_2.pt,epitope
ESMMASK_HLA_FT_25_0.001_1e-05_AUG_3_C0102_1_per_token_metrics.csv,C0102,2.4629339627546,/global/scratch/users/sergiomar10/models/ESMC_Pretrain/HLAC0102/ESMMASK_HLA_FT_25_0.001_1e-05_AUG_3_C0102_1.pt,HLA
ESMMASK_HLA_FT_20_0.0001_5e-05_AUG_3_B4601_1_per_token_metrics.csv,B4601,2.46397349113275,/global/scratch/users/sergiomar10/models/ESMC_Pretrain/HLAB4601/ESMMASK_HLA_FT_20_0.0001_5e-05_AUG_3_B4601_1.pt,HLA
ESMMASK_epitope_FT_20_0.0001_1e-06_AUG_3_A3201_1_per_token_metrics.csv,A3201,2.464149422771445,/global/scratch/users/sergiomar10/models/ESMC_Pretrain/HLAA3201/ESMMASK_epitope_FT_20_0.0001_1e-06_AUG_3_A3201_1.pt,epitope
ESMMASK_epitope_FT_15_0.0001_5e-05_AUG_3_A6802_1_per_token_metrics.csv,A6802,2.4641769044092725,/global/scratch/users/sergiomar10/models/ESMC_Pretrain/HLAA6802/ESMMASK_epitope_FT_15_0.0001_5e-05_AUG_3_A6802_1.pt,epitope
ESMMASK_epitope_FT_15_0.0001_5e-05_AUG_3_A2601_2_per_token_metrics.csv,A2601,2.4669645412300985,/global/scratch/users/sergiomar10/models/ESMC_Pretrain/HLAA2601/ESMMASK_epitope_FT_15_0.0001_5e-05_AUG_3_A2601_2.pt,epitope
ESMMASK_HLA_FT_25_0.0001_1e-05_AUG_1_A0207_1_per_token_metrics.csv,A0207,2.467376816965825,/global/scratch/users/sergiomar10/models/ESMC_Pretrain/HLAA0207/ESMMASK_HLA_FT_25_0.0001_1e-05_AUG_1_A0207_1.pt,HLA
ESMMASK_epitope_FT_20_0.001_5e-05_AUG_3_B2702_2_per_token_metrics.csv,B2702,2.468674515672815,/global/scratch/users/sergiomar10/models/ESMC_Pretrain/HLAB2702/ESMMASK_epitope_FT_20_0.001_5e-05_AUG_3_B2702_2.pt,epitope
ESMMASK_HLA_FT_15_0.001_5e-05_AUG_3_B3901_2_per_token_metrics.csv,B3901,2.472670423807546,/global/scratch/users/sergiomar10/models/ESMC_Pretrain/HLAB3901/ESMMASK_HLA_FT_15_0.001_5e-05_AUG_3_B3901_2.pt,HLA
ESMMASK_HLA_FT_25_0.001_1e-06_AUG_1_B5101_2_per_token_metrics.csv,B5101,2.474389775779457,/global/scratch/users/sergiomar10/models/ESMC_Pretrain/HLAB5101/ESMMASK_HLA_FT_25_0.001_1e-06_AUG_1_B5101_2.pt,HLA
ESMMASK_epitope_FT_25_0.001_1e-06_AUG_3_B4601_1_per_token_metrics.csv,B4601,2.4744535785634145,/global/scratch/users/sergiomar10/models/ESMC_Pretrain/HLAB4601/ESMMASK_epitope_FT_25_0.001_1e-06_AUG_3_B4601_1.pt,epitope
ESMMASK_epitope_FT_15_0.0001_5e-05_AUG_3_B2703_2_per_token_metrics.csv,B2703,2.4769873307110983,/global/scratch/users/sergiomar10/models/ESMC_Pretrain/HLAB2703/ESMMASK_epitope_FT_15_0.0001_5e-05_AUG_3_B2703_2.pt,epitope
ESMMASK_HLA_FT_20_0.001_1e-05_AUG_4_B5401_2_per_token_metrics.csv,B5401,2.477609340502816,/global/scratch/users/sergiomar10/models/ESMC_Pretrain/HLAB5401/ESMMASK_HLA_FT_20_0.001_1e-05_AUG_4_B5401_2.pt,HLA
ESMMASK_HLA_FT_20_0.0001_5e-05_AUG_1_A3201_2_per_token_metrics.csv,A3201,2.4801346619129085,/global/scratch/users/sergiomar10/models/ESMC_Pretrain/HLAA3201/ESMMASK_HLA_FT_20_0.0001_5e-05_AUG_1_A3201_2.pt,HLA
ESMMASK_epitope_FT_25_0.0001_1e-05_AUG_1_A0205_1_per_token_metrics.csv,A0205,2.4848185383977435,/global/scratch/users/sergiomar10/models/ESMC_Pretrain/HLAA0205/ESMMASK_epitope_FT_25_0.0001_1e-05_AUG_1_A0205_1.pt,epitope
ESMMASK_epitope_FT_15_0.0001_1e-06_AUG_3_B5801_1_per_token_metrics.csv,B5801,2.4901351745028606,/global/scratch/users/sergiomar10/models/ESMC_Pretrain/HLAB5801/ESMMASK_epitope_FT_15_0.0001_1e-06_AUG_3_B5801_1.pt,epitope
ESMMASK_epitope_FT_20_0.0001_1e-05_AUG_3_A6801_1_per_token_metrics.csv,A6801,2.491997225742997,/global/scratch/users/sergiomar10/models/ESMC_Pretrain/HLAA6801/ESMMASK_epitope_FT_20_0.0001_1e-05_AUG_3_A6801_1.pt,epitope
ESMMASK_epitope_FT_20_0.001_1e-05_AUG_4_B1502_1_per_token_metrics.csv,B1502,2.4921334288499213,/global/scratch/users/sergiomar10/models/ESMC_Pretrain/HLAB1502/ESMMASK_epitope_FT_20_0.001_1e-05_AUG_4_B1502_1.pt,epitope
ESMMASK_HLA_FT_20_0.001_1e-05_AUG_3_B3503_1_per_token_metrics.csv,B3503,2.49556524958299,/global/scratch/users/sergiomar10/models/ESMC_Pretrain/HLAB3503/ESMMASK_HLA_FT_20_0.001_1e-05_AUG_3_B3503_1.pt,HLA
ESMMASK_HLA_FT_25_0.0001_1e-06_AUG_1_C1402_1_per_token_metrics.csv,C1402,2.498641124966299,/global/scratch/users/sergiomar10/models/ESMC_Pretrain/HLAC1402/ESMMASK_HLA_FT_25_0.0001_1e-06_AUG_1_C1402_1.pt,HLA
ESMMASK_epitope_FT_25_0.0001_5e-05_AUG_3_A1102_2_per_token_metrics.csv,A1102,2.4998456576183763,/global/scratch/users/sergiomar10/models/ESMC_Pretrain/HLAA1102/ESMMASK_epitope_FT_25_0.0001_5e-05_AUG_3_A1102_2.pt,epitope
ESMMASK_epitope_FT_20_0.0001_5e-05_AUG_1_B4402_1_per_token_metrics.csv,B4402,2.5024740854761918,/global/scratch/users/sergiomar10/models/ESMC_Pretrain/HLAB4402/ESMMASK_epitope_FT_20_0.0001_5e-05_AUG_1_B4402_1.pt,epitope
ESMMASK_epitope_FT_15_0.001_1e-06_AUG_1_A0101_1_per_token_metrics.csv,A0101,2.502511039000769,/global/scratch/users/sergiomar10/models/ESMC_Pretrain/HLAA0101/ESMMASK_epitope_FT_15_0.001_1e-06_AUG_1_A0101_1.pt,epitope
ESMMASK_HLA_FT_25_0.0001_1e-06_AUG_4_B4601_2_per_token_metrics.csv,B4601,2.5028062652222265,/global/scratch/users/sergiomar10/models/ESMC_Pretrain/HLAB4601/ESMMASK_HLA_FT_25_0.0001_1e-06_AUG_4_B4601_2.pt,HLA
ESMMASK_HLA_FT_20_0.001_5e-05_AUG_1_A2301_2_per_token_metrics.csv,A2301,2.514123419847821,/global/scratch/users/sergiomar10/models/ESMC_Pretrain/HLAA2301/ESMMASK_HLA_FT_20_0.001_5e-05_AUG_1_A2301_2.pt,HLA
ESMMASK_epitope_FT_25_0.0001_1e-05_AUG_4_B5301_2_per_token_metrics.csv,B5301,2.5142804804538383,/global/scratch/users/sergiomar10/models/ESMC_Pretrain/HLAB5301/ESMMASK_epitope_FT_25_0.0001_1e-05_AUG_4_B5301_2.pt,epitope
ESMMASK_epitope_FT_20_0.0001_1e-06_AUG_3_A3002_2_per_token_metrics.csv,A3002,2.516567584338724,/global/scratch/users/sergiomar10/models/ESMC_Pretrain/HLAA3002/ESMMASK_epitope_FT_20_0.0001_1e-06_AUG_3_A3002_2.pt,epitope
ESMMASK_epitope_FT_15_0.001_1e-06_AUG_1_B1402_1_per_token_metrics.csv,B1402,2.519466730081491,/global/scratch/users/sergiomar10/models/ESMC_Pretrain/HLAB1402/ESMMASK_epitope_FT_15_0.001_1e-06_AUG_1_B1402_1.pt,epitope
ESMMASK_epitope_FT_20_0.0001_1e-05_AUG_1_B4201_2_per_token_metrics.csv,B4201,2.520332450570709,/global/scratch/users/sergiomar10/models/ESMC_Pretrain/HLAB4201/ESMMASK_epitope_FT_20_0.0001_1e-05_AUG_1_B4201_2.pt,epitope
ESMMASK_epitope_FT_20_0.001_1e-06_AUG_3_C1402_1_per_token_metrics.csv,C1402,2.52288061405415,/global/scratch/users/sergiomar10/models/ESMC_Pretrain/HLAC1402/ESMMASK_epitope_FT_20_0.001_1e-06_AUG_3_C1402_1.pt,epitope
ESMMASK_HLA_FT_25_0.001_1e-06_AUG_4_C0701_2_per_token_metrics.csv,C0701,2.523325450657123,/global/scratch/users/sergiomar10/models/ESMC_Pretrain/HLAC0701/ESMMASK_HLA_FT_25_0.001_1e-06_AUG_4_C0701_2.pt,HLA
ESMMASK_epitope_FT_20_0.001_1e-06_AUG_4_C0303_1_per_token_metrics.csv,C0303,2.524035325470201,/global/scratch/users/sergiomar10/models/ESMC_Pretrain/HLAC0303/ESMMASK_epitope_FT_20_0.001_1e-06_AUG_4_C0303_1.pt,epitope
ESMMASK_epitope_FT_20_0.001_5e-05_AUG_4_C0701_2_per_token_metrics.csv,C0701,2.5250311156714833,/global/scratch/users/sergiomar10/models/ESMC_Pretrain/HLAC0701/ESMMASK_epitope_FT_20_0.001_5e-05_AUG_4_C0701_2.pt,epitope
ESMMASK_HLA_FT_15_0.0001_1e-06_AUG_4_C0701_2_per_token_metrics.csv,C0701,2.5253751553745,/global/scratch/users/sergiomar10/models/ESMC_Pretrain/HLAC0701/ESMMASK_HLA_FT_15_0.0001_1e-06_AUG_4_C0701_2.pt,HLA
ESMMASK_epitope_FT_15_0.001_1e-05_AUG_4_B5801_2_per_token_metrics.csv,B5801,2.526167278891707,/global/scratch/users/sergiomar10/models/ESMC_Pretrain/HLAB5801/ESMMASK_epitope_FT_15_0.001_1e-05_AUG_4_B5801_2.pt,epitope
ESMMASK_HLA_FT_20_0.0001_1e-06_AUG_1_C0701_2_per_token_metrics.csv,C0701,2.5291603517674925,/global/scratch/users/sergiomar10/models/ESMC_Pretrain/HLAC0701/ESMMASK_HLA_FT_20_0.0001_1e-06_AUG_1_C0701_2.pt,HLA
ESMMASK_epitope_FT_25_0.0001_1e-06_AUG_1_B3508_2_per_token_metrics.csv,B3508,2.530276564537503,/global/scratch/users/sergiomar10/models/ESMC_Pretrain/HLAB3508/ESMMASK_epitope_FT_25_0.0001_1e-06_AUG_1_B3508_2.pt,epitope
ESMMASK_epitope_FT_15_0.0001_1e-05_AUG_4_B1503_2_per_token_metrics.csv,B1503,2.5322565410697706,/global/scratch/users/sergiomar10/models/ESMC_Pretrain/HLAB1503/ESMMASK_epitope_FT_15_0.0001_1e-05_AUG_4_B1503_2.pt,epitope
ESMMASK_HLA_FT_25_0.001_1e-05_AUG_1_B4201_2_per_token_metrics.csv,B4201,2.5330086353281946,/global/scratch/users/sergiomar10/models/ESMC_Pretrain/HLAB4201/ESMMASK_HLA_FT_25_0.001_1e-05_AUG_1_B4201_2.pt,HLA
ESMMASK_HLA_FT_25_0.0001_1e-05_AUG_1_B2706_2_per_token_metrics.csv,B2706,2.5361220778121214,/global/scratch/users/sergiomar10/models/ESMC_Pretrain/HLAB2706/ESMMASK_HLA_FT_25_0.0001_1e-05_AUG_1_B2706_2.pt,HLA
ESMMASK_HLA_FT_15_0.0001_5e-05_AUG_3_B5401_1_per_token_metrics.csv,B5401,2.539222043653685,/global/scratch/users/sergiomar10/models/ESMC_Pretrain/HLAB5401/ESMMASK_HLA_FT_15_0.0001_5e-05_AUG_3_B5401_1.pt,HLA
ESMMASK_epitope_FT_25_0.0001_5e-05_AUG_1_A2301_1_per_token_metrics.csv,A2301,2.5399673721603793,/global/scratch/users/sergiomar10/models/ESMC_Pretrain/HLAA2301/ESMMASK_epitope_FT_25_0.0001_5e-05_AUG_1_A2301_1.pt,epitope
ESMMASK_HLA_FT_25_0.0001_5e-05_AUG_4_A3101_2_per_token_metrics.csv,A3101,2.5408885790721616,/global/scratch/users/sergiomar10/models/ESMC_Pretrain/HLAA3101/ESMMASK_HLA_FT_25_0.0001_5e-05_AUG_4_A3101_2.pt,HLA
ESMMASK_epitope_FT_25_0.0001_1e-06_AUG_4_B3508_1_per_token_metrics.csv,B3508,2.5425335105179534,/global/scratch/users/sergiomar10/models/ESMC_Pretrain/HLAB3508/ESMMASK_epitope_FT_25_0.0001_1e-06_AUG_4_B3508_1.pt,epitope
ESMMASK_epitope_FT_20_0.001_1e-06_AUG_4_C0702_2_per_token_metrics.csv,C0702,2.5462161809170185,/global/scratch/users/sergiomar10/models/ESMC_Pretrain/HLAC0702/ESMMASK_epitope_FT_20_0.001_1e-06_AUG_4_C0702_2.pt,epitope
ESMMASK_epitope_FT_20_0.001_5e-05_AUG_4_A2301_2_per_token_metrics.csv,A2301,2.5475106760303863,/global/scratch/users/sergiomar10/models/ESMC_Pretrain/HLAA2301/ESMMASK_epitope_FT_20_0.001_5e-05_AUG_4_A2301_2.pt,epitope
ESMMASK_HLA_FT_20_0.0001_5e-05_AUG_4_A3201_1_per_token_metrics.csv,A3201,2.548852583313725,/global/scratch/users/sergiomar10/models/ESMC_Pretrain/HLAA3201/ESMMASK_HLA_FT_20_0.0001_5e-05_AUG_4_A3201_1.pt,HLA
ESMMASK_epitope_FT_15_0.001_1e-05_AUG_3_B3701_1_per_token_metrics.csv,B3701,2.5497530277249965,/global/scratch/users/sergiomar10/models/ESMC_Pretrain/HLAB3701/ESMMASK_epitope_FT_15_0.001_1e-05_AUG_3_B3701_1.pt,epitope
ESMMASK_epitope_FT_25_0.001_1e-05_AUG_1_B4402_2_per_token_metrics.csv,B4402,2.5521324353144976,/global/scratch/users/sergiomar10/models/ESMC_Pretrain/HLAB4402/ESMMASK_epitope_FT_25_0.001_1e-05_AUG_1_B4402_2.pt,epitope
ESMMASK_HLA_FT_20_0.001_5e-05_AUG_4_B5501_1_per_token_metrics.csv,B5501,2.5529515857198657,/global/scratch/users/sergiomar10/models/ESMC_Pretrain/HLAB5501/ESMMASK_HLA_FT_20_0.001_5e-05_AUG_4_B5501_1.pt,HLA
ESMMASK_epitope_FT_15_0.0001_1e-06_AUG_4_B3701_2_per_token_metrics.csv,B3701,2.5542385616336105,/global/scratch/users/sergiomar10/models/ESMC_Pretrain/HLAB3701/ESMMASK_epitope_FT_15_0.0001_1e-06_AUG_4_B3701_2.pt,epitope
ESMMASK_HLA_FT_15_0.0001_1e-05_AUG_1_A3301_1_per_token_metrics.csv,A3301,2.559526221045819,/global/scratch/users/sergiomar10/models/ESMC_Pretrain/HLAA3301/ESMMASK_HLA_FT_15_0.0001_1e-05_AUG_1_A3301_1.pt,HLA
ESMMASK_epitope_FT_20_0.001_1e-05_AUG_3_A3101_1_per_token_metrics.csv,A3101,2.560327033812618,/global/scratch/users/sergiomar10/models/ESMC_Pretrain/HLAA3101/ESMMASK_epitope_FT_20_0.001_1e-05_AUG_3_A3101_1.pt,epitope
ESMMASK_HLA_FT_20_0.0001_5e-05_AUG_3_A2403_2_per_token_metrics.csv,A2403,2.562752035493267,/global/scratch/users/sergiomar10/models/ESMC_Pretrain/HLAA2403/ESMMASK_HLA_FT_20_0.0001_5e-05_AUG_3_A2403_2.pt,HLA
ESMMASK_epitope_FT_25_0.001_1e-06_AUG_3_B3503_1_per_token_metrics.csv,B3503,2.5644480731191233,/global/scratch/users/sergiomar10/models/ESMC_Pretrain/HLAB3503/ESMMASK_epitope_FT_25_0.001_1e-06_AUG_3_B3503_1.pt,epitope
ESMMASK_epitope_FT_20_0.001_1e-05_AUG_3_B3503_2_per_token_metrics.csv,B3503,2.5657373625999993,/global/scratch/users/sergiomar10/models/ESMC_Pretrain/HLAB3503/ESMMASK_epitope_FT_20_0.001_1e-05_AUG_3_B3503_2.pt,epitope
ESMMASK_epitope_FT_15_0.0001_1e-06_AUG_3_A0207_2_per_token_metrics.csv,A0207,2.5667802456149245,/global/scratch/users/sergiomar10/models/ESMC_Pretrain/HLAA0207/ESMMASK_epitope_FT_15_0.0001_1e-06_AUG_3_A0207_2.pt,epitope
ESMMASK_epitope_FT_20_0.001_5e-05_AUG_1_C0602_2_per_token_metrics.csv,C0602,2.568227959132273,/global/scratch/users/sergiomar10/models/ESMC_Pretrain/HLAC0602/ESMMASK_epitope_FT_20_0.001_5e-05_AUG_1_C0602_2.pt,epitope
ESMMASK_epitope_FT_15_0.001_1e-06_AUG_3_B5401_2_per_token_metrics.csv,B5401,2.5715324410051275,/global/scratch/users/sergiomar10/models/ESMC_Pretrain/HLAB5401/ESMMASK_epitope_FT_15_0.001_1e-06_AUG_3_B5401_2.pt,epitope
ESMMASK_HLA_FT_25_0.0001_1e-06_AUG_1_C1203_2_per_token_metrics.csv,C1203,2.577657192518456,/global/scratch/users/sergiomar10/models/ESMC_Pretrain/HLAC1203/ESMMASK_HLA_FT_25_0.0001_1e-06_AUG_1_C1203_2.pt,HLA
ESMMASK_epitope_FT_20_0.001_1e-06_AUG_4_B1510_1_per_token_metrics.csv,B1510,2.5824167760403003,/global/scratch/users/sergiomar10/models/ESMC_Pretrain/HLAB1510/ESMMASK_epitope_FT_20_0.001_1e-06_AUG_4_B1510_1.pt,epitope
ESMMASK_HLA_FT_15_0.001_1e-06_AUG_1_A3303_2_per_token_metrics.csv,A3303,2.5832072377668442,/global/scratch/users/sergiomar10/models/ESMC_Pretrain/HLAA3303/ESMMASK_HLA_FT_15_0.001_1e-06_AUG_1_A3303_2.pt,HLA
ESMMASK_HLA_FT_15_0.0001_1e-05_AUG_1_A0206_1_per_token_metrics.csv,A0206,2.592694975419652,/global/scratch/users/sergiomar10/models/ESMC_Pretrain/HLAA0206/ESMMASK_HLA_FT_15_0.0001_1e-05_AUG_1_A0206_1.pt,HLA
ESMMASK_epitope_FT_20_0.0001_5e-05_AUG_1_B3501_2_per_token_metrics.csv,B3501,2.5941151149797403,/global/scratch/users/sergiomar10/models/ESMC_Pretrain/HLAB3501/ESMMASK_epitope_FT_20_0.0001_5e-05_AUG_1_B3501_2.pt,epitope
ESMMASK_HLA_FT_25_0.0001_5e-05_AUG_1_A2601_1_per_token_metrics.csv,A2601,2.607240688639299,/global/scratch/users/sergiomar10/models/ESMC_Pretrain/HLAA2601/ESMMASK_HLA_FT_25_0.0001_5e-05_AUG_1_A2601_1.pt,HLA
ESMMASK_HLA_FT_15_0.0001_5e-05_AUG_1_B4601_1_per_token_metrics.csv,B4601,2.6088433752325826,/global/scratch/users/sergiomar10/models/ESMC_Pretrain/HLAB4601/ESMMASK_HLA_FT_15_0.0001_5e-05_AUG_1_B4601_1.pt,HLA
ESMMASK_HLA_FT_15_0.001_1e-05_AUG_4_B2710_1_per_token_metrics.csv,B2710,2.6114853769540787,/global/scratch/users/sergiomar10/models/ESMC_Pretrain/HLAB2710/ESMMASK_HLA_FT_15_0.001_1e-05_AUG_4_B2710_1.pt,HLA
ESMMASK_HLA_FT_25_0.001_1e-06_AUG_1_A0204_1_per_token_metrics.csv,A0204,2.6148648507146106,/global/scratch/users/sergiomar10/models/ESMC_Pretrain/HLAA0204/ESMMASK_HLA_FT_25_0.001_1e-06_AUG_1_A0204_1.pt,HLA
ESMMASK_epitope_FT_25_0.0001_1e-05_AUG_4_B2706_1_per_token_metrics.csv,B2706,2.6214367001839673,/global/scratch/users/sergiomar10/models/ESMC_Pretrain/HLAB2706/ESMMASK_epitope_FT_25_0.0001_1e-05_AUG_4_B2706_1.pt,epitope
ESMMASK_HLA_FT_15_0.0001_1e-05_AUG_1_A3002_1_per_token_metrics.csv,A3002,2.624203574411454,/global/scratch/users/sergiomar10/models/ESMC_Pretrain/HLAA3002/ESMMASK_HLA_FT_15_0.0001_1e-05_AUG_1_A3002_1.pt,HLA
ESMMASK_epitope_FT_15_0.001_1e-06_AUG_3_B2706_2_per_token_metrics.csv,B2706,2.624448736999301,/global/scratch/users/sergiomar10/models/ESMC_Pretrain/HLAB2706/ESMMASK_epitope_FT_15_0.001_1e-06_AUG_3_B2706_2.pt,epitope
ESMMASK_HLA_FT_15_0.001_5e-05_AUG_1_A3301_1_per_token_metrics.csv,A3301,2.625640041821297,/global/scratch/users/sergiomar10/models/ESMC_Pretrain/HLAA3301/ESMMASK_HLA_FT_15_0.001_5e-05_AUG_1_A3301_1.pt,HLA
ESMMASK_HLA_FT_25_0.001_1e-06_AUG_1_B3801_2_per_token_metrics.csv,B3801,2.626179064824595,/global/scratch/users/sergiomar10/models/ESMC_Pretrain/HLAB3801/ESMMASK_HLA_FT_25_0.001_1e-06_AUG_1_B3801_2.pt,HLA
ESMMASK_HLA_FT_20_0.0001_1e-06_AUG_1_B3901_2_per_token_metrics.csv,B3901,2.6270447908225516,/global/scratch/users/sergiomar10/models/ESMC_Pretrain/HLAB3901/ESMMASK_HLA_FT_20_0.0001_1e-06_AUG_1_B3901_2.pt,HLA
ESMMASK_epitope_FT_20_0.0001_1e-05_AUG_3_B5802_2_per_token_metrics.csv,B5802,2.6311804224818043,/global/scratch/users/sergiomar10/models/ESMC_Pretrain/HLAB5802/ESMMASK_epitope_FT_20_0.0001_1e-05_AUG_3_B5802_2.pt,epitope
ESMMASK_HLA_FT_25_0.001_1e-05_AUG_3_B5501_1_per_token_metrics.csv,B5501,2.6317010527597886,/global/scratch/users/sergiomar10/models/ESMC_Pretrain/HLAB5501/ESMMASK_HLA_FT_25_0.001_1e-05_AUG_3_B5501_1.pt,HLA
ESMMASK_HLA_FT_25_0.0001_1e-05_AUG_1_A6901_2_per_token_metrics.csv,A6901,2.632336920411991,/global/scratch/users/sergiomar10/models/ESMC_Pretrain/HLAA6901/ESMMASK_HLA_FT_25_0.0001_1e-05_AUG_1_A6901_2.pt,HLA
ESMMASK_epitope_FT_20_0.0001_1e-06_AUG_1_B1502_1_per_token_metrics.csv,B1502,2.635703824515042,/global/scratch/users/sergiomar10/models/ESMC_Pretrain/HLAB1502/ESMMASK_epitope_FT_20_0.0001_1e-06_AUG_1_B1502_1.pt,epitope
ESMMASK_epitope_FT_25_0.001_1e-06_AUG_3_B1517_2_per_token_metrics.csv,B1517,2.653711727192727,/global/scratch/users/sergiomar10/models/ESMC_Pretrain/HLAB1517/ESMMASK_epitope_FT_25_0.001_1e-06_AUG_3_B1517_2.pt,epitope
ESMMASK_HLA_FT_15_0.001_1e-06_AUG_4_B2706_2_per_token_metrics.csv,B2706,2.654112135336566,/global/scratch/users/sergiomar10/models/ESMC_Pretrain/HLAB2706/ESMMASK_HLA_FT_15_0.001_1e-06_AUG_4_B2706_2.pt,HLA
ESMMASK_HLA_FT_25_0.0001_5e-05_AUG_1_A1102_1_per_token_metrics.csv,A1102,2.654858105427418,/global/scratch/users/sergiomar10/models/ESMC_Pretrain/HLAA1102/ESMMASK_HLA_FT_25_0.0001_5e-05_AUG_1_A1102_1.pt,HLA
ESMMASK_HLA_FT_15_0.0001_1e-06_AUG_1_B4601_2_per_token_metrics.csv,B4601,2.655232335554819,/global/scratch/users/sergiomar10/models/ESMC_Pretrain/HLAB4601/ESMMASK_HLA_FT_15_0.0001_1e-06_AUG_1_B4601_2.pt,HLA
ESMMASK_epitope_FT_20_0.0001_1e-05_AUG_1_C1203_1_per_token_metrics.csv,C1203,2.6558643764733736,/global/scratch/users/sergiomar10/models/ESMC_Pretrain/HLAC1203/ESMMASK_epitope_FT_20_0.0001_1e-05_AUG_1_C1203_1.pt,epitope
ESMMASK_HLA_FT_15_0.0001_1e-05_AUG_1_A0205_1_per_token_metrics.csv,A0205,2.6631532999558996,/global/scratch/users/sergiomar10/models/ESMC_Pretrain/HLAA0205/ESMMASK_HLA_FT_15_0.0001_1e-05_AUG_1_A0205_1.pt,HLA
ESMMASK_epitope_FT_20_0.001_5e-05_AUG_1_A6801_2_per_token_metrics.csv,A6801,2.666042460849225,/global/scratch/users/sergiomar10/models/ESMC_Pretrain/HLAA6801/ESMMASK_epitope_FT_20_0.001_5e-05_AUG_1_A6801_2.pt,epitope
ESMMASK_epitope_FT_25_0.001_1e-06_AUG_3_A0217_2_per_token_metrics.csv,A0217,2.667367663769755,/global/scratch/users/sergiomar10/models/ESMC_Pretrain/HLAA0217/ESMMASK_epitope_FT_25_0.001_1e-06_AUG_3_A0217_2.pt,epitope
ESMMASK_epitope_FT_15_0.0001_5e-05_AUG_3_A0202_1_per_token_metrics.csv,A0202,2.668916436467246,/global/scratch/users/sergiomar10/models/ESMC_Pretrain/HLAA0202/ESMMASK_epitope_FT_15_0.0001_5e-05_AUG_3_A0202_1.pt,epitope
ESMMASK_HLA_FT_15_0.0001_1e-06_AUG_1_A0207_1_per_token_metrics.csv,A0207,2.671199892639379,/global/scratch/users/sergiomar10/models/ESMC_Pretrain/HLAA0207/ESMMASK_HLA_FT_15_0.0001_1e-06_AUG_1_A0207_1.pt,HLA
ESMMASK_epitope_FT_20_0.0001_5e-05_AUG_3_B3508_2_per_token_metrics.csv,B3508,2.672706659073689,/global/scratch/users/sergiomar10/models/ESMC_Pretrain/HLAB3508/ESMMASK_epitope_FT_20_0.0001_5e-05_AUG_3_B3508_2.pt,epitope
ESMMASK_HLA_FT_15_0.0001_1e-05_AUG_1_A3001_1_per_token_metrics.csv,A3001,2.673783006770994,/global/scratch/users/sergiomar10/models/ESMC_Pretrain/HLAA3001/ESMMASK_HLA_FT_15_0.0001_1e-05_AUG_1_A3001_1.pt,HLA
ESMMASK_HLA_FT_25_1e-05_1e-05_AUG_4_A1101_1_per_token_metrics.csv,A1101,2.6753542331966855,/global/scratch/users/sergiomar10/models/ESMC_Pretrain/HLAA1101/ESMMASK_HLA_FT_25_1e-05_1e-05_AUG_4_A1101_1.pt,HLA
ESMMASK_HLA_FT_25_1e-05_1e-05_AUG_4_A1101_1_per_token_metrics.csv,A1101,2.6753542331966855,/global/scratch/users/sergiomar10/models/ESMC_Pretrain/HLAA1101/ESMMASK_HLA_FT_25_1e-05_1e-05_AUG_4_A1101_1.pt,HLA
ESMMASK_HLA_FT_15_0.0001_5e-05_AUG_1_A0204_1_per_token_metrics.csv,A0204,2.675478111267347,/global/scratch/users/sergiomar10/models/ESMC_Pretrain/HLAA0204/ESMMASK_HLA_FT_15_0.0001_5e-05_AUG_1_A0204_1.pt,HLA
ESMMASK_HLA_FT_25_0.001_1e-06_AUG_1_C1203_2_per_token_metrics.csv,C1203,2.6816536390776453,/global/scratch/users/sergiomar10/models/ESMC_Pretrain/HLAC1203/ESMMASK_HLA_FT_25_0.001_1e-06_AUG_1_C1203_2.pt,HLA
ESMMASK_HLA_FT_15_0.0001_1e-05_AUG_1_A0211_2_per_token_metrics.csv,A0211,2.686387118591612,/global/scratch/users/sergiomar10/models/ESMC_Pretrain/HLAA0211/ESMMASK_HLA_FT_15_0.0001_1e-05_AUG_1_A0211_2.pt,HLA
ESMMASK_epitope_FT_15_0.001_1e-05_AUG_1_B1801_2_per_token_metrics.csv,B1801,2.6945806649585746,/global/scratch/users/sergiomar10/models/ESMC_Pretrain/HLAB1801/ESMMASK_epitope_FT_15_0.001_1e-05_AUG_1_B1801_2.pt,epitope
ESMMASK_epitope_FT_15_0.001_1e-06_AUG_4_A3002_1_per_token_metrics.csv,A3002,2.6971094182220234,/global/scratch/users/sergiomar10/models/ESMC_Pretrain/HLAA3002/ESMMASK_epitope_FT_15_0.001_1e-06_AUG_4_A3002_1.pt,epitope
ESMMASK_HLA_FT_15_0.0001_1e-05_AUG_1_A0211_1_per_token_metrics.csv,A0211,2.701869590215464,/global/scratch/users/sergiomar10/models/ESMC_Pretrain/HLAA0211/ESMMASK_HLA_FT_15_0.0001_1e-05_AUG_1_A0211_1.pt,HLA
ESMMASK_HLA_FT_20_0.0001_1e-05_AUG_4_B5201_1_per_token_metrics.csv,B5201,2.710646280549858,/global/scratch/users/sergiomar10/models/ESMC_Pretrain/HLAB5201/ESMMASK_HLA_FT_20_0.0001_1e-05_AUG_4_B5201_1.pt,HLA
ESMMASK_epitope_FT_20_0.001_1e-05_AUG_4_B1517_2_per_token_metrics.csv,B1517,2.711956436290646,/global/scratch/users/sergiomar10/models/ESMC_Pretrain/HLAB1517/ESMMASK_epitope_FT_20_0.001_1e-05_AUG_4_B1517_2.pt,epitope
ESMMASK_HLA_FT_20_0.001_1e-05_AUG_1_A3101_1_per_token_metrics.csv,A3101,2.712333239839843,/global/scratch/users/sergiomar10/models/ESMC_Pretrain/HLAA3101/ESMMASK_HLA_FT_20_0.001_1e-05_AUG_1_A3101_1.pt,HLA
ESMMASK_HLA_FT_15_0.001_5e-05_AUG_1_B1801_1_per_token_metrics.csv,B1801,2.713841845567348,/global/scratch/users/sergiomar10/models/ESMC_Pretrain/HLAB1801/ESMMASK_HLA_FT_15_0.001_5e-05_AUG_1_B1801_1.pt,HLA
ESMMASK_epitope_FT_25_0.0001_5e-05_AUG_1_A1101_2_per_token_metrics.csv,A1101,2.7192325829948687,/global/scratch/users/sergiomar10/models/ESMC_Pretrain/HLAA1101/ESMMASK_epitope_FT_25_0.0001_5e-05_AUG_1_A1101_2.pt,epitope
ESMMASK_epitope_FT_25_0.0001_5e-05_AUG_1_A1101_2_per_token_metrics.csv,A1101,2.7192325829948687,/global/scratch/users/sergiomar10/models/ESMC_Pretrain/HLAA1101/ESMMASK_epitope_FT_25_0.0001_5e-05_AUG_1_A1101_2.pt,epitope
ESMMASK_HLA_FT_25_1e-05_5e-05_AUG_3_B1501_2_per_token_metrics.csv,B1501,2.722610986270641,/global/scratch/users/sergiomar10/models/ESMC_Pretrain/HLAB1501/ESMMASK_HLA_FT_25_1e-05_5e-05_AUG_3_B1501_2.pt,HLA
ESMMASK_epitope_FT_15_0.0001_1e-06_AUG_1_C0702_2_per_token_metrics.csv,C0702,2.7255282778759997,/global/scratch/users/sergiomar10/models/ESMC_Pretrain/HLAC0702/ESMMASK_epitope_FT_15_0.0001_1e-06_AUG_1_C0702_2.pt,epitope
ESMMASK_HLA_FT_25_0.001_5e-05_AUG_1_A2601_2_per_token_metrics.csv,A2601,2.7361882769528876,/global/scratch/users/sergiomar10/models/ESMC_Pretrain/HLAA2601/ESMMASK_HLA_FT_25_0.001_5e-05_AUG_1_A2601_2.pt,HLA
ESMMASK_epitope_FT_25_0.0001_1e-06_AUG_1_C0102_2_per_token_metrics.csv,C0102,2.7371424213788824,/global/scratch/users/sergiomar10/models/ESMC_Pretrain/HLAC0102/ESMMASK_epitope_FT_25_0.0001_1e-06_AUG_1_C0102_2.pt,epitope
ESMMASK_epitope_FT_25_0.001_1e-06_AUG_3_C0702_2_per_token_metrics.csv,C0702,2.752335019385729,/global/scratch/users/sergiomar10/models/ESMC_Pretrain/HLAC0702/ESMMASK_epitope_FT_25_0.001_1e-06_AUG_3_C0702_2.pt,epitope
ESMMASK_epitope_FT_20_0.001_5e-05_AUG_3_A0201_2_per_token_metrics.csv,A0201,2.753527823125332,/global/scratch/users/sergiomar10/models/ESMC_Pretrain/HLAA0201/ESMMASK_epitope_FT_20_0.001_5e-05_AUG_3_A0201_2.pt,epitope
ESMMASK_epitope_FT_20_0.001_1e-06_AUG_3_B5801_1_per_token_metrics.csv,B5801,2.756348261233795,/global/scratch/users/sergiomar10/models/ESMC_Pretrain/HLAB5801/ESMMASK_epitope_FT_20_0.001_1e-06_AUG_3_B5801_1.pt,epitope
ESMMASK_epitope_FT_20_0.001_1e-06_AUG_4_B5201_2_per_token_metrics.csv,B5201,2.757534073385763,/global/scratch/users/sergiomar10/models/ESMC_Pretrain/HLAB5201/ESMMASK_epitope_FT_20_0.001_1e-06_AUG_4_B5201_2.pt,epitope
ESMMASK_epitope_FT_25_0.001_1e-06_AUG_1_C0602_2_per_token_metrics.csv,C0602,2.7607419245701155,/global/scratch/users/sergiomar10/models/ESMC_Pretrain/HLAC0602/ESMMASK_epitope_FT_25_0.001_1e-06_AUG_1_C0602_2.pt,epitope
ESMMASK_HLA_FT_25_1e-05_5e-05_AUG_3_B4001_1_per_token_metrics.csv,B4001,2.7944330283093928,/global/scratch/users/sergiomar10/models/ESMC_Pretrain/HLAB4001/ESMMASK_HLA_FT_25_1e-05_5e-05_AUG_3_B4001_1.pt,HLA
ESMMASK_HLA_FT_15_0.001_1e-05_AUG_1_B2701_1_per_token_metrics.csv,B2701,2.795041574463784,/global/scratch/users/sergiomar10/models/ESMC_Pretrain/HLAB2701/ESMMASK_HLA_FT_15_0.001_1e-05_AUG_1_B2701_1.pt,HLA
ESMMASK_HLA_FT_25_0.001_1e-06_AUG_1_A6802_1_per_token_metrics.csv,A6802,2.79906756357296,/global/scratch/users/sergiomar10/models/ESMC_Pretrain/HLAA6802/ESMMASK_HLA_FT_25_0.001_1e-06_AUG_1_A6802_1.pt,HLA
ESMMASK_epitope_FT_25_0.0001_1e-06_AUG_1_B1517_2_per_token_metrics.csv,B1517,2.8086933136641163,/global/scratch/users/sergiomar10/models/ESMC_Pretrain/HLAB1517/ESMMASK_epitope_FT_25_0.0001_1e-06_AUG_1_B1517_2.pt,epitope
ESMMASK_HLA_FT_15_0.0001_1e-05_AUG_1_B2701_1_per_token_metrics.csv,B2701,2.8097544916309256,/global/scratch/users/sergiomar10/models/ESMC_Pretrain/HLAB2701/ESMMASK_HLA_FT_15_0.0001_1e-05_AUG_1_B2701_1.pt,HLA
ESMMASK_epitope_FT_25_0.001_5e-05_AUG_1_A0204_1_per_token_metrics.csv,A0204,2.8144870983681196,/global/scratch/users/sergiomar10/models/ESMC_Pretrain/HLAA0204/ESMMASK_epitope_FT_25_0.001_5e-05_AUG_1_A0204_1.pt,epitope
ESMMASK_epitope_FT_15_0.0001_1e-05_AUG_3_B1517_1_per_token_metrics.csv,B1517,2.8273700268001485,/global/scratch/users/sergiomar10/models/ESMC_Pretrain/HLAB1517/ESMMASK_epitope_FT_15_0.0001_1e-05_AUG_3_B1517_1.pt,epitope
ESMMASK_epitope_FT_20_0.0001_5e-05_AUG_1_A0211_2_per_token_metrics.csv,A0211,2.8277170708821187,/global/scratch/users/sergiomar10/models/ESMC_Pretrain/HLAA0211/ESMMASK_epitope_FT_20_0.0001_5e-05_AUG_1_A0211_2.pt,epitope
ESMMASK_epitope_FT_15_0.001_5e-05_AUG_1_B1503_2_per_token_metrics.csv,B1503,2.832535778148206,/global/scratch/users/sergiomar10/models/ESMC_Pretrain/HLAB1503/ESMMASK_epitope_FT_15_0.001_5e-05_AUG_1_B1503_2.pt,epitope
ESMMASK_epitope_FT_25_0.001_1e-06_AUG_1_C1502_2_per_token_metrics.csv,C1502,2.8388188906727083,/global/scratch/users/sergiomar10/models/ESMC_Pretrain/HLAC1502/ESMMASK_epitope_FT_25_0.001_1e-06_AUG_1_C1502_2.pt,epitope
ESMMASK_epitope_FT_20_0.001_1e-05_AUG_4_B5301_2_per_token_metrics.csv,B5301,2.8427502836088627,/global/scratch/users/sergiomar10/models/ESMC_Pretrain/HLAB5301/ESMMASK_epitope_FT_20_0.001_1e-05_AUG_4_B5301_2.pt,epitope
ESMMASK_epitope_FT_25_0.0001_1e-05_AUG_3_B4601_1_per_token_metrics.csv,B4601,2.8454165036995964,/global/scratch/users/sergiomar10/models/ESMC_Pretrain/HLAB4601/ESMMASK_epitope_FT_25_0.0001_1e-05_AUG_3_B4601_1.pt,epitope
ESMMASK_HLA_FT_20_0.0001_1e-06_AUG_3_B2703_2_per_token_metrics.csv,B2703,2.8500157442279432,/global/scratch/users/sergiomar10/models/ESMC_Pretrain/HLAB2703/ESMMASK_HLA_FT_20_0.0001_1e-06_AUG_3_B2703_2.pt,HLA
ESMMASK_HLA_FT_20_0.001_5e-05_AUG_1_B2701_2_per_token_metrics.csv,B2701,2.8546339225134565,/global/scratch/users/sergiomar10/models/ESMC_Pretrain/HLAB2701/ESMMASK_HLA_FT_20_0.001_5e-05_AUG_1_B2701_2.pt,HLA
ESMMASK_HLA_FT_25_1e-05_1e-05_AUG_1_A0201_2_per_token_metrics.csv,A0201,2.8616827921558072,/global/scratch/users/sergiomar10/models/ESMC_Pretrain/HLAA0201/ESMMASK_HLA_FT_25_1e-05_1e-05_AUG_1_A0201_2.pt,HLA
ESMMASK_HLA_FT_15_0.001_1e-06_AUG_3_B2704_2_per_token_metrics.csv,B2704,2.867996197976216,/global/scratch/users/sergiomar10/models/ESMC_Pretrain/HLAB2704/ESMMASK_HLA_FT_15_0.001_1e-06_AUG_3_B2704_2.pt,HLA
ESMMASK_HLA_FT_20_0.0001_5e-05_AUG_1_A6901_1_per_token_metrics.csv,A6901,2.869754882446827,/global/scratch/users/sergiomar10/models/ESMC_Pretrain/HLAA6901/ESMMASK_HLA_FT_20_0.0001_5e-05_AUG_1_A6901_1.pt,HLA
ESMMASK_HLA_FT_15_0.0001_1e-05_AUG_1_A3002_2_per_token_metrics.csv,A3002,2.873517865644052,/global/scratch/users/sergiomar10/models/ESMC_Pretrain/HLAA3002/ESMMASK_HLA_FT_15_0.0001_1e-05_AUG_1_A3002_2.pt,HLA
ESMMASK_HLA_FT_20_0.001_1e-05_AUG_3_B5501_2_per_token_metrics.csv,B5501,2.8744722280855073,/global/scratch/users/sergiomar10/models/ESMC_Pretrain/HLAB5501/ESMMASK_HLA_FT_20_0.001_1e-05_AUG_3_B5501_2.pt,HLA
ESMMASK_epitope_FT_15_0.001_1e-05_AUG_1_C0602_2_per_token_metrics.csv,C0602,2.8746411582730533,/global/scratch/users/sergiomar10/models/ESMC_Pretrain/HLAC0602/ESMMASK_epitope_FT_15_0.001_1e-05_AUG_1_C0602_2.pt,epitope
ESMMASK_epitope_FT_15_0.001_1e-06_AUG_1_C1502_2_per_token_metrics.csv,C1502,2.880987746244651,/global/scratch/users/sergiomar10/models/ESMC_Pretrain/HLAC1502/ESMMASK_epitope_FT_15_0.001_1e-06_AUG_1_C1502_2.pt,epitope
ESMMASK_HLA_FT_20_1e-05_1e-05_AUG_1_A0201_1_per_token_metrics.csv,A0201,2.891802560276518,/global/scratch/users/sergiomar10/models/ESMC_Pretrain/HLAA0201/ESMMASK_HLA_FT_20_1e-05_1e-05_AUG_1_A0201_1.pt,HLA
ESMMASK_HLA_FT_20_0.001_5e-05_AUG_1_A3001_2_per_token_metrics.csv,A3001,2.8949419485826065,/global/scratch/users/sergiomar10/models/ESMC_Pretrain/HLAA3001/ESMMASK_HLA_FT_20_0.001_5e-05_AUG_1_A3001_2.pt,HLA
ESMMASK_epitope_FT_20_0.001_1e-05_AUG_1_A6601_1_per_token_metrics.csv,A6601,2.899288656150698,/global/scratch/users/sergiomar10/models/ESMC_Pretrain/HLAA6601/ESMMASK_epitope_FT_20_0.001_1e-05_AUG_1_A6601_1.pt,epitope
ESMMASK_HLA_FT_15_0.001_5e-05_AUG_1_B3701_2_per_token_metrics.csv,B3701,2.9131250231024244,/global/scratch/users/sergiomar10/models/ESMC_Pretrain/HLAB3701/ESMMASK_HLA_FT_15_0.001_5e-05_AUG_1_B3701_2.pt,HLA
ESMMASK_HLA_FT_25_0.0001_5e-05_AUG_3_B4801_2_per_token_metrics.csv,B4801,2.9192210997345684,/global/scratch/users/sergiomar10/models/ESMC_Pretrain/HLAB4801/ESMMASK_HLA_FT_25_0.0001_5e-05_AUG_3_B4801_2.pt,HLA
ESMMASK_HLA_FT_15_1e-05_5e-05_AUG_4_B1501_1_per_token_metrics.csv,B1501,2.92056641730765,/global/scratch/users/sergiomar10/models/ESMC_Pretrain/HLAB1501/ESMMASK_HLA_FT_15_1e-05_5e-05_AUG_4_B1501_1.pt,HLA
ESMMASK_epitope_FT_20_0.001_1e-05_AUG_1_A2501_2_per_token_metrics.csv,A2501,2.9374702673336475,/global/scratch/users/sergiomar10/models/ESMC_Pretrain/HLAA2501/ESMMASK_epitope_FT_20_0.001_1e-05_AUG_1_A2501_2.pt,epitope
ESMMASK_HLA_FT_25_1e-05_5e-05_AUG_4_B2709_2_per_token_metrics.csv,B2709,2.9407249540211895,/global/scratch/users/sergiomar10/models/ESMC_Pretrain/HLAB2709/ESMMASK_HLA_FT_25_1e-05_5e-05_AUG_4_B2709_2.pt,HLA
ESMMASK_epitope_FT_25_0.001_1e-05_AUG_3_B5401_1_per_token_metrics.csv,B5401,2.943559624936899,/global/scratch/users/sergiomar10/models/ESMC_Pretrain/HLAB5401/ESMMASK_epitope_FT_25_0.001_1e-05_AUG_3_B5401_1.pt,epitope
ESMMASK_epitope_FT_25_0.001_1e-05_AUG_4_B2703_1_per_token_metrics.csv,B2703,2.9499012551126453,/global/scratch/users/sergiomar10/models/ESMC_Pretrain/HLAB2703/ESMMASK_epitope_FT_25_0.001_1e-05_AUG_4_B2703_1.pt,epitope
ESMMASK_epitope_FT_15_0.0001_5e-05_AUG_1_B5301_1_per_token_metrics.csv,B5301,2.949999574537698,/global/scratch/users/sergiomar10/models/ESMC_Pretrain/HLAB5301/ESMMASK_epitope_FT_15_0.0001_5e-05_AUG_1_B5301_1.pt,epitope
ESMMASK_HLA_FT_25_1e-05_1e-05_AUG_3_B4402_1_per_token_metrics.csv,B4402,2.9560285386095244,/global/scratch/users/sergiomar10/models/ESMC_Pretrain/HLAB4402/ESMMASK_HLA_FT_25_1e-05_1e-05_AUG_3_B4402_1.pt,HLA
ESMMASK_HLA_FT_15_0.0001_1e-05_AUG_1_B5501_1_per_token_metrics.csv,B5501,2.959009942611142,/global/scratch/users/sergiomar10/models/ESMC_Pretrain/HLAB5501/ESMMASK_HLA_FT_15_0.0001_1e-05_AUG_1_B5501_1.pt,HLA
ESMMASK_HLA_FT_15_0.0001_5e-05_AUG_3_B8301_2_per_token_metrics.csv,B8301,2.9608405985660395,/global/scratch/users/sergiomar10/models/ESMC_Pretrain/HLAB8301/ESMMASK_HLA_FT_15_0.0001_5e-05_AUG_3_B8301_2.pt,HLA
ESMMASK_HLA_FT_25_0.001_1e-06_AUG_1_A3301_2_per_token_metrics.csv,A3301,2.961137311061395,/global/scratch/users/sergiomar10/models/ESMC_Pretrain/HLAA3301/ESMMASK_HLA_FT_25_0.001_1e-06_AUG_1_A3301_2.pt,HLA
ESMMASK_HLA_FT_25_0.001_1e-05_AUG_4_B2704_2_per_token_metrics.csv,B2704,2.9643301802755277,/global/scratch/users/sergiomar10/models/ESMC_Pretrain/HLAB2704/ESMMASK_HLA_FT_25_0.001_1e-05_AUG_4_B2704_2.pt,HLA
ESMMASK_HLA_FT_15_0.0001_1e-05_AUG_1_A1102_2_per_token_metrics.csv,A1102,2.9687622911694054,/global/scratch/users/sergiomar10/models/ESMC_Pretrain/HLAA1102/ESMMASK_HLA_FT_15_0.0001_1e-05_AUG_1_A1102_2.pt,HLA
ESMMASK_HLA_FT_25_0.0001_5e-05_AUG_3_A0217_2_per_token_metrics.csv,A0217,2.973803582443927,/global/scratch/users/sergiomar10/models/ESMC_Pretrain/HLAA0217/ESMMASK_HLA_FT_25_0.0001_5e-05_AUG_3_A0217_2.pt,HLA
ESMMASK_HLA_FT_20_1e-05_5e-05_AUG_3_A1101_1_per_token_metrics.csv,A1101,2.986282904898271,/global/scratch/users/sergiomar10/models/ESMC_Pretrain/HLAA1101/ESMMASK_HLA_FT_20_1e-05_5e-05_AUG_3_A1101_1.pt,HLA
ESMMASK_HLA_FT_20_1e-05_5e-05_AUG_3_A1101_1_per_token_metrics.csv,A1101,2.986282904898271,/global/scratch/users/sergiomar10/models/ESMC_Pretrain/HLAA1101/ESMMASK_HLA_FT_20_1e-05_5e-05_AUG_3_A1101_1.pt,HLA
ESMMASK_HLA_FT_15_0.0001_1e-05_AUG_3_A8001_2_per_token_metrics.csv,A8001,3.004238827578555,/global/scratch/users/sergiomar10/models/ESMC_Pretrain/HLAA8001/ESMMASK_HLA_FT_15_0.0001_1e-05_AUG_3_A8001_2.pt,HLA
ESMMASK_HLA_FT_20_0.0001_1e-05_AUG_3_A2602_1_per_token_metrics.csv,A2602,3.0110544432044173,/global/scratch/users/sergiomar10/models/ESMC_Pretrain/HLAA2602/ESMMASK_HLA_FT_20_0.0001_1e-05_AUG_3_A2602_1.pt,HLA
ESMMASK_HLA_FT_25_1e-05_1e-05_AUG_1_A0201_1_per_token_metrics.csv,A0201,3.0140645967311808,/global/scratch/users/sergiomar10/models/ESMC_Pretrain/HLAA0201/ESMMASK_HLA_FT_25_1e-05_1e-05_AUG_1_A0201_1.pt,HLA
ESMMASK_HLA_FT_20_0.001_1e-06_AUG_4_B5401_1_per_token_metrics.csv,B5401,3.019892108851331,/global/scratch/users/sergiomar10/models/ESMC_Pretrain/HLAB5401/ESMMASK_HLA_FT_20_0.001_1e-06_AUG_4_B5401_1.pt,HLA
ESMMASK_epitope_FT_25_0.0001_1e-05_AUG_1_B3508_2_per_token_metrics.csv,B3508,3.0233479983427536,/global/scratch/users/sergiomar10/models/ESMC_Pretrain/HLAB3508/ESMMASK_epitope_FT_25_0.0001_1e-05_AUG_1_B3508_2.pt,epitope
ESMMASK_HLA_FT_25_0.0001_5e-05_AUG_1_C0102_1_per_token_metrics.csv,C0102,3.0286982244943155,/global/scratch/users/sergiomar10/models/ESMC_Pretrain/HLAC0102/ESMMASK_HLA_FT_25_0.0001_5e-05_AUG_1_C0102_1.pt,HLA
ESMMASK_epitope_FT_25_1e-05_5e-05_AUG_4_B4001_2_per_token_metrics.csv,B4001,3.0290701485587332,/global/scratch/users/sergiomar10/models/ESMC_Pretrain/HLAB4001/ESMMASK_epitope_FT_25_1e-05_5e-05_AUG_4_B4001_2.pt,epitope
ESMMASK_HLA_FT_25_1e-05_1e-05_AUG_3_B4403_2_per_token_metrics.csv,B4403,3.029550083500046,/global/scratch/users/sergiomar10/models/ESMC_Pretrain/HLAB4403/ESMMASK_HLA_FT_25_1e-05_1e-05_AUG_3_B4403_2.pt,HLA
ESMMASK_epitope_FT_20_1e-05_5e-05_AUG_4_B5701_2_per_token_metrics.csv,B5701,3.036903041000931,/global/scratch/users/sergiomar10/models/ESMC_Pretrain/HLAB5701/ESMMASK_epitope_FT_20_1e-05_5e-05_AUG_4_B5701_2.pt,epitope
ESMMASK_HLA_FT_25_0.001_5e-05_AUG_1_A0211_1_per_token_metrics.csv,A0211,3.0483665292346473,/global/scratch/users/sergiomar10/models/ESMC_Pretrain/HLAA0211/ESMMASK_HLA_FT_25_0.001_5e-05_AUG_1_A0211_1.pt,HLA
ESMMASK_HLA_FT_25_1e-05_1e-05_AUG_4_C1203_1_per_token_metrics.csv,C1203,3.0536768878381286,/global/scratch/users/sergiomar10/models/ESMC_Pretrain/HLAC1203/ESMMASK_HLA_FT_25_1e-05_1e-05_AUG_4_C1203_1.pt,HLA
ESMMASK_epitope_FT_20_0.0001_1e-06_AUG_1_C0702_2_per_token_metrics.csv,C0702,3.0573988485815335,/global/scratch/users/sergiomar10/models/ESMC_Pretrain/HLAC0702/ESMMASK_epitope_FT_20_0.0001_1e-06_AUG_1_C0702_2.pt,epitope
ESMMASK_epitope_FT_15_1e-05_5e-05_AUG_3_A0201_2_per_token_metrics.csv,A0201,3.057776282682506,/global/scratch/users/sergiomar10/models/ESMC_Pretrain/HLAA0201/ESMMASK_epitope_FT_15_1e-05_5e-05_AUG_3_A0201_2.pt,epitope
ESMMASK_HLA_FT_20_1e-05_5e-05_AUG_1_A0201_2_per_token_metrics.csv,A0201,3.0609951555646164,/global/scratch/users/sergiomar10/models/ESMC_Pretrain/HLAA0201/ESMMASK_HLA_FT_20_1e-05_5e-05_AUG_1_A0201_2.pt,HLA
ESMMASK_HLA_FT_15_0.0001_5e-05_AUG_1_B2706_1_per_token_metrics.csv,B2706,3.061707135310564,/global/scratch/users/sergiomar10/models/ESMC_Pretrain/HLAB2706/ESMMASK_HLA_FT_15_0.0001_5e-05_AUG_1_B2706_1.pt,HLA
ESMMASK_HLA_FT_20_0.001_5e-05_AUG_4_B2706_2_per_token_metrics.csv,B2706,3.0625965433988225,/global/scratch/users/sergiomar10/models/ESMC_Pretrain/HLAB2706/ESMMASK_HLA_FT_20_0.001_5e-05_AUG_4_B2706_2.pt,HLA
ESMMASK_HLA_FT_20_0.001_5e-05_AUG_4_B2703_2_per_token_metrics.csv,B2703,3.0725366448827356,/global/scratch/users/sergiomar10/models/ESMC_Pretrain/HLAB2703/ESMMASK_HLA_FT_20_0.001_5e-05_AUG_4_B2703_2.pt,HLA
ESMMASK_epitope_FT_15_1e-05_1e-05_AUG_3_A0201_1_per_token_metrics.csv,A0201,3.084438142525878,/global/scratch/users/sergiomar10/models/ESMC_Pretrain/HLAA0201/ESMMASK_epitope_FT_15_1e-05_1e-05_AUG_3_A0201_1.pt,epitope
ESMMASK_HLA_FT_20_1e-05_5e-05_AUG_4_A1101_1_per_token_metrics.csv,A1101,3.095946135101953,/global/scratch/users/sergiomar10/models/ESMC_Pretrain/HLAA1101/ESMMASK_HLA_FT_20_1e-05_5e-05_AUG_4_A1101_1.pt,HLA
ESMMASK_HLA_FT_20_1e-05_5e-05_AUG_4_A1101_1_per_token_metrics.csv,A1101,3.095946135101953,/global/scratch/users/sergiomar10/models/ESMC_Pretrain/HLAA1101/ESMMASK_HLA_FT_20_1e-05_5e-05_AUG_4_A1101_1.pt,HLA
ESMMASK_HLA_FT_15_0.0001_5e-05_AUG_1_A0211_2_per_token_metrics.csv,A0211,3.098621150997949,/global/scratch/users/sergiomar10/models/ESMC_Pretrain/HLAA0211/ESMMASK_HLA_FT_15_0.0001_5e-05_AUG_1_A0211_2.pt,HLA
ESMMASK_epitope_FT_20_0.001_1e-06_AUG_1_A0201_1_per_token_metrics.csv,A0201,3.0991886922645264,/global/scratch/users/sergiomar10/models/ESMC_Pretrain/HLAA0201/ESMMASK_epitope_FT_20_0.001_1e-06_AUG_1_A0201_1.pt,epitope
ESMMASK_HLA_FT_20_1e-05_5e-05_AUG_1_A0201_1_per_token_metrics.csv,A0201,3.1019852264968004,/global/scratch/users/sergiomar10/models/ESMC_Pretrain/HLAA0201/ESMMASK_HLA_FT_20_1e-05_5e-05_AUG_1_A0201_1.pt,HLA
ESMMASK_epitope_FT_20_1e-05_5e-05_AUG_4_A0101_2_per_token_metrics.csv,A0101,3.104899993323841,/global/scratch/users/sergiomar10/models/ESMC_Pretrain/HLAA0101/ESMMASK_epitope_FT_20_1e-05_5e-05_AUG_4_A0101_2.pt,epitope
ESMMASK_HLA_FT_20_0.001_1e-05_AUG_4_B5802_1_per_token_metrics.csv,B5802,3.120042259383747,/global/scratch/users/sergiomar10/models/ESMC_Pretrain/HLAB5802/ESMMASK_HLA_FT_20_0.001_1e-05_AUG_4_B5802_1.pt,HLA
ESMMASK_HLA_FT_25_1e-05_5e-05_AUG_3_A1101_2_per_token_metrics.csv,A1101,3.12478632671615,/global/scratch/users/sergiomar10/models/ESMC_Pretrain/HLAA1101/ESMMASK_HLA_FT_25_1e-05_5e-05_AUG_3_A1101_2.pt,HLA
ESMMASK_HLA_FT_25_1e-05_5e-05_AUG_3_A1101_2_per_token_metrics.csv,A1101,3.12478632671615,/global/scratch/users/sergiomar10/models/ESMC_Pretrain/HLAA1101/ESMMASK_HLA_FT_25_1e-05_5e-05_AUG_3_A1101_2.pt,HLA
ESMMASK_epitope_FT_20_1e-05_5e-05_AUG_4_A1101_2_per_token_metrics.csv,A1101,3.1348410264965234,/global/scratch/users/sergiomar10/models/ESMC_Pretrain/HLAA1101/ESMMASK_epitope_FT_20_1e-05_5e-05_AUG_4_A1101_2.pt,epitope
ESMMASK_epitope_FT_20_1e-05_5e-05_AUG_4_A1101_2_per_token_metrics.csv,A1101,3.1348410264965234,/global/scratch/users/sergiomar10/models/ESMC_Pretrain/HLAA1101/ESMMASK_epitope_FT_20_1e-05_5e-05_AUG_4_A1101_2.pt,epitope
ESMMASK_epitope_FT_20_1e-05_1e-05_AUG_3_A0201_2_per_token_metrics.csv,A0201,3.142043412479819,/global/scratch/users/sergiomar10/models/ESMC_Pretrain/HLAA0201/ESMMASK_epitope_FT_20_1e-05_1e-05_AUG_3_A0201_2.pt,epitope
ESMMASK_epitope_FT_25_0.001_1e-05_AUG_3_B5801_1_per_token_metrics.csv,B5801,3.1536909690453134,/global/scratch/users/sergiomar10/models/ESMC_Pretrain/HLAB5801/ESMMASK_epitope_FT_25_0.001_1e-05_AUG_3_B5801_1.pt,epitope
ESMMASK_HLA_FT_15_0.0001_1e-06_AUG_4_A8001_2_per_token_metrics.csv,A8001,3.158002346058178,/global/scratch/users/sergiomar10/models/ESMC_Pretrain/HLAA8001/ESMMASK_HLA_FT_15_0.0001_1e-06_AUG_4_A8001_2.pt,HLA
ESMMASK_epitope_FT_20_1e-05_5e-05_AUG_1_A0201_2_per_token_metrics.csv,A0201,3.1689801476887296,/global/scratch/users/sergiomar10/models/ESMC_Pretrain/HLAA0201/ESMMASK_epitope_FT_20_1e-05_5e-05_AUG_1_A0201_2.pt,epitope
ESMMASK_HLA_FT_15_1e-05_1e-05_AUG_4_B1501_2_per_token_metrics.csv,B1501,3.2007693440675618,/global/scratch/users/sergiomar10/models/ESMC_Pretrain/HLAB1501/ESMMASK_HLA_FT_15_1e-05_1e-05_AUG_4_B1501_2.pt,HLA
ESMMASK_HLA_FT_15_1e-05_1e-05_AUG_4_A1101_2_per_token_metrics.csv,A1101,3.206792998910887,/global/scratch/users/sergiomar10/models/ESMC_Pretrain/HLAA1101/ESMMASK_HLA_FT_15_1e-05_1e-05_AUG_4_A1101_2.pt,HLA
ESMMASK_HLA_FT_15_1e-05_1e-05_AUG_4_A1101_2_per_token_metrics.csv,A1101,3.206792998910887,/global/scratch/users/sergiomar10/models/ESMC_Pretrain/HLAA1101/ESMMASK_HLA_FT_15_1e-05_1e-05_AUG_4_A1101_2.pt,HLA
ESMMASK_HLA_FT_15_1e-05_1e-05_AUG_4_C0802_2_per_token_metrics.csv,C0802,3.2132133357764507,/global/scratch/users/sergiomar10/models/ESMC_Pretrain/HLAC0802/ESMMASK_HLA_FT_15_1e-05_1e-05_AUG_4_C0802_2.pt,HLA
ESMMASK_epitope_FT_15_1e-05_5e-05_AUG_3_B2705_2_per_token_metrics.csv,B2705,3.222889026081727,/global/scratch/users/sergiomar10/models/ESMC_Pretrain/HLAB2705/ESMMASK_epitope_FT_15_1e-05_5e-05_AUG_3_B2705_2.pt,epitope
ESMMASK_epitope_FT_25_0.001_1e-05_AUG_1_C0702_1_per_token_metrics.csv,C0702,3.2238002695333092,/global/scratch/users/sergiomar10/models/ESMC_Pretrain/HLAC0702/ESMMASK_epitope_FT_25_0.001_1e-05_AUG_1_C0702_1.pt,epitope
ESMMASK_epitope_FT_20_1e-05_5e-05_AUG_4_A1101_1_per_token_metrics.csv,A1101,3.2289293336563274,/global/scratch/users/sergiomar10/models/ESMC_Pretrain/HLAA1101/ESMMASK_epitope_FT_20_1e-05_5e-05_AUG_4_A1101_1.pt,epitope
ESMMASK_epitope_FT_20_1e-05_5e-05_AUG_4_A1101_1_per_token_metrics.csv,A1101,3.2289293336563274,/global/scratch/users/sergiomar10/models/ESMC_Pretrain/HLAA1101/ESMMASK_epitope_FT_20_1e-05_5e-05_AUG_4_A1101_1.pt,epitope
ESMMASK_epitope_FT_15_0.0001_1e-05_AUG_1_C0702_2_per_token_metrics.csv,C0702,3.230763077200646,/global/scratch/users/sergiomar10/models/ESMC_Pretrain/HLAC0702/ESMMASK_epitope_FT_15_0.0001_1e-05_AUG_1_C0702_2.pt,epitope
ESMMASK_epitope_FT_20_1e-05_5e-05_AUG_4_B5101_2_per_token_metrics.csv,B5101,3.232951350503422,/global/scratch/users/sergiomar10/models/ESMC_Pretrain/HLAB5101/ESMMASK_epitope_FT_20_1e-05_5e-05_AUG_4_B5101_2.pt,epitope
ESMMASK_HLA_FT_20_0.001_1e-05_AUG_1_B1302_2_per_token_metrics.csv,B1302,3.233376587931666,/global/scratch/users/sergiomar10/models/ESMC_Pretrain/HLAB1302/ESMMASK_HLA_FT_20_0.001_1e-05_AUG_1_B1302_2.pt,HLA
ESMMASK_epitope_FT_15_0.001_1e-06_AUG_1_C1203_1_per_token_metrics.csv,C1203,3.2345879882247033,/global/scratch/users/sergiomar10/models/ESMC_Pretrain/HLAC1203/ESMMASK_epitope_FT_15_0.001_1e-06_AUG_1_C1203_1.pt,epitope
ESMMASK_HLA_FT_15_1e-05_5e-05_AUG_4_A1101_2_per_token_metrics.csv,A1101,3.2347485381931125,/global/scratch/users/sergiomar10/models/ESMC_Pretrain/HLAA1101/ESMMASK_HLA_FT_15_1e-05_5e-05_AUG_4_A1101_2.pt,HLA
ESMMASK_HLA_FT_15_1e-05_5e-05_AUG_4_A1101_2_per_token_metrics.csv,A1101,3.2347485381931125,/global/scratch/users/sergiomar10/models/ESMC_Pretrain/HLAA1101/ESMMASK_HLA_FT_15_1e-05_5e-05_AUG_4_A1101_2.pt,HLA
ESMMASK_HLA_FT_15_0.0001_1e-06_AUG_4_A6823_1_per_token_metrics.csv,A6823,3.237849394485617,/global/scratch/users/sergiomar10/models/ESMC_Pretrain/HLAA6823/ESMMASK_HLA_FT_15_0.0001_1e-06_AUG_4_A6823_1.pt,HLA
ESMMASK_HLA_FT_15_1e-05_1e-05_AUG_1_A0201_1_per_token_metrics.csv,A0201,3.239141964204924,/global/scratch/users/sergiomar10/models/ESMC_Pretrain/HLAA0201/ESMMASK_HLA_FT_15_1e-05_1e-05_AUG_1_A0201_1.pt,HLA
ESMMASK_HLA_FT_25_1e-05_5e-05_AUG_3_C1502_1_per_token_metrics.csv,C1502,3.251116946405925,/global/scratch/users/sergiomar10/models/ESMC_Pretrain/HLAC1502/ESMMASK_HLA_FT_25_1e-05_5e-05_AUG_3_C1502_1.pt,HLA
ESMMASK_epitope_FT_25_1e-05_5e-05_AUG_4_A1101_2_per_token_metrics.csv,A1101,3.253737560752324,/global/scratch/users/sergiomar10/models/ESMC_Pretrain/HLAA1101/ESMMASK_epitope_FT_25_1e-05_5e-05_AUG_4_A1101_2.pt,epitope
ESMMASK_epitope_FT_25_1e-05_5e-05_AUG_4_A1101_2_per_token_metrics.csv,A1101,3.253737560752324,/global/scratch/users/sergiomar10/models/ESMC_Pretrain/HLAA1101/ESMMASK_epitope_FT_25_1e-05_5e-05_AUG_4_A1101_2.pt,epitope
ESMMASK_HLA_FT_20_0.001_1e-05_AUG_1_C0303_1_per_token_metrics.csv,C0303,3.2649970621267217,/global/scratch/users/sergiomar10/models/ESMC_Pretrain/HLAC0303/ESMMASK_HLA_FT_20_0.001_1e-05_AUG_1_C0303_1.pt,HLA
ESMMASK_epitope_FT_20_0.0001_5e-05_AUG_1_A3002_1_per_token_metrics.csv,A3002,3.270632123209777,/global/scratch/users/sergiomar10/models/ESMC_Pretrain/HLAA3002/ESMMASK_epitope_FT_20_0.0001_5e-05_AUG_1_A3002_1.pt,epitope
ESMMASK_epitope_FT_25_1e-05_5e-05_AUG_1_A0201_1_per_token_metrics.csv,A0201,3.2837255264465948,/global/scratch/users/sergiomar10/models/ESMC_Pretrain/HLAA0201/ESMMASK_epitope_FT_25_1e-05_5e-05_AUG_1_A0201_1.pt,epitope
ESMMASK_epitope_FT_15_1e-05_5e-05_AUG_1_A0201_1_per_token_metrics.csv,A0201,3.2855644004008524,/global/scratch/users/sergiomar10/models/ESMC_Pretrain/HLAA0201/ESMMASK_epitope_FT_15_1e-05_5e-05_AUG_1_A0201_1.pt,epitope
ESMMASK_HLA_FT_25_0.0001_1e-06_AUG_3_A8001_1_per_token_metrics.csv,A8001,3.2949377156408697,/global/scratch/users/sergiomar10/models/ESMC_Pretrain/HLAA8001/ESMMASK_HLA_FT_25_0.0001_1e-06_AUG_3_A8001_1.pt,HLA
ESMMASK_HLA_FT_25_1e-05_1e-05_AUG_4_B2709_1_per_token_metrics.csv,B2709,3.3028970956218244,/global/scratch/users/sergiomar10/models/ESMC_Pretrain/HLAB2709/ESMMASK_HLA_FT_25_1e-05_1e-05_AUG_4_B2709_1.pt,HLA
ESMMASK_epitope_FT_20_1e-05_5e-05_AUG_1_A0201_1_per_token_metrics.csv,A0201,3.3290858898034466,/global/scratch/users/sergiomar10/models/ESMC_Pretrain/HLAA0201/ESMMASK_epitope_FT_20_1e-05_5e-05_AUG_1_A0201_1.pt,epitope
ESMMASK_epitope_FT_15_1e-05_5e-05_AUG_4_A1101_1_per_token_metrics.csv,A1101,3.3307017156016347,/global/scratch/users/sergiomar10/models/ESMC_Pretrain/HLAA1101/ESMMASK_epitope_FT_15_1e-05_5e-05_AUG_4_A1101_1.pt,epitope
ESMMASK_epitope_FT_15_1e-05_5e-05_AUG_4_A1101_1_per_token_metrics.csv,A1101,3.3307017156016347,/global/scratch/users/sergiomar10/models/ESMC_Pretrain/HLAA1101/ESMMASK_epitope_FT_15_1e-05_5e-05_AUG_4_A1101_1.pt,epitope
ESMMASK_HLA_FT_15_0.001_1e-06_AUG_1_A3002_1_per_token_metrics.csv,A3002,3.345090008469451,/global/scratch/users/sergiomar10/models/ESMC_Pretrain/HLAA3002/ESMMASK_HLA_FT_15_0.001_1e-06_AUG_1_A3002_1.pt,HLA
ESMMASK_HLA_FT_20_0.001_5e-05_AUG_1_B2704_2_per_token_metrics.csv,B2704,3.355910216559344,/global/scratch/users/sergiomar10/models/ESMC_Pretrain/HLAB2704/ESMMASK_HLA_FT_20_0.001_5e-05_AUG_1_B2704_2.pt,HLA
ESMMASK_epitope_FT_25_0.001_1e-05_AUG_1_B5501_1_per_token_metrics.csv,B5501,3.358621489854859,/global/scratch/users/sergiomar10/models/ESMC_Pretrain/HLAB5501/ESMMASK_epitope_FT_25_0.001_1e-05_AUG_1_B5501_1.pt,epitope
ESMMASK_HLA_FT_15_1e-05_5e-05_AUG_4_B2709_1_per_token_metrics.csv,B2709,3.3651487623402043,/global/scratch/users/sergiomar10/models/ESMC_Pretrain/HLAB2709/ESMMASK_HLA_FT_15_1e-05_5e-05_AUG_4_B2709_1.pt,HLA
ESMMASK_HLA_FT_25_0.001_1e-06_AUG_1_B1517_1_per_token_metrics.csv,B1517,3.373459808816072,/global/scratch/users/sergiomar10/models/ESMC_Pretrain/HLAB1517/ESMMASK_HLA_FT_25_0.001_1e-06_AUG_1_B1517_1.pt,HLA
ESMMASK_HLA_FT_15_0.001_1e-06_AUG_1_B1517_2_per_token_metrics.csv,B1517,3.391524721281858,/global/scratch/users/sergiomar10/models/ESMC_Pretrain/HLAB1517/ESMMASK_HLA_FT_15_0.001_1e-06_AUG_1_B1517_2.pt,HLA
ESMMASK_HLA_FT_25_0.0001_5e-05_AUG_1_A0212_1_per_token_metrics.csv,A0212,3.3915339451972293,/global/scratch/users/sergiomar10/models/ESMC_Pretrain/HLAA0212/ESMMASK_HLA_FT_25_0.0001_5e-05_AUG_1_A0212_1.pt,HLA
ESMMASK_HLA_FT_25_1e-05_5e-05_AUG_1_A0101_1_per_token_metrics.csv,A0101,3.3993295632996845,/global/scratch/users/sergiomar10/models/ESMC_Pretrain/HLAA0101/ESMMASK_HLA_FT_25_1e-05_5e-05_AUG_1_A0101_1.pt,HLA
ESMMASK_HLA_FT_15_1e-05_1e-05_AUG_1_B2705_1_per_token_metrics.csv,B2705,3.405673063504537,/global/scratch/users/sergiomar10/models/ESMC_Pretrain/HLAB2705/ESMMASK_HLA_FT_15_1e-05_1e-05_AUG_1_B2705_1.pt,HLA
ESMMASK_epitope_FT_20_0.0001_1e-05_AUG_3_A2403_2_per_token_metrics.csv,A2403,3.4075144793761503,/global/scratch/users/sergiomar10/models/ESMC_Pretrain/HLAA2403/ESMMASK_epitope_FT_20_0.0001_1e-05_AUG_3_A2403_2.pt,epitope
ESMMASK_epitope_FT_20_0.0001_1e-05_AUG_1_B5301_1_per_token_metrics.csv,B5301,3.4119321806080602,/global/scratch/users/sergiomar10/models/ESMC_Pretrain/HLAB5301/ESMMASK_epitope_FT_20_0.0001_1e-05_AUG_1_B5301_1.pt,epitope
ESMMASK_HLA_FT_15_1e-05_5e-05_AUG_3_C0401_2_per_token_metrics.csv,C0401,3.421604046065812,/global/scratch/users/sergiomar10/models/ESMC_Pretrain/HLAC0401/ESMMASK_HLA_FT_15_1e-05_5e-05_AUG_3_C0401_2.pt,HLA
ESMMASK_HLA_FT_15_1e-05_1e-05_AUG_1_B2705_2_per_token_metrics.csv,B2705,3.434238352105575,/global/scratch/users/sergiomar10/models/ESMC_Pretrain/HLAB2705/ESMMASK_HLA_FT_15_1e-05_1e-05_AUG_1_B2705_2.pt,HLA
ESMMASK_HLA_FT_20_1e-05_5e-05_AUG_4_C0701_2_per_token_metrics.csv,C0701,3.4480497640209196,/global/scratch/users/sergiomar10/models/ESMC_Pretrain/HLAC0701/ESMMASK_HLA_FT_20_1e-05_5e-05_AUG_4_C0701_2.pt,HLA
ESMMASK_epitope_FT_15_1e-05_5e-05_AUG_4_B5101_2_per_token_metrics.csv,B5101,3.450123729969834,/global/scratch/users/sergiomar10/models/ESMC_Pretrain/HLAB5101/ESMMASK_epitope_FT_15_1e-05_5e-05_AUG_4_B5101_2.pt,epitope
ESMMASK_HLA_FT_20_0.001_5e-05_AUG_1_A3002_1_per_token_metrics.csv,A3002,3.450280019620888,/global/scratch/users/sergiomar10/models/ESMC_Pretrain/HLAA3002/ESMMASK_HLA_FT_20_0.001_5e-05_AUG_1_A3002_1.pt,HLA
ESMMASK_HLA_FT_25_1e-05_1e-05_AUG_4_A3001_2_per_token_metrics.csv,A3001,3.4511613650231046,/global/scratch/users/sergiomar10/models/ESMC_Pretrain/HLAA3001/ESMMASK_HLA_FT_25_1e-05_1e-05_AUG_4_A3001_2.pt,HLA
ESMMASK_epitope_FT_25_0.0001_5e-05_AUG_4_B1542_2_per_token_metrics.csv,B1542,3.4567494505292014,/global/scratch/users/sergiomar10/models/ESMC_Pretrain/HLAB1542/ESMMASK_epitope_FT_25_0.0001_5e-05_AUG_4_B1542_2.pt,epitope
ESMMASK_HLA_FT_25_0.0001_1e-05_AUG_1_B1509_2_per_token_metrics.csv,B1509,3.4610998611010473,/global/scratch/users/sergiomar10/models/ESMC_Pretrain/HLAB1509/ESMMASK_HLA_FT_25_0.0001_1e-05_AUG_1_B1509_2.pt,HLA
ESMMASK_epitope_FT_15_0.0001_5e-05_AUG_4_B3508_1_per_token_metrics.csv,B3508,3.465756088319183,/global/scratch/users/sergiomar10/models/ESMC_Pretrain/HLAB3508/ESMMASK_epitope_FT_15_0.0001_5e-05_AUG_4_B3508_1.pt,epitope
ESMMASK_epitope_FT_15_1e-05_5e-05_AUG_3_A2402_2_per_token_metrics.csv,A2402,3.4663080120970906,/global/scratch/users/sergiomar10/models/ESMC_Pretrain/HLAA2402/ESMMASK_epitope_FT_15_1e-05_5e-05_AUG_3_A2402_2.pt,epitope
ESMMASK_HLA_FT_25_1e-05_5e-05_AUG_3_A3001_1_per_token_metrics.csv,A3001,3.479094899546322,/global/scratch/users/sergiomar10/models/ESMC_Pretrain/HLAA3001/ESMMASK_HLA_FT_25_1e-05_5e-05_AUG_3_A3001_1.pt,HLA
ESMMASK_epitope_FT_20_0.001_5e-05_AUG_1_B3508_1_per_token_metrics.csv,B3508,3.484636866565037,/global/scratch/users/sergiomar10/models/ESMC_Pretrain/HLAB3508/ESMMASK_epitope_FT_20_0.001_5e-05_AUG_1_B3508_1.pt,epitope
ESMMASK_HLA_FT_20_0.0001_1e-06_AUG_1_B3508_1_per_token_metrics.csv,B3508,3.4864856909342237,/global/scratch/users/sergiomar10/models/ESMC_Pretrain/HLAB3508/ESMMASK_HLA_FT_20_0.0001_1e-06_AUG_1_B3508_1.pt,HLA
ESMMASK_HLA_FT_20_0.0001_5e-05_AUG_4_A8001_1_per_token_metrics.csv,A8001,3.5091994978629373,/global/scratch/users/sergiomar10/models/ESMC_Pretrain/HLAA8001/ESMMASK_HLA_FT_20_0.0001_5e-05_AUG_4_A8001_1.pt,HLA
ESMMASK_epitope_FT_15_1e-05_5e-05_AUG_1_B2705_1_per_token_metrics.csv,B2705,3.512471652742518,/global/scratch/users/sergiomar10/models/ESMC_Pretrain/HLAB2705/ESMMASK_epitope_FT_15_1e-05_5e-05_AUG_1_B2705_1.pt,epitope
ESMMASK_HLA_FT_20_1e-05_1e-05_AUG_4_A0204_2_per_token_metrics.csv,A0204,3.513248602324429,/global/scratch/users/sergiomar10/models/ESMC_Pretrain/HLAA0204/ESMMASK_HLA_FT_20_1e-05_1e-05_AUG_4_A0204_2.pt,HLA
ESMMASK_epitope_FT_25_0.001_5e-05_AUG_3_B7301_1_per_token_metrics.csv,B7301,3.526825144107379,/global/scratch/users/sergiomar10/models/ESMC_Pretrain/HLAB7301/ESMMASK_epitope_FT_25_0.001_5e-05_AUG_3_B7301_1.pt,epitope
ESMMASK_HLA_FT_15_1e-05_5e-05_AUG_3_B2709_1_per_token_metrics.csv,B2709,3.5504575485808294,/global/scratch/users/sergiomar10/models/ESMC_Pretrain/HLAB2709/ESMMASK_HLA_FT_15_1e-05_5e-05_AUG_3_B2709_1.pt,HLA
ESMMASK_HLA_FT_25_1e-05_1e-05_AUG_1_A1101_1_per_token_metrics.csv,A1101,3.5516402836774263,/global/scratch/users/sergiomar10/models/ESMC_Pretrain/HLAA1101/ESMMASK_HLA_FT_25_1e-05_1e-05_AUG_1_A1101_1.pt,HLA
ESMMASK_HLA_FT_25_1e-05_1e-05_AUG_1_A1101_1_per_token_metrics.csv,A1101,3.5516402836774263,/global/scratch/users/sergiomar10/models/ESMC_Pretrain/HLAA1101/ESMMASK_HLA_FT_25_1e-05_1e-05_AUG_1_A1101_1.pt,HLA
ESMMASK_epitope_FT_25_0.001_1e-06_AUG_1_A0201_2_per_token_metrics.csv,A0201,3.5595568908213506,/global/scratch/users/sergiomar10/models/ESMC_Pretrain/HLAA0201/ESMMASK_epitope_FT_25_0.001_1e-06_AUG_1_A0201_2.pt,epitope
ESMMASK_HLA_FT_25_1e-05_5e-05_AUG_4_B3503_1_per_token_metrics.csv,B3503,3.5921778164077858,/global/scratch/users/sergiomar10/models/ESMC_Pretrain/HLAB3503/ESMMASK_HLA_FT_25_1e-05_5e-05_AUG_4_B3503_1.pt,HLA
ESMMASK_HLA_FT_15_0.0001_1e-05_AUG_1_A1102_1_per_token_metrics.csv,A1102,3.599060512058513,/global/scratch/users/sergiomar10/models/ESMC_Pretrain/HLAA1102/ESMMASK_HLA_FT_15_0.0001_1e-05_AUG_1_A1102_1.pt,HLA
ESMMASK_epitope_FT_15_1e-05_5e-05_AUG_1_A0201_2_per_token_metrics.csv,A0201,3.6051130414926416,/global/scratch/users/sergiomar10/models/ESMC_Pretrain/HLAA0201/ESMMASK_epitope_FT_15_1e-05_5e-05_AUG_1_A0201_2.pt,epitope
ESMMASK_epitope_FT_15_0.0001_1e-06_AUG_1_B5401_2_per_token_metrics.csv,B5401,3.6246203193843622,/global/scratch/users/sergiomar10/models/ESMC_Pretrain/HLAB5401/ESMMASK_epitope_FT_15_0.0001_1e-06_AUG_1_B5401_2.pt,epitope
ESMMASK_HLA_FT_15_0.0001_1e-05_AUG_1_A2403_2_per_token_metrics.csv,A2403,3.634927873166321,/global/scratch/users/sergiomar10/models/ESMC_Pretrain/HLAA2403/ESMMASK_HLA_FT_15_0.0001_1e-05_AUG_1_A2403_2.pt,HLA
ESMMASK_HLA_FT_25_0.001_5e-05_AUG_1_B2704_2_per_token_metrics.csv,B2704,3.6463987782193814,/global/scratch/users/sergiomar10/models/ESMC_Pretrain/HLAB2704/ESMMASK_HLA_FT_25_0.001_5e-05_AUG_1_B2704_2.pt,HLA
ESMMASK_HLA_FT_25_1e-05_5e-05_AUG_4_B1517_2_per_token_metrics.csv,B1517,3.73515180626097,/global/scratch/users/sergiomar10/models/ESMC_Pretrain/HLAB1517/ESMMASK_HLA_FT_25_1e-05_5e-05_AUG_4_B1517_2.pt,HLA
ESMMASK_HLA_FT_15_1e-05_5e-05_AUG_3_A0206_1_per_token_metrics.csv,A0206,3.7359222829947054,/global/scratch/users/sergiomar10/models/ESMC_Pretrain/HLAA0206/ESMMASK_HLA_FT_15_1e-05_5e-05_AUG_3_A0206_1.pt,HLA
ESMMASK_HLA_FT_25_0.001_1e-06_AUG_1_B3701_2_per_token_metrics.csv,B3701,3.749287664424501,/global/scratch/users/sergiomar10/models/ESMC_Pretrain/HLAB3701/ESMMASK_HLA_FT_25_0.001_1e-06_AUG_1_B3701_2.pt,HLA
ESMMASK_HLA_FT_25_0.0001_5e-05_AUG_4_B4013_2_per_token_metrics.csv,B4013,3.7564457887783647,/global/scratch/users/sergiomar10/models/ESMC_Pretrain/HLAB4013/ESMMASK_HLA_FT_25_0.0001_5e-05_AUG_4_B4013_2.pt,HLA
ESMMASK_HLA_FT_20_0.0001_1e-06_AUG_3_A0219_2_per_token_metrics.csv,A0219,3.7690854979824735,/global/scratch/users/sergiomar10/models/ESMC_Pretrain/HLAA0219/ESMMASK_HLA_FT_20_0.0001_1e-06_AUG_3_A0219_2.pt,HLA
ESMMASK_HLA_FT_25_0.0001_5e-05_AUG_4_B1542_2_per_token_metrics.csv,B1542,3.803138842870449,/global/scratch/users/sergiomar10/models/ESMC_Pretrain/HLAB1542/ESMMASK_HLA_FT_25_0.0001_5e-05_AUG_4_B1542_2.pt,HLA
ESMMASK_HLA_FT_20_1e-05_5e-05_AUG_3_A0206_1_per_token_metrics.csv,A0206,3.8071955754095734,/global/scratch/users/sergiomar10/models/ESMC_Pretrain/HLAA0206/ESMMASK_HLA_FT_20_1e-05_5e-05_AUG_3_A0206_1.pt,HLA
ESMMASK_HLA_FT_25_0.0001_1e-06_AUG_3_A3207_1_per_token_metrics.csv,A3207,3.8102967659456226,/global/scratch/users/sergiomar10/models/ESMC_Pretrain/HLAA3207/ESMMASK_HLA_FT_25_0.0001_1e-06_AUG_3_A3207_1.pt,HLA
ESMMASK_HLA_FT_20_1e-05_1e-05_AUG_1_B5101_1_per_token_metrics.csv,B5101,3.8113438200893945,/global/scratch/users/sergiomar10/models/ESMC_Pretrain/HLAB5101/ESMMASK_HLA_FT_20_1e-05_1e-05_AUG_1_B5101_1.pt,HLA
ESMMASK_epitope_FT_15_1e-05_5e-05_AUG_4_A0301_2_per_token_metrics.csv,A0301,3.8364727125410885,/global/scratch/users/sergiomar10/models/ESMC_Pretrain/HLAA0301/ESMMASK_epitope_FT_15_1e-05_5e-05_AUG_4_A0301_2.pt,epitope
ESMMASK_HLA_FT_20_1e-05_5e-05_AUG_3_B3801_1_per_token_metrics.csv,B3801,3.850566090959229,/global/scratch/users/sergiomar10/models/ESMC_Pretrain/HLAB3801/ESMMASK_HLA_FT_20_1e-05_5e-05_AUG_3_B3801_1.pt,HLA
ESMMASK_HLA_FT_25_0.0001_5e-05_AUG_4_A6823_2_per_token_metrics.csv,A6823,3.8563734499330167,/global/scratch/users/sergiomar10/models/ESMC_Pretrain/HLAA6823/ESMMASK_HLA_FT_25_0.0001_5e-05_AUG_4_A6823_2.pt,HLA
ESMMASK_epitope_FT_20_0.0001_1e-06_AUG_4_B7301_1_per_token_metrics.csv,B7301,3.8632996931777424,/global/scratch/users/sergiomar10/models/ESMC_Pretrain/HLAB7301/ESMMASK_epitope_FT_20_0.0001_1e-06_AUG_4_B7301_1.pt,epitope
ESMMASK_HLA_FT_20_1e-05_1e-05_AUG_4_A3001_1_per_token_metrics.csv,A3001,3.8747746544546433,/global/scratch/users/sergiomar10/models/ESMC_Pretrain/HLAA3001/ESMMASK_HLA_FT_20_1e-05_1e-05_AUG_4_A3001_1.pt,HLA
ESMMASK_HLA_FT_25_1e-05_1e-05_AUG_3_A2601_1_per_token_metrics.csv,A2601,3.887331744617313,/global/scratch/users/sergiomar10/models/ESMC_Pretrain/HLAA2601/ESMMASK_HLA_FT_25_1e-05_1e-05_AUG_3_A2601_1.pt,HLA
ESMMASK_epitope_FT_25_1e-05_5e-05_AUG_3_B1501_1_per_token_metrics.csv,B1501,3.9198019092398932,/global/scratch/users/sergiomar10/models/ESMC_Pretrain/HLAB1501/ESMMASK_epitope_FT_25_1e-05_5e-05_AUG_3_B1501_1.pt,epitope
ESMMASK_HLA_FT_25_1e-05_1e-05_AUG_1_B1501_1_per_token_metrics.csv,B1501,3.92988074732301,/global/scratch/users/sergiomar10/models/ESMC_Pretrain/HLAB1501/ESMMASK_HLA_FT_25_1e-05_1e-05_AUG_1_B1501_1.pt,HLA
ESMMASK_HLA_FT_25_1e-05_5e-05_AUG_1_B4402_1_per_token_metrics.csv,B4402,3.9340884674296333,/global/scratch/users/sergiomar10/models/ESMC_Pretrain/HLAB4402/ESMMASK_HLA_FT_25_1e-05_5e-05_AUG_1_B4402_1.pt,HLA
ESMMASK_epitope_FT_20_0.0001_5e-05_AUG_4_B8301_2_per_token_metrics.csv,B8301,3.954608741223078,/global/scratch/users/sergiomar10/models/ESMC_Pretrain/HLAB8301/ESMMASK_epitope_FT_20_0.0001_5e-05_AUG_4_B8301_2.pt,epitope
ESMMASK_epitope_FT_15_1e-05_5e-05_AUG_3_B1501_1_per_token_metrics.csv,B1501,3.9608658477326264,/global/scratch/users/sergiomar10/models/ESMC_Pretrain/HLAB1501/ESMMASK_epitope_FT_15_1e-05_5e-05_AUG_3_B1501_1.pt,epitope
ESMMASK_HLA_FT_25_1e-05_1e-06_AUG_1_A0201_1_per_token_metrics.csv,A0201,3.9649424335985617,/global/scratch/users/sergiomar10/models/ESMC_Pretrain/HLAA0201/ESMMASK_HLA_FT_25_1e-05_1e-06_AUG_1_A0201_1.pt,HLA
ESMMASK_HLA_FT_25_0.001_5e-05_AUG_4_B4013_2_per_token_metrics.csv,B4013,3.9787821769714355,/global/scratch/users/sergiomar10/models/ESMC_Pretrain/HLAB4013/ESMMASK_HLA_FT_25_0.001_5e-05_AUG_4_B4013_2.pt,HLA
ESMMASK_HLA_FT_25_0.0001_1e-06_AUG_1_B8301_2_per_token_metrics.csv,B8301,4.016872652749121,/global/scratch/users/sergiomar10/models/ESMC_Pretrain/HLAB8301/ESMMASK_HLA_FT_25_0.0001_1e-06_AUG_1_B8301_2.pt,HLA
ESMMASK_epitope_FT_20_1e-05_5e-05_AUG_3_B5101_1_per_token_metrics.csv,B5101,4.046112301857455,/global/scratch/users/sergiomar10/models/ESMC_Pretrain/HLAB5101/ESMMASK_epitope_FT_20_1e-05_5e-05_AUG_3_B5101_1.pt,epitope
ESMMASK_HLA_FT_15_0.001_5e-05_AUG_4_B3909_1_per_token_metrics.csv,B3909,4.047465244928996,/global/scratch/users/sergiomar10/models/ESMC_Pretrain/HLAB3909/ESMMASK_HLA_FT_15_0.001_5e-05_AUG_4_B3909_1.pt,HLA
ESMMASK_HLA_FT_20_1e-05_1e-05_AUG_3_C0303_2_per_token_metrics.csv,C0303,4.1277433391264,/global/scratch/users/sergiomar10/models/ESMC_Pretrain/HLAC0303/ESMMASK_HLA_FT_20_1e-05_1e-05_AUG_3_C0303_2.pt,HLA
ESMMASK_epitope_FT_20_0.001_1e-06_AUG_3_A1101_2_per_token_metrics.csv,A1101,4.136123816545281,/global/scratch/users/sergiomar10/models/ESMC_Pretrain/HLAA1101/ESMMASK_epitope_FT_20_0.001_1e-06_AUG_3_A1101_2.pt,epitope
ESMMASK_epitope_FT_20_0.001_1e-06_AUG_3_A1101_2_per_token_metrics.csv,A1101,4.136123816545281,/global/scratch/users/sergiomar10/models/ESMC_Pretrain/HLAA1101/ESMMASK_epitope_FT_20_0.001_1e-06_AUG_3_A1101_2.pt,epitope
ESMMASK_epitope_FT_20_0.0001_1e-06_AUG_1_B7301_2_per_token_metrics.csv,B7301,4.136357829175217,/global/scratch/users/sergiomar10/models/ESMC_Pretrain/HLAB7301/ESMMASK_epitope_FT_20_0.0001_1e-06_AUG_1_B7301_2.pt,epitope
ESMMASK_HLA_FT_15_0.0001_1e-05_AUG_1_A0217_1_per_token_metrics.csv,A0217,4.140553313256088,/global/scratch/users/sergiomar10/models/ESMC_Pretrain/HLAA0217/ESMMASK_HLA_FT_15_0.0001_1e-05_AUG_1_A0217_1.pt,HLA
ESMMASK_HLA_FT_20_1e-05_5e-05_AUG_3_B3901_2_per_token_metrics.csv,B3901,4.152159650102971,/global/scratch/users/sergiomar10/models/ESMC_Pretrain/HLAB3901/ESMMASK_HLA_FT_20_1e-05_5e-05_AUG_3_B3901_2.pt,HLA
ESMMASK_HLA_FT_20_0.001_5e-05_AUG_1_B3901_1_per_token_metrics.csv,B3901,4.187957507521655,/global/scratch/users/sergiomar10/models/ESMC_Pretrain/HLAB3901/ESMMASK_HLA_FT_20_0.001_5e-05_AUG_1_B3901_1.pt,HLA
ESMMASK_HLA_FT_25_1e-05_5e-05_AUG_1_C0802_1_per_token_metrics.csv,C0802,4.22681906539672,/global/scratch/users/sergiomar10/models/ESMC_Pretrain/HLAC0802/ESMMASK_HLA_FT_25_1e-05_5e-05_AUG_1_C0802_1.pt,HLA
ESMMASK_HLA_FT_25_0.0001_1e-05_AUG_1_A0212_2_per_token_metrics.csv,A0212,4.288475100279846,/global/scratch/users/sergiomar10/models/ESMC_Pretrain/HLAA0212/ESMMASK_HLA_FT_25_0.0001_1e-05_AUG_1_A0212_2.pt,HLA
ESMMASK_HLA_FT_15_1e-05_1e-05_AUG_1_A0101_1_per_token_metrics.csv,A0101,4.301295173241116,/global/scratch/users/sergiomar10/models/ESMC_Pretrain/HLAA0101/ESMMASK_HLA_FT_15_1e-05_1e-05_AUG_1_A0101_1.pt,HLA
ESMMASK_HLA_FT_15_0.0001_1e-05_AUG_1_A2602_1_per_token_metrics.csv,A2602,4.307441947822072,/global/scratch/users/sergiomar10/models/ESMC_Pretrain/HLAA2602/ESMMASK_HLA_FT_15_0.0001_1e-05_AUG_1_A2602_1.pt,HLA
ESMMASK_HLA_FT_25_1e-05_5e-05_AUG_1_A3101_1_per_token_metrics.csv,A3101,4.308090063868073,/global/scratch/users/sergiomar10/models/ESMC_Pretrain/HLAA3101/ESMMASK_HLA_FT_25_1e-05_5e-05_AUG_1_A3101_1.pt,HLA
ESMMASK_HLA_FT_15_0.0001_1e-05_AUG_1_A2403_1_per_token_metrics.csv,A2403,4.347970373240969,/global/scratch/users/sergiomar10/models/ESMC_Pretrain/HLAA2403/ESMMASK_HLA_FT_15_0.0001_1e-05_AUG_1_A2403_1.pt,HLA
ESMMASK_HLA_FT_15_0.0001_1e-05_AUG_3_A8001_1_per_token_metrics.csv,A8001,4.357191302564678,/global/scratch/users/sergiomar10/models/ESMC_Pretrain/HLAA8001/ESMMASK_HLA_FT_15_0.0001_1e-05_AUG_3_A8001_1.pt,HLA
ESMMASK_epitope_FT_20_0.0001_1e-05_AUG_4_B1509_2_per_token_metrics.csv,B1509,4.357894048524372,/global/scratch/users/sergiomar10/models/ESMC_Pretrain/HLAB1509/ESMMASK_epitope_FT_20_0.0001_1e-05_AUG_4_B1509_2.pt,epitope
ESMMASK_HLA_FT_25_1e-05_1e-06_AUG_3_C0501_2_per_token_metrics.csv,C0501,4.358817444623906,/global/scratch/users/sergiomar10/models/ESMC_Pretrain/HLAC0501/ESMMASK_HLA_FT_25_1e-05_1e-06_AUG_3_C0501_2.pt,HLA
ESMMASK_HLA_FT_15_1e-05_1e-05_AUG_3_B2709_1_per_token_metrics.csv,B2709,4.370949034567917,/global/scratch/users/sergiomar10/models/ESMC_Pretrain/HLAB2709/ESMMASK_HLA_FT_15_1e-05_1e-05_AUG_3_B2709_1.pt,HLA
ESMMASK_HLA_FT_20_0.001_1e-05_AUG_1_B1517_1_per_token_metrics.csv,B1517,4.380352719754755,/global/scratch/users/sergiomar10/models/ESMC_Pretrain/HLAB1517/ESMMASK_HLA_FT_20_0.001_1e-05_AUG_1_B1517_1.pt,HLA
ESMMASK_HLA_FT_15_0.0001_1e-05_AUG_1_A0216_2_per_token_metrics.csv,A0216,4.381263436601584,/global/scratch/users/sergiomar10/models/ESMC_Pretrain/HLAA0216/ESMMASK_HLA_FT_15_0.0001_1e-05_AUG_1_A0216_2.pt,HLA
ESMMASK_HLA_FT_20_1e-05_1e-05_AUG_3_A3001_1_per_token_metrics.csv,A3001,4.3995115218792025,/global/scratch/users/sergiomar10/models/ESMC_Pretrain/HLAA3001/ESMMASK_HLA_FT_20_1e-05_1e-05_AUG_3_A3001_1.pt,HLA
ESMMASK_HLA_FT_25_1e-05_1e-06_AUG_3_A1101_2_per_token_metrics.csv,A1101,4.40141136418323,/global/scratch/users/sergiomar10/models/ESMC_Pretrain/HLAA1101/ESMMASK_HLA_FT_25_1e-05_1e-06_AUG_3_A1101_2.pt,HLA
ESMMASK_HLA_FT_25_1e-05_1e-06_AUG_3_A1101_2_per_token_metrics.csv,A1101,4.40141136418323,/global/scratch/users/sergiomar10/models/ESMC_Pretrain/HLAA1101/ESMMASK_HLA_FT_25_1e-05_1e-06_AUG_3_A1101_2.pt,HLA
ESMMASK_HLA_FT_20_1e-05_1e-05_AUG_1_B4402_1_per_token_metrics.csv,B4402,4.433748889805817,/global/scratch/users/sergiomar10/models/ESMC_Pretrain/HLAB4402/ESMMASK_HLA_FT_20_1e-05_1e-05_AUG_1_B4402_1.pt,HLA
ESMMASK_HLA_FT_20_1e-05_1e-05_AUG_3_A3002_2_per_token_metrics.csv,A3002,4.444720004977275,/global/scratch/users/sergiomar10/models/ESMC_Pretrain/HLAA3002/ESMMASK_HLA_FT_20_1e-05_1e-05_AUG_3_A3002_2.pt,HLA
ESMMASK_HLA_FT_15_1e-05_1e-05_AUG_3_C0102_1_per_token_metrics.csv,C0102,4.453911409355907,/global/scratch/users/sergiomar10/models/ESMC_Pretrain/HLAC0102/ESMMASK_HLA_FT_15_1e-05_1e-05_AUG_3_C0102_1.pt,HLA
ESMMASK_HLA_FT_15_0.0001_1e-05_AUG_1_A0217_2_per_token_metrics.csv,A0217,4.459022774443858,/global/scratch/users/sergiomar10/models/ESMC_Pretrain/HLAA0217/ESMMASK_HLA_FT_15_0.0001_1e-05_AUG_1_A0217_2.pt,HLA
ESMMASK_HLA_FT_15_1e-05_1e-05_AUG_3_C0303_2_per_token_metrics.csv,C0303,4.515798255044251,/global/scratch/users/sergiomar10/models/ESMC_Pretrain/HLAC0303/ESMMASK_HLA_FT_15_1e-05_1e-05_AUG_3_C0303_2.pt,HLA
ESMMASK_epitope_FT_25_0.001_5e-05_AUG_1_B2704_2_per_token_metrics.csv,B2704,4.528110390676088,/global/scratch/users/sergiomar10/models/ESMC_Pretrain/HLAB2704/ESMMASK_epitope_FT_25_0.001_5e-05_AUG_1_B2704_2.pt,epitope
ESMMASK_HLA_FT_15_0.0001_1e-06_AUG_3_A2602_1_per_token_metrics.csv,A2602,4.551128300109246,/global/scratch/users/sergiomar10/models/ESMC_Pretrain/HLAA2602/ESMMASK_HLA_FT_15_0.0001_1e-06_AUG_3_A2602_1.pt,HLA
ESMMASK_HLA_FT_20_0.0001_5e-05_AUG_1_B7301_2_per_token_metrics.csv,B7301,4.563190219592068,/global/scratch/users/sergiomar10/models/ESMC_Pretrain/HLAB7301/ESMMASK_HLA_FT_20_0.0001_5e-05_AUG_1_B7301_2.pt,HLA
ESMMASK_epitope_FT_25_0.0001_5e-05_AUG_4_A0219_2_per_token_metrics.csv,A0219,4.639488134031386,/global/scratch/users/sergiomar10/models/ESMC_Pretrain/HLAA0219/ESMMASK_epitope_FT_25_0.0001_5e-05_AUG_4_A0219_2.pt,epitope
ESMMASK_epitope_FT_25_0.0001_1e-05_AUG_1_B7301_1_per_token_metrics.csv,B7301,4.644981014219229,/global/scratch/users/sergiomar10/models/ESMC_Pretrain/HLAB7301/ESMMASK_epitope_FT_25_0.0001_1e-05_AUG_1_B7301_1.pt,epitope
ESMMASK_HLA_FT_15_1e-05_1e-05_AUG_1_A0301_2_per_token_metrics.csv,A0301,4.658919055098207,/global/scratch/users/sergiomar10/models/ESMC_Pretrain/HLAA0301/ESMMASK_HLA_FT_15_1e-05_1e-05_AUG_1_A0301_2.pt,HLA
ESMMASK_HLA_FT_25_1e-05_1e-05_AUG_3_B3901_2_per_token_metrics.csv,B3901,4.669233081943624,/global/scratch/users/sergiomar10/models/ESMC_Pretrain/HLAB3901/ESMMASK_HLA_FT_25_1e-05_1e-05_AUG_3_B3901_2.pt,HLA
ESMMASK_HLA_FT_20_0.0001_1e-05_AUG_1_A6823_1_per_token_metrics.csv,A6823,4.670256158406846,/global/scratch/users/sergiomar10/models/ESMC_Pretrain/HLAA6823/ESMMASK_HLA_FT_20_0.0001_1e-05_AUG_1_A6823_1.pt,HLA
ESMMASK_HLA_FT_25_0.0001_5e-05_AUG_3_B4013_1_per_token_metrics.csv,B4013,4.675500777938093,/global/scratch/users/sergiomar10/models/ESMC_Pretrain/HLAB4013/ESMMASK_HLA_FT_25_0.0001_5e-05_AUG_3_B4013_1.pt,HLA
ESMMASK_HLA_FT_15_1e-05_5e-05_AUG_1_C0401_2_per_token_metrics.csv,C0401,4.696527690950168,/global/scratch/users/sergiomar10/models/ESMC_Pretrain/HLAC0401/ESMMASK_HLA_FT_15_1e-05_5e-05_AUG_1_C0401_2.pt,HLA
ESMMASK_HLA_FT_15_0.001_1e-06_AUG_3_B1542_2_per_token_metrics.csv,B1542,4.7199550474683445,/global/scratch/users/sergiomar10/models/ESMC_Pretrain/HLAB1542/ESMMASK_HLA_FT_15_0.001_1e-06_AUG_3_B1542_2.pt,HLA
ESMMASK_HLA_FT_20_0.001_5e-05_AUG_4_B4013_2_per_token_metrics.csv,B4013,4.725985527038574,/global/scratch/users/sergiomar10/models/ESMC_Pretrain/HLAB4013/ESMMASK_HLA_FT_20_0.001_5e-05_AUG_4_B4013_2.pt,HLA
ESMMASK_HLA_FT_20_1e-05_1e-05_AUG_3_B4201_1_per_token_metrics.csv,B4201,4.747248536241229,/global/scratch/users/sergiomar10/models/ESMC_Pretrain/HLAB4201/ESMMASK_HLA_FT_20_1e-05_1e-05_AUG_3_B4201_1.pt,HLA
ESMMASK_HLA_FT_15_1e-05_1e-05_AUG_4_B4601_1_per_token_metrics.csv,B4601,4.807377429849289,/global/scratch/users/sergiomar10/models/ESMC_Pretrain/HLAB4601/ESMMASK_HLA_FT_15_1e-05_1e-05_AUG_4_B4601_1.pt,HLA
ESMMASK_HLA_FT_25_1e-05_1e-06_AUG_4_B1510_2_per_token_metrics.csv,B1510,4.819896801221938,/global/scratch/users/sergiomar10/models/ESMC_Pretrain/HLAB1510/ESMMASK_HLA_FT_25_1e-05_1e-06_AUG_4_B1510_2.pt,HLA
ESMMASK_epitope_FT_20_0.0001_5e-05_AUG_1_A0217_2_per_token_metrics.csv,A0217,4.8520894405242405,/global/scratch/users/sergiomar10/models/ESMC_Pretrain/HLAA0217/ESMMASK_epitope_FT_20_0.0001_5e-05_AUG_1_A0217_2.pt,epitope
ESMMASK_HLA_FT_20_1e-05_1e-05_AUG_3_B1402_2_per_token_metrics.csv,B1402,4.853026571630496,/global/scratch/users/sergiomar10/models/ESMC_Pretrain/HLAB1402/ESMMASK_HLA_FT_20_1e-05_1e-05_AUG_3_B1402_2.pt,HLA
ESMMASK_HLA_FT_25_1e-05_5e-05_AUG_1_C0303_2_per_token_metrics.csv,C0303,4.85764411353973,/global/scratch/users/sergiomar10/models/ESMC_Pretrain/HLAC0303/ESMMASK_HLA_FT_25_1e-05_5e-05_AUG_1_C0303_2.pt,HLA
ESMMASK_HLA_FT_15_1e-05_1e-05_AUG_1_B4402_2_per_token_metrics.csv,B4402,4.879874127722598,/global/scratch/users/sergiomar10/models/ESMC_Pretrain/HLAB4402/ESMMASK_HLA_FT_15_1e-05_1e-05_AUG_1_B4402_2.pt,HLA
ESMMASK_HLA_FT_20_1e-05_1e-05_AUG_4_C0801_2_per_token_metrics.csv,C0801,4.88686411885763,/global/scratch/users/sergiomar10/models/ESMC_Pretrain/HLAC0801/ESMMASK_HLA_FT_20_1e-05_1e-05_AUG_4_C0801_2.pt,HLA
ESMMASK_HLA_FT_25_1e-05_1e-05_AUG_1_A3101_2_per_token_metrics.csv,A3101,4.892314903546035,/global/scratch/users/sergiomar10/models/ESMC_Pretrain/HLAA3101/ESMMASK_HLA_FT_25_1e-05_1e-05_AUG_1_A3101_2.pt,HLA
ESMMASK_epitope_FT_25_0.0001_5e-05_AUG_3_B4013_2_per_token_metrics.csv,B4013,4.910968987643718,/global/scratch/users/sergiomar10/models/ESMC_Pretrain/HLAB4013/ESMMASK_epitope_FT_25_0.0001_5e-05_AUG_3_B4013_2.pt,epitope
ESMMASK_HLA_FT_20_0.0001_1e-06_AUG_4_A3207_2_per_token_metrics.csv,A3207,4.948984519715047,/global/scratch/users/sergiomar10/models/ESMC_Pretrain/HLAA3207/ESMMASK_HLA_FT_20_0.0001_1e-06_AUG_4_A3207_2.pt,HLA
ESMMASK_HLA_FT_15_1e-05_5e-05_AUG_3_B5501_2_per_token_metrics.csv,B5501,4.951500565786947,/global/scratch/users/sergiomar10/models/ESMC_Pretrain/HLAB5501/ESMMASK_HLA_FT_15_1e-05_5e-05_AUG_3_B5501_2.pt,HLA
ESMMASK_epitope_FT_25_0.001_1e-06_AUG_3_B7301_1_per_token_metrics.csv,B7301,4.962247128515371,/global/scratch/users/sergiomar10/models/ESMC_Pretrain/HLAB7301/ESMMASK_epitope_FT_25_0.001_1e-06_AUG_3_B7301_1.pt,epitope
ESMMASK_epitope_FT_15_1e-05_5e-05_AUG_3_B4403_2_per_token_metrics.csv,B4403,4.988086137765326,/global/scratch/users/sergiomar10/models/ESMC_Pretrain/HLAB4403/ESMMASK_epitope_FT_15_1e-05_5e-05_AUG_3_B4403_2.pt,epitope
ESMMASK_HLA_FT_25_1e-05_1e-06_AUG_4_B2709_2_per_token_metrics.csv,B2709,5.008488819647751,/global/scratch/users/sergiomar10/models/ESMC_Pretrain/HLAB2709/ESMMASK_HLA_FT_25_1e-05_1e-06_AUG_4_B2709_2.pt,HLA
ESMMASK_epitope_FT_15_0.001_1e-05_AUG_4_B4013_2_per_token_metrics.csv,B4013,5.107009753851571,/global/scratch/users/sergiomar10/models/ESMC_Pretrain/HLAB4013/ESMMASK_epitope_FT_15_0.001_1e-05_AUG_4_B4013_2.pt,epitope
ESMMASK_HLA_FT_15_0.0001_1e-05_AUG_1_A0212_2_per_token_metrics.csv,A0212,5.1310111436662345,/global/scratch/users/sergiomar10/models/ESMC_Pretrain/HLAA0212/ESMMASK_HLA_FT_15_0.0001_1e-05_AUG_1_A0212_2.pt,HLA
ESMMASK_HLA_FT_20_1e-05_1e-06_AUG_3_A0204_1_per_token_metrics.csv,A0204,5.155509624311469,/global/scratch/users/sergiomar10/models/ESMC_Pretrain/HLAA0204/ESMMASK_HLA_FT_20_1e-05_1e-06_AUG_3_A0204_1.pt,HLA
ESMMASK_HLA_FT_15_0.001_1e-06_AUG_3_B8301_1_per_token_metrics.csv,B8301,5.173993137867554,/global/scratch/users/sergiomar10/models/ESMC_Pretrain/HLAB8301/ESMMASK_HLA_FT_15_0.001_1e-06_AUG_3_B8301_1.pt,HLA
ESMMASK_HLA_FT_15_1e-05_1e-05_AUG_3_B4501_2_per_token_metrics.csv,B4501,5.180505970630858,/global/scratch/users/sergiomar10/models/ESMC_Pretrain/HLAB4501/ESMMASK_HLA_FT_15_1e-05_1e-05_AUG_3_B4501_2.pt,HLA
ESMMASK_HLA_FT_20_0.0001_1e-05_AUG_4_B3906_1_per_token_metrics.csv,B3906,5.204704817384481,/global/scratch/users/sergiomar10/models/ESMC_Pretrain/HLAB3906/ESMMASK_HLA_FT_20_0.0001_1e-05_AUG_4_B3906_1.pt,HLA
ESMMASK_HLA_FT_15_1e-05_1e-06_AUG_3_A0301_2_per_token_metrics.csv,A0301,5.21865771914525,/global/scratch/users/sergiomar10/models/ESMC_Pretrain/HLAA0301/ESMMASK_HLA_FT_15_1e-05_1e-06_AUG_3_A0301_2.pt,HLA
ESMMASK_HLA_FT_15_0.0001_1e-05_AUG_1_B7301_1_per_token_metrics.csv,B7301,5.225028327517811,/global/scratch/users/sergiomar10/models/ESMC_Pretrain/HLAB7301/ESMMASK_HLA_FT_15_0.0001_1e-05_AUG_1_B7301_1.pt,HLA
ESMMASK_HLA_FT_15_1e-05_1e-05_AUG_4_C0801_1_per_token_metrics.csv,C0801,5.2327266680492315,/global/scratch/users/sergiomar10/models/ESMC_Pretrain/HLAC0801/ESMMASK_HLA_FT_15_1e-05_1e-05_AUG_4_C0801_1.pt,HLA
ESMMASK_HLA_FT_15_0.0001_1e-05_AUG_1_A3215_2_per_token_metrics.csv,A3215,5.266166316062611,/global/scratch/users/sergiomar10/models/ESMC_Pretrain/HLAA3215/ESMMASK_HLA_FT_15_0.0001_1e-05_AUG_1_A3215_2.pt,HLA
ESMMASK_HLA_FT_25_1e-05_5e-05_AUG_1_A3002_2_per_token_metrics.csv,A3002,5.320471241288525,/global/scratch/users/sergiomar10/models/ESMC_Pretrain/HLAA3002/ESMMASK_HLA_FT_25_1e-05_5e-05_AUG_1_A3002_2.pt,HLA
ESMMASK_epitope_FT_15_1e-05_5e-05_AUG_4_C0802_2_per_token_metrics.csv,C0802,5.3979076208457455,/global/scratch/users/sergiomar10/models/ESMC_Pretrain/HLAC0802/ESMMASK_epitope_FT_15_1e-05_5e-05_AUG_4_C0802_2.pt,epitope
ESMMASK_HLA_FT_15_1e-05_1e-05_AUG_3_B4601_1_per_token_metrics.csv,B4601,5.406525403246263,/global/scratch/users/sergiomar10/models/ESMC_Pretrain/HLAB4601/ESMMASK_HLA_FT_15_1e-05_1e-05_AUG_3_B4601_1.pt,HLA
ESMMASK_HLA_FT_25_1e-05_1e-05_AUG_1_A0207_2_per_token_metrics.csv,A0207,5.415933667224992,/global/scratch/users/sergiomar10/models/ESMC_Pretrain/HLAA0207/ESMMASK_HLA_FT_25_1e-05_1e-05_AUG_1_A0207_2.pt,HLA
ESMMASK_HLA_FT_25_1e-05_5e-05_AUG_1_B1402_2_per_token_metrics.csv,B1402,5.48740110893906,/global/scratch/users/sergiomar10/models/ESMC_Pretrain/HLAB1402/ESMMASK_HLA_FT_25_1e-05_5e-05_AUG_1_B1402_2.pt,HLA
ESMMASK_HLA_FT_15_1e-05_1e-06_AUG_4_B1501_1_per_token_metrics.csv,B1501,5.5367910781641365,/global/scratch/users/sergiomar10/models/ESMC_Pretrain/HLAB1501/ESMMASK_HLA_FT_15_1e-05_1e-06_AUG_4_B1501_1.pt,HLA
ESMMASK_HLA_FT_25_1e-05_1e-06_AUG_1_A1101_1_per_token_metrics.csv,A1101,5.538633315565057,/global/scratch/users/sergiomar10/models/ESMC_Pretrain/HLAA1101/ESMMASK_HLA_FT_25_1e-05_1e-06_AUG_1_A1101_1.pt,HLA
ESMMASK_HLA_FT_25_1e-05_1e-06_AUG_1_A1101_1_per_token_metrics.csv,A1101,5.538633315565057,/global/scratch/users/sergiomar10/models/ESMC_Pretrain/HLAA1101/ESMMASK_HLA_FT_25_1e-05_1e-06_AUG_1_A1101_1.pt,HLA
ESMMASK_epitope_FT_15_0.001_1e-05_AUG_4_B8301_2_per_token_metrics.csv,B8301,5.553317813936187,/global/scratch/users/sergiomar10/models/ESMC_Pretrain/HLAB8301/ESMMASK_epitope_FT_15_0.001_1e-05_AUG_4_B8301_2.pt,epitope
ESMMASK_epitope_FT_20_0.001_5e-05_AUG_3_B7301_1_per_token_metrics.csv,B7301,5.559856816662968,/global/scratch/users/sergiomar10/models/ESMC_Pretrain/HLAB7301/ESMMASK_epitope_FT_20_0.001_5e-05_AUG_3_B7301_1.pt,epitope
ESMMASK_epitope_FT_20_0.0001_1e-06_AUG_4_A3215_2_per_token_metrics.csv,A3215,5.576418037671829,/global/scratch/users/sergiomar10/models/ESMC_Pretrain/HLAA3215/ESMMASK_epitope_FT_20_0.0001_1e-06_AUG_4_A3215_2.pt,epitope
ESMMASK_HLA_FT_15_0.0001_1e-05_AUG_1_A0212_1_per_token_metrics.csv,A0212,5.600930240711541,/global/scratch/users/sergiomar10/models/ESMC_Pretrain/HLAA0212/ESMMASK_HLA_FT_15_0.0001_1e-05_AUG_1_A0212_1.pt,HLA
ESMMASK_HLA_FT_20_1e-05_5e-05_AUG_1_A2501_1_per_token_metrics.csv,A2501,5.649493907755514,/global/scratch/users/sergiomar10/models/ESMC_Pretrain/HLAA2501/ESMMASK_HLA_FT_20_1e-05_5e-05_AUG_1_A2501_1.pt,HLA
ESMMASK_HLA_FT_15_1e-05_1e-05_AUG_1_C1203_1_per_token_metrics.csv,C1203,5.69474224859283,/global/scratch/users/sergiomar10/models/ESMC_Pretrain/HLAC1203/ESMMASK_HLA_FT_15_1e-05_1e-05_AUG_1_C1203_1.pt,HLA
ESMMASK_HLA_FT_15_1e-05_1e-05_AUG_3_B1402_2_per_token_metrics.csv,B1402,5.765046537869706,/global/scratch/users/sergiomar10/models/ESMC_Pretrain/HLAB1402/ESMMASK_HLA_FT_15_1e-05_1e-05_AUG_3_B1402_2.pt,HLA
ESMMASK_HLA_FT_15_1e-05_5e-05_AUG_3_B2703_2_per_token_metrics.csv,B2703,5.792429912475898,/global/scratch/users/sergiomar10/models/ESMC_Pretrain/HLAB2703/ESMMASK_HLA_FT_15_1e-05_5e-05_AUG_3_B2703_2.pt,HLA
ESMMASK_epitope_FT_25_0.001_5e-05_AUG_1_A0217_1_per_token_metrics.csv,A0217,5.7952111949210146,/global/scratch/users/sergiomar10/models/ESMC_Pretrain/HLAA0217/ESMMASK_epitope_FT_25_0.001_5e-05_AUG_1_A0217_1.pt,epitope
ESMMASK_HLA_FT_15_1e-05_1e-05_AUG_3_B4501_1_per_token_metrics.csv,B4501,5.800540534436318,/global/scratch/users/sergiomar10/models/ESMC_Pretrain/HLAB4501/ESMMASK_HLA_FT_15_1e-05_1e-05_AUG_3_B4501_1.pt,HLA
ESMMASK_HLA_FT_20_0.001_1e-06_AUG_1_A0217_1_per_token_metrics.csv,A0217,5.8027315223106255,/global/scratch/users/sergiomar10/models/ESMC_Pretrain/HLAA0217/ESMMASK_HLA_FT_20_0.001_1e-06_AUG_1_A0217_1.pt,HLA
ESMMASK_HLA_FT_25_0.001_1e-05_AUG_4_B1509_1_per_token_metrics.csv,B1509,5.803756905613806,/global/scratch/users/sergiomar10/models/ESMC_Pretrain/HLAB1509/ESMMASK_HLA_FT_25_0.001_1e-05_AUG_4_B1509_1.pt,HLA
ESMMASK_HLA_FT_20_0.0001_1e-05_AUG_3_B3909_2_per_token_metrics.csv,B3909,5.80879220366478,/global/scratch/users/sergiomar10/models/ESMC_Pretrain/HLAB3909/ESMMASK_HLA_FT_20_0.0001_1e-05_AUG_3_B3909_2.pt,HLA
ESMMASK_HLA_FT_20_1e-05_1e-05_AUG_1_A2301_1_per_token_metrics.csv,A2301,5.819709374378404,/global/scratch/users/sergiomar10/models/ESMC_Pretrain/HLAA2301/ESMMASK_HLA_FT_20_1e-05_1e-05_AUG_1_A2301_1.pt,HLA
ESMMASK_HLA_FT_15_1e-05_1e-06_AUG_4_C0401_1_per_token_metrics.csv,C0401,5.8669526056185,/global/scratch/users/sergiomar10/models/ESMC_Pretrain/HLAC0401/ESMMASK_HLA_FT_15_1e-05_1e-06_AUG_4_C0401_1.pt,HLA
ESMMASK_HLA_FT_15_1e-05_1e-06_AUG_3_B4402_2_per_token_metrics.csv,B4402,5.917518582879896,/global/scratch/users/sergiomar10/models/ESMC_Pretrain/HLAB4402/ESMMASK_HLA_FT_15_1e-05_1e-06_AUG_3_B4402_2.pt,HLA
ESMMASK_HLA_FT_20_1e-05_1e-06_AUG_3_A6802_1_per_token_metrics.csv,A6802,5.933730112659306,/global/scratch/users/sergiomar10/models/ESMC_Pretrain/HLAA6802/ESMMASK_HLA_FT_20_1e-05_1e-06_AUG_3_A6802_1.pt,HLA
ESMMASK_HLA_FT_25_0.0001_5e-05_AUG_1_B2720_1_per_token_metrics.csv,B2720,5.9439244182283595,/global/scratch/users/sergiomar10/models/ESMC_Pretrain/HLAB2720/ESMMASK_HLA_FT_25_0.0001_5e-05_AUG_1_B2720_1.pt,HLA
ESMMASK_epitope_FT_25_1e-05_5e-05_AUG_3_B5801_2_per_token_metrics.csv,B5801,5.944946315232634,/global/scratch/users/sergiomar10/models/ESMC_Pretrain/HLAB5801/ESMMASK_epitope_FT_25_1e-05_5e-05_AUG_3_B5801_2.pt,epitope
ESMMASK_HLA_FT_15_0.001_1e-06_AUG_3_A2602_2_per_token_metrics.csv,A2602,5.945810098201099,/global/scratch/users/sergiomar10/models/ESMC_Pretrain/HLAA2602/ESMMASK_HLA_FT_15_0.001_1e-06_AUG_3_A2602_2.pt,HLA
ESMMASK_HLA_FT_15_1e-05_1e-05_AUG_3_B3701_1_per_token_metrics.csv,B3701,5.955067420108599,/global/scratch/users/sergiomar10/models/ESMC_Pretrain/HLAB3701/ESMMASK_HLA_FT_15_1e-05_1e-05_AUG_3_B3701_1.pt,HLA
ESMMASK_HLA_FT_25_1e-05_1e-06_AUG_3_B1517_1_per_token_metrics.csv,B1517,5.969609540597128,/global/scratch/users/sergiomar10/models/ESMC_Pretrain/HLAB1517/ESMMASK_HLA_FT_25_1e-05_1e-06_AUG_3_B1517_1.pt,HLA
ESMMASK_HLA_FT_25_1e-05_1e-06_AUG_1_A0207_2_per_token_metrics.csv,A0207,5.985190232528453,/global/scratch/users/sergiomar10/models/ESMC_Pretrain/HLAA0207/ESMMASK_HLA_FT_25_1e-05_1e-06_AUG_1_A0207_2.pt,HLA
ESMMASK_epitope_FT_15_0.0001_5e-05_AUG_4_B0802_2_per_token_metrics.csv,B0802,5.985718369483948,/global/scratch/users/sergiomar10/models/ESMC_Pretrain/HLAB0802/ESMMASK_epitope_FT_15_0.0001_5e-05_AUG_4_B0802_2.pt,epitope
ESMMASK_HLA_FT_20_0.001_5e-05_AUG_4_B2720_1_per_token_metrics.csv,B2720,5.987767216749489,/global/scratch/users/sergiomar10/models/ESMC_Pretrain/HLAB2720/ESMMASK_HLA_FT_20_0.001_5e-05_AUG_4_B2720_1.pt,HLA
ESMMASK_epitope_FT_15_0.001_1e-05_AUG_3_A8001_2_per_token_metrics.csv,A8001,5.9971540581721525,/global/scratch/users/sergiomar10/models/ESMC_Pretrain/HLAA8001/ESMMASK_epitope_FT_15_0.001_1e-05_AUG_3_A8001_2.pt,epitope
ESMMASK_HLA_FT_15_0.001_1e-05_AUG_1_A1102_2_per_token_metrics.csv,A1102,6.008072195924321,/global/scratch/users/sergiomar10/models/ESMC_Pretrain/HLAA1102/ESMMASK_HLA_FT_15_0.001_1e-05_AUG_1_A1102_2.pt,HLA
ESMMASK_HLA_FT_15_1e-05_1e-05_AUG_1_C0401_2_per_token_metrics.csv,C0401,6.025489682549945,/global/scratch/users/sergiomar10/models/ESMC_Pretrain/HLAC0401/ESMMASK_HLA_FT_15_1e-05_1e-05_AUG_1_C0401_2.pt,HLA
ESMMASK_epitope_FT_25_0.001_1e-05_AUG_3_A2403_1_per_token_metrics.csv,A2403,6.02987790608454,/global/scratch/users/sergiomar10/models/ESMC_Pretrain/HLAA2403/ESMMASK_epitope_FT_25_0.001_1e-05_AUG_3_A2403_1.pt,epitope
ESMMASK_epitope_FT_20_0.001_5e-05_AUG_4_A3207_2_per_token_metrics.csv,A3207,6.047333697477977,/global/scratch/users/sergiomar10/models/ESMC_Pretrain/HLAA3207/ESMMASK_epitope_FT_20_0.001_5e-05_AUG_4_A3207_2.pt,epitope
ESMMASK_HLA_FT_25_1e-05_5e-05_AUG_1_A0211_1_per_token_metrics.csv,A0211,6.136489647861966,/global/scratch/users/sergiomar10/models/ESMC_Pretrain/HLAA0211/ESMMASK_HLA_FT_25_1e-05_5e-05_AUG_1_A0211_1.pt,HLA
ESMMASK_HLA_FT_20_0.001_5e-05_AUG_4_B0802_2_per_token_metrics.csv,B0802,6.146679774021929,/global/scratch/users/sergiomar10/models/ESMC_Pretrain/HLAB0802/ESMMASK_HLA_FT_20_0.001_5e-05_AUG_4_B0802_2.pt,HLA
ESMMASK_HLA_FT_25_0.0001_5e-05_AUG_4_A3207_2_per_token_metrics.csv,A3207,6.2208537034956475,/global/scratch/users/sergiomar10/models/ESMC_Pretrain/HLAA3207/ESMMASK_HLA_FT_25_0.0001_5e-05_AUG_4_A3207_2.pt,HLA
ESMMASK_epitope_FT_20_0.001_1e-05_AUG_4_A2602_2_per_token_metrics.csv,A2602,6.295395538509845,/global/scratch/users/sergiomar10/models/ESMC_Pretrain/HLAA2602/ESMMASK_epitope_FT_20_0.001_1e-05_AUG_4_A2602_2.pt,epitope
ESMMASK_HLA_FT_20_1e-05_1e-05_AUG_3_B2703_2_per_token_metrics.csv,B2703,6.345100128666368,/global/scratch/users/sergiomar10/models/ESMC_Pretrain/HLAB2703/ESMMASK_HLA_FT_20_1e-05_1e-05_AUG_3_B2703_2.pt,HLA
ESMMASK_epitope_FT_15_1e-05_5e-05_AUG_3_B3501_1_per_token_metrics.csv,B3501,6.374438745109322,/global/scratch/users/sergiomar10/models/ESMC_Pretrain/HLAB3501/ESMMASK_epitope_FT_15_1e-05_5e-05_AUG_3_B3501_1.pt,epitope
ESMMASK_epitope_FT_25_0.001_5e-05_AUG_4_A2602_2_per_token_metrics.csv,A2602,6.389111677696051,/global/scratch/users/sergiomar10/models/ESMC_Pretrain/HLAA2602/ESMMASK_epitope_FT_25_0.001_5e-05_AUG_4_A2602_2.pt,epitope
ESMMASK_epitope_FT_15_0.001_1e-06_AUG_4_B3909_2_per_token_metrics.csv,B3909,6.403128941853841,/global/scratch/users/sergiomar10/models/ESMC_Pretrain/HLAB3909/ESMMASK_epitope_FT_15_0.001_1e-06_AUG_4_B3909_2.pt,epitope
ESMMASK_epitope_FT_15_1e-05_5e-05_AUG_3_C0802_1_per_token_metrics.csv,C0802,6.411373331959279,/global/scratch/users/sergiomar10/models/ESMC_Pretrain/HLAC0802/ESMMASK_epitope_FT_15_1e-05_5e-05_AUG_3_C0802_1.pt,epitope
ESMMASK_epitope_FT_25_0.001_5e-05_AUG_4_A8001_2_per_token_metrics.csv,A8001,6.417983282498564,/global/scratch/users/sergiomar10/models/ESMC_Pretrain/HLAA8001/ESMMASK_epitope_FT_25_0.001_5e-05_AUG_4_A8001_2.pt,epitope
ESMMASK_HLA_FT_20_1e-05_1e-06_AUG_4_A2601_2_per_token_metrics.csv,A2601,6.428828537466233,/global/scratch/users/sergiomar10/models/ESMC_Pretrain/HLAA2601/ESMMASK_HLA_FT_20_1e-05_1e-06_AUG_4_A2601_2.pt,HLA
ESMMASK_HLA_FT_20_0.0001_1e-06_AUG_3_B4013_2_per_token_metrics.csv,B4013,6.435548935536929,/global/scratch/users/sergiomar10/models/ESMC_Pretrain/HLAB4013/ESMMASK_HLA_FT_20_0.0001_1e-06_AUG_3_B4013_2.pt,HLA
ESMMASK_HLA_FT_20_1e-05_1e-05_AUG_1_A2601_1_per_token_metrics.csv,A2601,6.445816427961319,/global/scratch/users/sergiomar10/models/ESMC_Pretrain/HLAA2601/ESMMASK_HLA_FT_20_1e-05_1e-05_AUG_1_A2601_1.pt,HLA
ESMMASK_epitope_FT_20_1e-05_5e-05_AUG_3_B5801_2_per_token_metrics.csv,B5801,6.474518591077204,/global/scratch/users/sergiomar10/models/ESMC_Pretrain/HLAB5801/ESMMASK_epitope_FT_20_1e-05_5e-05_AUG_3_B5801_2.pt,epitope
ESMMASK_HLA_FT_15_0.0001_1e-05_AUG_1_A2602_2_per_token_metrics.csv,A2602,6.488985479053422,/global/scratch/users/sergiomar10/models/ESMC_Pretrain/HLAA2602/ESMMASK_HLA_FT_15_0.0001_1e-05_AUG_1_A2602_2.pt,HLA
ESMMASK_epitope_FT_25_0.001_1e-05_AUG_1_B5802_1_per_token_metrics.csv,B5802,6.4925073462867084,/global/scratch/users/sergiomar10/models/ESMC_Pretrain/HLAB5802/ESMMASK_epitope_FT_25_0.001_1e-05_AUG_1_B5802_1.pt,epitope
ESMMASK_epitope_FT_15_0.0001_5e-05_AUG_1_B8301_1_per_token_metrics.csv,B8301,6.537719703672661,/global/scratch/users/sergiomar10/models/ESMC_Pretrain/HLAB8301/ESMMASK_epitope_FT_15_0.0001_5e-05_AUG_1_B8301_1.pt,epitope
ESMMASK_HLA_FT_20_1e-05_1e-06_AUG_1_B4402_1_per_token_metrics.csv,B4402,6.540247244702383,/global/scratch/users/sergiomar10/models/ESMC_Pretrain/HLAB4402/ESMMASK_HLA_FT_20_1e-05_1e-06_AUG_1_B4402_1.pt,HLA
ESMMASK_HLA_FT_15_1e-05_1e-06_AUG_3_A6801_1_per_token_metrics.csv,A6801,6.543228445356048,/global/scratch/users/sergiomar10/models/ESMC_Pretrain/HLAA6801/ESMMASK_HLA_FT_15_1e-05_1e-06_AUG_3_A6801_1.pt,HLA
ESMMASK_HLA_FT_20_0.001_5e-05_AUG_4_B4801_1_per_token_metrics.csv,B4801,6.575756647370079,/global/scratch/users/sergiomar10/models/ESMC_Pretrain/HLAB4801/ESMMASK_HLA_FT_20_0.001_5e-05_AUG_4_B4801_1.pt,HLA
ESMMASK_HLA_FT_20_0.001_1e-06_AUG_3_A6823_2_per_token_metrics.csv,A6823,6.641904728626832,/global/scratch/users/sergiomar10/models/ESMC_Pretrain/HLAA6823/ESMMASK_HLA_FT_20_0.001_1e-06_AUG_3_A6823_2.pt,HLA
ESMMASK_epitope_FT_25_0.0001_5e-05_AUG_3_B4801_1_per_token_metrics.csv,B4801,6.648943650977392,/global/scratch/users/sergiomar10/models/ESMC_Pretrain/HLAB4801/ESMMASK_epitope_FT_25_0.0001_5e-05_AUG_3_B4801_1.pt,epitope
ESMMASK_epitope_FT_20_0.001_5e-05_AUG_3_A2403_1_per_token_metrics.csv,A2403,6.650512629612174,/global/scratch/users/sergiomar10/models/ESMC_Pretrain/HLAA2403/ESMMASK_epitope_FT_20_0.001_5e-05_AUG_3_A2403_1.pt,epitope
ESMMASK_epitope_FT_15_0.0001_5e-05_AUG_3_A8001_2_per_token_metrics.csv,A8001,6.687883195180732,/global/scratch/users/sergiomar10/models/ESMC_Pretrain/HLAA8001/ESMMASK_epitope_FT_15_0.0001_5e-05_AUG_3_A8001_2.pt,epitope
ESMMASK_epitope_FT_25_1e-05_1e-05_AUG_1_A0201_1_per_token_metrics.csv,A0201,6.715678920365923,/global/scratch/users/sergiomar10/models/ESMC_Pretrain/HLAA0201/ESMMASK_epitope_FT_25_1e-05_1e-05_AUG_1_A0201_1.pt,epitope
ESMMASK_epitope_FT_25_1e-05_1e-05_AUG_1_A0201_2_per_token_metrics.csv,A0201,6.760166582391163,/global/scratch/users/sergiomar10/models/ESMC_Pretrain/HLAA0201/ESMMASK_epitope_FT_25_1e-05_1e-05_AUG_1_A0201_2.pt,epitope
ESMMASK_HLA_FT_15_1e-05_1e-06_AUG_1_C0802_2_per_token_metrics.csv,C0802,6.765044692774098,/global/scratch/users/sergiomar10/models/ESMC_Pretrain/HLAC0802/ESMMASK_HLA_FT_15_1e-05_1e-06_AUG_1_C0802_2.pt,HLA
ESMMASK_HLA_FT_25_0.0001_1e-05_AUG_1_A2602_2_per_token_metrics.csv,A2602,6.791532363239887,/global/scratch/users/sergiomar10/models/ESMC_Pretrain/HLAA2602/ESMMASK_HLA_FT_25_0.0001_1e-05_AUG_1_A2602_2.pt,HLA
ESMMASK_epitope_FT_20_1e-05_1e-05_AUG_1_A0201_1_per_token_metrics.csv,A0201,6.800816365183477,/global/scratch/users/sergiomar10/models/ESMC_Pretrain/HLAA0201/ESMMASK_epitope_FT_20_1e-05_1e-05_AUG_1_A0201_1.pt,epitope
ESMMASK_HLA_FT_20_1e-05_1e-05_AUG_1_A3002_1_per_token_metrics.csv,A3002,6.808066946892382,/global/scratch/users/sergiomar10/models/ESMC_Pretrain/HLAA3002/ESMMASK_HLA_FT_20_1e-05_1e-05_AUG_1_A3002_1.pt,HLA
ESMMASK_HLA_FT_20_1e-05_1e-06_AUG_1_A0207_2_per_token_metrics.csv,A0207,6.810892798768803,/global/scratch/users/sergiomar10/models/ESMC_Pretrain/HLAA0207/ESMMASK_HLA_FT_20_1e-05_1e-06_AUG_1_A0207_2.pt,HLA
ESMMASK_epitope_FT_20_1e-05_1e-05_AUG_1_A0201_2_per_token_metrics.csv,A0201,6.823513355384088,/global/scratch/users/sergiomar10/models/ESMC_Pretrain/HLAA0201/ESMMASK_epitope_FT_20_1e-05_1e-05_AUG_1_A0201_2.pt,epitope
ESMMASK_HLA_FT_20_1e-05_1e-06_AUG_1_A6801_1_per_token_metrics.csv,A6801,6.827683301981456,/global/scratch/users/sergiomar10/models/ESMC_Pretrain/HLAA6801/ESMMASK_HLA_FT_20_1e-05_1e-06_AUG_1_A6801_1.pt,HLA
ESMMASK_HLA_FT_20_0.001_1e-06_AUG_1_B2704_2_per_token_metrics.csv,B2704,6.888310831658187,/global/scratch/users/sergiomar10/models/ESMC_Pretrain/HLAB2704/ESMMASK_HLA_FT_20_0.001_1e-06_AUG_1_B2704_2.pt,HLA
ESMMASK_epitope_FT_15_1e-05_1e-05_AUG_4_B5101_2_per_token_metrics.csv,B5101,6.914924566226134,/global/scratch/users/sergiomar10/models/ESMC_Pretrain/HLAB5101/ESMMASK_epitope_FT_15_1e-05_1e-05_AUG_4_B5101_2.pt,epitope
ESMMASK_epitope_FT_25_0.0001_5e-05_AUG_4_B4801_1_per_token_metrics.csv,B4801,6.915308467971045,/global/scratch/users/sergiomar10/models/ESMC_Pretrain/HLAB4801/ESMMASK_epitope_FT_25_0.0001_5e-05_AUG_4_B4801_1.pt,epitope
ESMMASK_HLA_FT_20_1e-05_1e-06_AUG_3_B4501_2_per_token_metrics.csv,B4501,6.955990181944319,/global/scratch/users/sergiomar10/models/ESMC_Pretrain/HLAB4501/ESMMASK_HLA_FT_20_1e-05_1e-06_AUG_3_B4501_2.pt,HLA
ESMMASK_HLA_FT_15_0.001_1e-06_AUG_3_B3909_1_per_token_metrics.csv,B3909,6.980644762516022,/global/scratch/users/sergiomar10/models/ESMC_Pretrain/HLAB3909/ESMMASK_HLA_FT_15_0.001_1e-06_AUG_3_B3909_1.pt,HLA
ESMMASK_HLA_FT_15_0.0001_1e-05_AUG_1_A0216_1_per_token_metrics.csv,A0216,7.041348570251078,/global/scratch/users/sergiomar10/models/ESMC_Pretrain/HLAA0216/ESMMASK_HLA_FT_15_0.0001_1e-05_AUG_1_A0216_1.pt,HLA
ESMMASK_HLA_FT_20_1e-05_5e-05_AUG_1_B5201_1_per_token_metrics.csv,B5201,7.048055906723334,/global/scratch/users/sergiomar10/models/ESMC_Pretrain/HLAB5201/ESMMASK_HLA_FT_20_1e-05_5e-05_AUG_1_B5201_1.pt,HLA
ESMMASK_HLA_FT_20_1e-05_1e-05_AUG_4_B5802_2_per_token_metrics.csv,B5802,7.078906277949841,/global/scratch/users/sergiomar10/models/ESMC_Pretrain/HLAB5802/ESMMASK_HLA_FT_20_1e-05_1e-05_AUG_4_B5802_2.pt,HLA
ESMMASK_HLA_FT_15_1e-05_1e-06_AUG_4_A2601_2_per_token_metrics.csv,A2601,7.113590270152383,/global/scratch/users/sergiomar10/models/ESMC_Pretrain/HLAA2601/ESMMASK_HLA_FT_15_1e-05_1e-06_AUG_4_A2601_2.pt,HLA
ESMMASK_HLA_FT_15_0.0001_1e-05_AUG_1_A0219_2_per_token_metrics.csv,A0219,7.136280728725776,/global/scratch/users/sergiomar10/models/ESMC_Pretrain/HLAA0219/ESMMASK_HLA_FT_15_0.0001_1e-05_AUG_1_A0219_2.pt,HLA
ESMMASK_epitope_FT_20_1e-05_1e-05_AUG_3_B4002_2_per_token_metrics.csv,B4002,7.144494286214467,/global/scratch/users/sergiomar10/models/ESMC_Pretrain/HLAB4002/ESMMASK_epitope_FT_20_1e-05_1e-05_AUG_3_B4002_2.pt,epitope
ESMMASK_epitope_FT_15_1e-05_1e-05_AUG_1_A0201_2_per_token_metrics.csv,A0201,7.160314301311429,/global/scratch/users/sergiomar10/models/ESMC_Pretrain/HLAA0201/ESMMASK_epitope_FT_15_1e-05_1e-05_AUG_1_A0201_2.pt,epitope
ESMMASK_epitope_FT_15_1e-05_5e-05_AUG_3_C0401_1_per_token_metrics.csv,C0401,7.202477649361153,/global/scratch/users/sergiomar10/models/ESMC_Pretrain/HLAC0401/ESMMASK_epitope_FT_15_1e-05_5e-05_AUG_3_C0401_1.pt,epitope
ESMMASK_epitope_FT_25_0.001_1e-05_AUG_3_B4013_2_per_token_metrics.csv,B4013,7.2075720826978795,/global/scratch/users/sergiomar10/models/ESMC_Pretrain/HLAB4013/ESMMASK_epitope_FT_25_0.001_1e-05_AUG_3_B4013_2.pt,epitope
ESMMASK_epitope_FT_15_1e-05_1e-05_AUG_1_A0201_1_per_token_metrics.csv,A0201,7.236666369459113,/global/scratch/users/sergiomar10/models/ESMC_Pretrain/HLAA0201/ESMMASK_epitope_FT_15_1e-05_1e-05_AUG_1_A0201_1.pt,epitope
ESMMASK_epitope_FT_15_1e-05_5e-05_AUG_4_B1503_2_per_token_metrics.csv,B1503,7.246542525703045,/global/scratch/users/sergiomar10/models/ESMC_Pretrain/HLAB1503/ESMMASK_epitope_FT_15_1e-05_5e-05_AUG_4_B1503_2.pt,epitope
ESMMASK_epitope_FT_20_1e-05_5e-05_AUG_1_B5101_1_per_token_metrics.csv,B5101,7.2468503442216905,/global/scratch/users/sergiomar10/models/ESMC_Pretrain/HLAB5101/ESMMASK_epitope_FT_20_1e-05_5e-05_AUG_1_B5101_1.pt,epitope
ESMMASK_HLA_FT_15_0.0001_1e-06_AUG_4_B3909_2_per_token_metrics.csv,B3909,7.293536603450774,/global/scratch/users/sergiomar10/models/ESMC_Pretrain/HLAB3909/ESMMASK_HLA_FT_15_0.0001_1e-06_AUG_4_B3909_2.pt,HLA
ESMMASK_epitope_FT_15_1e-05_5e-05_AUG_4_C0303_1_per_token_metrics.csv,C0303,7.318158376319997,/global/scratch/users/sergiomar10/models/ESMC_Pretrain/HLAC0303/ESMMASK_epitope_FT_15_1e-05_5e-05_AUG_4_C0303_1.pt,epitope
ESMMASK_epitope_FT_25_1e-05_5e-05_AUG_3_A0206_1_per_token_metrics.csv,A0206,7.382541599638994,/global/scratch/users/sergiomar10/models/ESMC_Pretrain/HLAA0206/ESMMASK_epitope_FT_25_1e-05_5e-05_AUG_3_A0206_1.pt,epitope
ESMMASK_epitope_FT_15_0.0001_1e-05_AUG_4_B4013_2_per_token_metrics.csv,B4013,7.383530944441304,/global/scratch/users/sergiomar10/models/ESMC_Pretrain/HLAB4013/ESMMASK_epitope_FT_15_0.0001_1e-05_AUG_4_B4013_2.pt,epitope
ESMMASK_epitope_FT_20_1e-05_5e-05_AUG_3_A0202_2_per_token_metrics.csv,A0202,7.393758772320167,/global/scratch/users/sergiomar10/models/ESMC_Pretrain/HLAA0202/ESMMASK_epitope_FT_20_1e-05_5e-05_AUG_3_A0202_2.pt,epitope
ESMMASK_HLA_FT_25_1e-05_1e-06_AUG_3_B3508_1_per_token_metrics.csv,B3508,7.431051188343811,/global/scratch/users/sergiomar10/models/ESMC_Pretrain/HLAB3508/ESMMASK_HLA_FT_25_1e-05_1e-06_AUG_3_B3508_1.pt,HLA
ESMMASK_HLA_FT_25_0.0001_1e-06_AUG_3_A2603_1_per_token_metrics.csv,A2603,7.449240206967806,/global/scratch/users/sergiomar10/models/ESMC_Pretrain/HLAA2603/ESMMASK_HLA_FT_25_0.0001_1e-06_AUG_3_A2603_1.pt,HLA
ESMMASK_epitope_FT_25_1e-05_1e-05_AUG_3_B5101_2_per_token_metrics.csv,B5101,7.454538821684738,/global/scratch/users/sergiomar10/models/ESMC_Pretrain/HLAB5101/ESMMASK_epitope_FT_25_1e-05_1e-05_AUG_3_B5101_2.pt,epitope
ESMMASK_epitope_FT_20_0.0001_1e-05_AUG_3_B3906_1_per_token_metrics.csv,B3906,7.463737181373291,/global/scratch/users/sergiomar10/models/ESMC_Pretrain/HLAB3906/ESMMASK_epitope_FT_20_0.0001_1e-05_AUG_3_B3906_1.pt,epitope
ESMMASK_epitope_FT_15_0.0001_1e-05_AUG_3_A3215_1_per_token_metrics.csv,A3215,7.476089744918599,/global/scratch/users/sergiomar10/models/ESMC_Pretrain/HLAA3215/ESMMASK_epitope_FT_15_0.0001_1e-05_AUG_3_A3215_1.pt,epitope
ESMMASK_epitope_FT_15_1e-05_5e-05_AUG_4_B1510_2_per_token_metrics.csv,B1510,7.4960145131386815,/global/scratch/users/sergiomar10/models/ESMC_Pretrain/HLAB1510/ESMMASK_epitope_FT_15_1e-05_5e-05_AUG_4_B1510_2.pt,epitope
ESMMASK_HLA_FT_15_0.0001_5e-05_AUG_3_B4013_1_per_token_metrics.csv,B4013,7.504187517639366,/global/scratch/users/sergiomar10/models/ESMC_Pretrain/HLAB4013/ESMMASK_HLA_FT_15_0.0001_5e-05_AUG_3_B4013_1.pt,HLA
ESMMASK_HLA_FT_20_1e-05_1e-05_AUG_1_B1517_2_per_token_metrics.csv,B1517,7.513632070882724,/global/scratch/users/sergiomar10/models/ESMC_Pretrain/HLAB1517/ESMMASK_HLA_FT_20_1e-05_1e-05_AUG_1_B1517_2.pt,HLA
ESMMASK_epitope_FT_25_1e-05_5e-05_AUG_1_B5101_1_per_token_metrics.csv,B5101,7.543043148370453,/global/scratch/users/sergiomar10/models/ESMC_Pretrain/HLAB5101/ESMMASK_epitope_FT_25_1e-05_5e-05_AUG_1_B5101_1.pt,epitope
ESMMASK_epitope_FT_20_0.0001_1e-06_AUG_3_B4801_1_per_token_metrics.csv,B4801,7.581994371812066,/global/scratch/users/sergiomar10/models/ESMC_Pretrain/HLAB4801/ESMMASK_epitope_FT_20_0.0001_1e-06_AUG_3_B4801_1.pt,epitope
ESMMASK_HLA_FT_20_0.001_1e-05_AUG_3_B3906_2_per_token_metrics.csv,B3906,7.599061746862,/global/scratch/users/sergiomar10/models/ESMC_Pretrain/HLAB3906/ESMMASK_HLA_FT_20_0.001_1e-05_AUG_3_B3906_2.pt,HLA
ESMMASK_HLA_FT_15_1e-05_1e-05_AUG_3_B3508_1_per_token_metrics.csv,B3508,7.606902095045052,/global/scratch/users/sergiomar10/models/ESMC_Pretrain/HLAB3508/ESMMASK_HLA_FT_15_1e-05_1e-05_AUG_3_B3508_1.pt,HLA
ESMMASK_epitope_FT_25_1e-05_1e-05_AUG_1_B2705_1_per_token_metrics.csv,B2705,7.612079999128393,/global/scratch/users/sergiomar10/models/ESMC_Pretrain/HLAB2705/ESMMASK_epitope_FT_25_1e-05_1e-05_AUG_1_B2705_1.pt,epitope
ESMMASK_HLA_FT_25_0.0001_5e-05_AUG_4_B4013_1_per_token_metrics.csv,B4013,7.612108391650407,/global/scratch/users/sergiomar10/models/ESMC_Pretrain/HLAB4013/ESMMASK_HLA_FT_25_0.0001_5e-05_AUG_4_B4013_1.pt,HLA
ESMMASK_HLA_FT_15_0.0001_1e-05_AUG_1_A3207_1_per_token_metrics.csv,A3207,7.627598316521471,/global/scratch/users/sergiomar10/models/ESMC_Pretrain/HLAA3207/ESMMASK_HLA_FT_15_0.0001_1e-05_AUG_1_A3207_1.pt,HLA
ESMMASK_HLA_FT_15_0.0001_1e-06_AUG_4_A6812_1_per_token_metrics.csv,A6812,7.636138041817958,/global/scratch/users/sergiomar10/models/ESMC_Pretrain/HLAA6812/ESMMASK_HLA_FT_15_0.0001_1e-06_AUG_4_A6812_1.pt,HLA
ESMMASK_epitope_FT_25_0.0001_1e-05_AUG_3_B4013_1_per_token_metrics.csv,B4013,7.760627222480252,/global/scratch/users/sergiomar10/models/ESMC_Pretrain/HLAB4013/ESMMASK_epitope_FT_25_0.0001_1e-05_AUG_3_B4013_1.pt,epitope
ESMMASK_epitope_FT_20_1e-05_5e-05_AUG_3_B1302_2_per_token_metrics.csv,B1302,7.78099690622617,/global/scratch/users/sergiomar10/models/ESMC_Pretrain/HLAB1302/ESMMASK_epitope_FT_20_1e-05_5e-05_AUG_3_B1302_2.pt,epitope
ESMMASK_epitope_FT_20_0.001_1e-06_AUG_4_A3215_1_per_token_metrics.csv,A3215,7.781288160698463,/global/scratch/users/sergiomar10/models/ESMC_Pretrain/HLAA3215/ESMMASK_epitope_FT_20_0.001_1e-06_AUG_4_A3215_1.pt,epitope
ESMMASK_HLA_FT_20_1e-05_1e-06_AUG_3_B3508_1_per_token_metrics.csv,B3508,7.819970982030164,/global/scratch/users/sergiomar10/models/ESMC_Pretrain/HLAB3508/ESMMASK_HLA_FT_20_1e-05_1e-06_AUG_3_B3508_1.pt,HLA
ESMMASK_epitope_FT_25_0.0001_1e-06_AUG_4_B4013_1_per_token_metrics.csv,B4013,7.821842561477549,/global/scratch/users/sergiomar10/models/ESMC_Pretrain/HLAB4013/ESMMASK_epitope_FT_25_0.0001_1e-06_AUG_4_B4013_1.pt,epitope
ESMMASK_epitope_FT_15_1e-05_1e-05_AUG_3_B5101_1_per_token_metrics.csv,B5101,7.823604169942421,/global/scratch/users/sergiomar10/models/ESMC_Pretrain/HLAB5101/ESMMASK_epitope_FT_15_1e-05_1e-05_AUG_3_B5101_1.pt,epitope
ESMMASK_HLA_FT_25_0.0001_1e-05_AUG_4_B3909_2_per_token_metrics.csv,B3909,7.826903782784946,/global/scratch/users/sergiomar10/models/ESMC_Pretrain/HLAB3909/ESMMASK_HLA_FT_25_0.0001_1e-05_AUG_4_B3909_2.pt,HLA
ESMMASK_epitope_FT_15_1e-05_5e-05_AUG_4_A6601_1_per_token_metrics.csv,A6601,7.877378509491024,/global/scratch/users/sergiomar10/models/ESMC_Pretrain/HLAA6601/ESMMASK_epitope_FT_15_1e-05_5e-05_AUG_4_A6601_1.pt,epitope
ESMMASK_epitope_FT_25_1e-05_5e-05_AUG_1_B4402_2_per_token_metrics.csv,B4402,7.921014084194904,/global/scratch/users/sergiomar10/models/ESMC_Pretrain/HLAB4402/ESMMASK_epitope_FT_25_1e-05_5e-05_AUG_1_B4402_2.pt,epitope
ESMMASK_HLA_FT_25_1e-05_1e-05_AUG_1_B5401_2_per_token_metrics.csv,B5401,7.986747055387443,/global/scratch/users/sergiomar10/models/ESMC_Pretrain/HLAB5401/ESMMASK_HLA_FT_25_1e-05_1e-05_AUG_1_B5401_2.pt,HLA
ESMMASK_HLA_FT_25_0.001_1e-06_AUG_4_A3207_1_per_token_metrics.csv,A3207,8.013846776704874,/global/scratch/users/sergiomar10/models/ESMC_Pretrain/HLAA3207/ESMMASK_HLA_FT_25_0.001_1e-06_AUG_4_A3207_1.pt,HLA
ESMMASK_epitope_FT_25_1e-05_5e-05_AUG_1_B4402_1_per_token_metrics.csv,B4402,8.036925123191363,/global/scratch/users/sergiomar10/models/ESMC_Pretrain/HLAB4402/ESMMASK_epitope_FT_25_1e-05_5e-05_AUG_1_B4402_1.pt,epitope
ESMMASK_epitope_FT_25_0.0001_1e-05_AUG_4_B2720_1_per_token_metrics.csv,B2720,8.073927919429384,/global/scratch/users/sergiomar10/models/ESMC_Pretrain/HLAB2720/ESMMASK_epitope_FT_25_0.0001_1e-05_AUG_4_B2720_1.pt,epitope
ESMMASK_epitope_FT_20_1e-05_5e-05_AUG_4_A2501_2_per_token_metrics.csv,A2501,8.173332391767689,/global/scratch/users/sergiomar10/models/ESMC_Pretrain/HLAA2501/ESMMASK_epitope_FT_20_1e-05_5e-05_AUG_4_A2501_2.pt,epitope
ESMMASK_epitope_FT_20_1e-05_5e-05_AUG_4_C0702_2_per_token_metrics.csv,C0702,8.232725517775348,/global/scratch/users/sergiomar10/models/ESMC_Pretrain/HLAC0702/ESMMASK_epitope_FT_20_1e-05_5e-05_AUG_4_C0702_2.pt,epitope
ESMMASK_epitope_FT_15_1e-05_5e-05_AUG_4_B2702_2_per_token_metrics.csv,B2702,8.237271558793681,/global/scratch/users/sergiomar10/models/ESMC_Pretrain/HLAB2702/ESMMASK_epitope_FT_15_1e-05_5e-05_AUG_4_B2702_2.pt,epitope
ESMMASK_epitope_FT_15_0.001_1e-06_AUG_3_A0216_2_per_token_metrics.csv,A0216,8.31285977512598,/global/scratch/users/sergiomar10/models/ESMC_Pretrain/HLAA0216/ESMMASK_epitope_FT_15_0.001_1e-06_AUG_3_A0216_2.pt,epitope
ESMMASK_HLA_FT_20_1e-05_1e-06_AUG_1_A0204_1_per_token_metrics.csv,A0204,8.33536009390232,/global/scratch/users/sergiomar10/models/ESMC_Pretrain/HLAA0204/ESMMASK_HLA_FT_20_1e-05_1e-06_AUG_1_A0204_1.pt,HLA
ESMMASK_epitope_FT_25_1e-05_1e-05_AUG_3_B1501_2_per_token_metrics.csv,B1501,8.373574464457166,/global/scratch/users/sergiomar10/models/ESMC_Pretrain/HLAB1501/ESMMASK_epitope_FT_25_1e-05_1e-05_AUG_3_B1501_2.pt,epitope
ESMMASK_epitope_FT_25_1e-05_5e-05_AUG_3_A2501_1_per_token_metrics.csv,A2501,8.413180206332065,/global/scratch/users/sergiomar10/models/ESMC_Pretrain/HLAA2501/ESMMASK_epitope_FT_25_1e-05_5e-05_AUG_3_A2501_1.pt,epitope
ESMMASK_HLA_FT_25_0.001_1e-06_AUG_4_A3207_2_per_token_metrics.csv,A3207,8.476053416728977,/global/scratch/users/sergiomar10/models/ESMC_Pretrain/HLAA3207/ESMMASK_HLA_FT_25_0.001_1e-06_AUG_4_A3207_2.pt,HLA
ESMMASK_HLA_FT_15_1e-05_1e-06_AUG_1_B5801_1_per_token_metrics.csv,B5801,8.477595108476164,/global/scratch/users/sergiomar10/models/ESMC_Pretrain/HLAB5801/ESMMASK_HLA_FT_15_1e-05_1e-06_AUG_1_B5801_1.pt,HLA
ESMMASK_epitope_FT_20_0.0001_1e-05_AUG_4_B3909_2_per_token_metrics.csv,B3909,8.478731563314795,/global/scratch/users/sergiomar10/models/ESMC_Pretrain/HLAB3909/ESMMASK_epitope_FT_20_0.0001_1e-05_AUG_4_B3909_2.pt,epitope
ESMMASK_epitope_FT_15_0.001_1e-06_AUG_3_A2403_2_per_token_metrics.csv,A2403,8.4896020268443,/global/scratch/users/sergiomar10/models/ESMC_Pretrain/HLAA2403/ESMMASK_epitope_FT_15_0.001_1e-06_AUG_3_A2403_2.pt,epitope
ESMMASK_epitope_FT_25_1e-05_5e-05_AUG_3_A2601_2_per_token_metrics.csv,A2601,8.501538435599615,/global/scratch/users/sergiomar10/models/ESMC_Pretrain/HLAA2601/ESMMASK_epitope_FT_25_1e-05_5e-05_AUG_3_A2601_2.pt,epitope
ESMMASK_HLA_FT_15_1e-05_1e-06_AUG_1_B4201_2_per_token_metrics.csv,B4201,8.569786666300473,/global/scratch/users/sergiomar10/models/ESMC_Pretrain/HLAB4201/ESMMASK_HLA_FT_15_1e-05_1e-06_AUG_1_B4201_2.pt,HLA
ESMMASK_HLA_FT_15_0.0001_5e-05_AUG_3_B3909_1_per_token_metrics.csv,B3909,8.570943125213187,/global/scratch/users/sergiomar10/models/ESMC_Pretrain/HLAB3909/ESMMASK_HLA_FT_15_0.0001_5e-05_AUG_3_B3909_1.pt,HLA
ESMMASK_HLA_FT_15_1e-05_1e-06_AUG_3_B5401_1_per_token_metrics.csv,B5401,8.71949364627981,/global/scratch/users/sergiomar10/models/ESMC_Pretrain/HLAB5401/ESMMASK_HLA_FT_15_1e-05_1e-06_AUG_3_B5401_1.pt,HLA
ESMMASK_epitope_FT_15_1e-05_1e-05_AUG_3_B1501_1_per_token_metrics.csv,B1501,8.722578652992976,/global/scratch/users/sergiomar10/models/ESMC_Pretrain/HLAB1501/ESMMASK_epitope_FT_15_1e-05_1e-05_AUG_3_B1501_1.pt,epitope
ESMMASK_HLA_FT_25_0.0001_1e-06_AUG_3_B3909_2_per_token_metrics.csv,B3909,8.748873151465887,/global/scratch/users/sergiomar10/models/ESMC_Pretrain/HLAB3909/ESMMASK_HLA_FT_25_0.0001_1e-06_AUG_3_B3909_2.pt,HLA
ESMMASK_epitope_FT_20_1e-05_5e-05_AUG_3_B2702_2_per_token_metrics.csv,B2702,8.77841210284487,/global/scratch/users/sergiomar10/models/ESMC_Pretrain/HLAB2702/ESMMASK_epitope_FT_20_1e-05_5e-05_AUG_3_B2702_2.pt,epitope
ESMMASK_HLA_FT_15_0.0001_1e-05_AUG_1_A0219_1_per_token_metrics.csv,A0219,8.799638106826354,/global/scratch/users/sergiomar10/models/ESMC_Pretrain/HLAA0219/ESMMASK_HLA_FT_15_0.0001_1e-05_AUG_1_A0219_1.pt,HLA
ESMMASK_HLA_FT_25_1e-05_1e-06_AUG_1_B3701_1_per_token_metrics.csv,B3701,8.813061419555305,/global/scratch/users/sergiomar10/models/ESMC_Pretrain/HLAB3701/ESMMASK_HLA_FT_25_1e-05_1e-06_AUG_1_B3701_1.pt,HLA
ESMMASK_epitope_FT_15_0.0001_5e-05_AUG_3_B4013_2_per_token_metrics.csv,B4013,8.853028635744703,/global/scratch/users/sergiomar10/models/ESMC_Pretrain/HLAB4013/ESMMASK_epitope_FT_15_0.0001_5e-05_AUG_3_B4013_2.pt,epitope
ESMMASK_epitope_FT_25_1e-05_5e-05_AUG_4_B3901_2_per_token_metrics.csv,B3901,8.863572495387515,/global/scratch/users/sergiomar10/models/ESMC_Pretrain/HLAB3901/ESMMASK_epitope_FT_25_1e-05_5e-05_AUG_4_B3901_2.pt,epitope
ESMMASK_epitope_FT_15_0.001_1e-06_AUG_4_B3906_2_per_token_metrics.csv,B3906,8.952271880814806,/global/scratch/users/sergiomar10/models/ESMC_Pretrain/HLAB3906/ESMMASK_epitope_FT_15_0.001_1e-06_AUG_4_B3906_2.pt,epitope
ESMMASK_HLA_FT_25_1e-05_1e-05_AUG_4_B1542_1_per_token_metrics.csv,B1542,8.963892494309903,/global/scratch/users/sergiomar10/models/ESMC_Pretrain/HLAB1542/ESMMASK_HLA_FT_25_1e-05_1e-05_AUG_4_B1542_1.pt,HLA
ESMMASK_epitope_FT_15_0.0001_5e-05_AUG_1_B1509_2_per_token_metrics.csv,B1509,9.093694062138509,/global/scratch/users/sergiomar10/models/ESMC_Pretrain/HLAB1509/ESMMASK_epitope_FT_15_0.0001_5e-05_AUG_1_B1509_2.pt,epitope
ESMMASK_epitope_FT_20_0.001_1e-05_AUG_3_B4801_1_per_token_metrics.csv,B4801,9.114550294719345,/global/scratch/users/sergiomar10/models/ESMC_Pretrain/HLAB4801/ESMMASK_epitope_FT_20_0.001_1e-05_AUG_3_B4801_1.pt,epitope
ESMMASK_HLA_FT_15_1e-05_1e-05_AUG_4_B1542_2_per_token_metrics.csv,B1542,9.190230585509685,/global/scratch/users/sergiomar10/models/ESMC_Pretrain/HLAB1542/ESMMASK_HLA_FT_15_1e-05_1e-05_AUG_4_B1542_2.pt,HLA
ESMMASK_HLA_FT_15_1e-05_1e-05_AUG_1_C0801_1_per_token_metrics.csv,C0801,9.191258771052372,/global/scratch/users/sergiomar10/models/ESMC_Pretrain/HLAC0801/ESMMASK_HLA_FT_15_1e-05_1e-05_AUG_1_C0801_1.pt,HLA
ESMMASK_epitope_FT_15_1e-05_1e-05_AUG_3_A0301_1_per_token_metrics.csv,A0301,9.253371745541822,/global/scratch/users/sergiomar10/models/ESMC_Pretrain/HLAA0301/ESMMASK_epitope_FT_15_1e-05_1e-05_AUG_3_A0301_1.pt,epitope
ESMMASK_HLA_FT_15_1e-05_1e-06_AUG_1_C0303_2_per_token_metrics.csv,C0303,9.331658684159938,/global/scratch/users/sergiomar10/models/ESMC_Pretrain/HLAC0303/ESMMASK_HLA_FT_15_1e-05_1e-06_AUG_1_C0303_2.pt,HLA
ESMMASK_epitope_FT_20_1e-05_5e-05_AUG_3_B4501_1_per_token_metrics.csv,B4501,9.339685036233426,/global/scratch/users/sergiomar10/models/ESMC_Pretrain/HLAB4501/ESMMASK_epitope_FT_20_1e-05_5e-05_AUG_3_B4501_1.pt,epitope
ESMMASK_epitope_FT_25_0.0001_1e-06_AUG_1_A3215_1_per_token_metrics.csv,A3215,9.353029028890887,/global/scratch/users/sergiomar10/models/ESMC_Pretrain/HLAA3215/ESMMASK_epitope_FT_25_0.0001_1e-06_AUG_1_A3215_1.pt,epitope
ESMMASK_epitope_FT_25_1e-05_5e-05_AUG_4_C0701_2_per_token_metrics.csv,C0701,9.353599779995308,/global/scratch/users/sergiomar10/models/ESMC_Pretrain/HLAC0701/ESMMASK_epitope_FT_25_1e-05_5e-05_AUG_4_C0701_2.pt,epitope
ESMMASK_epitope_FT_20_0.001_5e-05_AUG_4_B4013_2_per_token_metrics.csv,B4013,9.454068104426065,/global/scratch/users/sergiomar10/models/ESMC_Pretrain/HLAB4013/ESMMASK_epitope_FT_20_0.001_5e-05_AUG_4_B4013_2.pt,epitope
ESMMASK_epitope_FT_15_1e-05_5e-05_AUG_1_B0801_1_per_token_metrics.csv,B0801,9.47760366359263,/global/scratch/users/sergiomar10/models/ESMC_Pretrain/HLAB0801/ESMMASK_epitope_FT_15_1e-05_5e-05_AUG_1_B0801_1.pt,epitope
ESMMASK_epitope_FT_20_1e-05_5e-05_AUG_3_B1503_2_per_token_metrics.csv,B1503,9.482637595179195,/global/scratch/users/sergiomar10/models/ESMC_Pretrain/HLAB1503/ESMMASK_epitope_FT_20_1e-05_5e-05_AUG_3_B1503_2.pt,epitope
ESMMASK_HLA_FT_20_1e-05_1e-06_AUG_3_A0217_1_per_token_metrics.csv,A0217,9.525698874310915,/global/scratch/users/sergiomar10/models/ESMC_Pretrain/HLAA0217/ESMMASK_HLA_FT_20_1e-05_1e-06_AUG_3_A0217_1.pt,HLA
ESMMASK_epitope_FT_20_0.001_1e-05_AUG_3_B4013_2_per_token_metrics.csv,B4013,9.555012670656122,/global/scratch/users/sergiomar10/models/ESMC_Pretrain/HLAB4013/ESMMASK_epitope_FT_20_0.001_1e-05_AUG_3_B4013_2.pt,epitope
ESMMASK_HLA_FT_15_0.0001_1e-05_AUG_1_B4013_1_per_token_metrics.csv,B4013,9.59107919183277,/global/scratch/users/sergiomar10/models/ESMC_Pretrain/HLAB4013/ESMMASK_HLA_FT_15_0.0001_1e-05_AUG_1_B4013_1.pt,HLA
ESMMASK_HLA_FT_25_0.001_5e-05_AUG_3_A2403_1_per_token_metrics.csv,A2403,9.605856115592147,/global/scratch/users/sergiomar10/models/ESMC_Pretrain/HLAA2403/ESMMASK_HLA_FT_25_0.001_5e-05_AUG_3_A2403_1.pt,HLA
ESMMASK_epitope_FT_15_1e-05_5e-05_AUG_1_B0801_2_per_token_metrics.csv,B0801,9.660894735957955,/global/scratch/users/sergiomar10/models/ESMC_Pretrain/HLAB0801/ESMMASK_epitope_FT_15_1e-05_5e-05_AUG_1_B0801_2.pt,epitope
ESMMASK_HLA_FT_15_0.0001_1e-05_AUG_1_A2603_1_per_token_metrics.csv,A2603,9.667998346415784,/global/scratch/users/sergiomar10/models/ESMC_Pretrain/HLAA2603/ESMMASK_HLA_FT_15_0.0001_1e-05_AUG_1_A2603_1.pt,HLA
ESMMASK_epitope_FT_20_0.001_1e-05_AUG_4_B4013_2_per_token_metrics.csv,B4013,9.685591379036396,/global/scratch/users/sergiomar10/models/ESMC_Pretrain/HLAB4013/ESMMASK_epitope_FT_20_0.001_1e-05_AUG_4_B4013_2.pt,epitope
ESMMASK_HLA_FT_25_0.001_5e-05_AUG_4_A3215_1_per_token_metrics.csv,A3215,9.71649530394158,/global/scratch/users/sergiomar10/models/ESMC_Pretrain/HLAA3215/ESMMASK_HLA_FT_25_0.001_5e-05_AUG_4_A3215_1.pt,HLA
ESMMASK_HLA_FT_20_1e-05_1e-06_AUG_4_A2403_2_per_token_metrics.csv,A2403,9.741399135719488,/global/scratch/users/sergiomar10/models/ESMC_Pretrain/HLAA2403/ESMMASK_HLA_FT_20_1e-05_1e-06_AUG_4_A2403_2.pt,HLA
ESMMASK_HLA_FT_15_0.0001_1e-05_AUG_1_A3215_1_per_token_metrics.csv,A3215,9.776122873649001,/global/scratch/users/sergiomar10/models/ESMC_Pretrain/HLAA3215/ESMMASK_HLA_FT_15_0.0001_1e-05_AUG_1_A3215_1.pt,HLA
ESMMASK_epitope_FT_15_0.0001_5e-05_AUG_3_B2710_2_per_token_metrics.csv,B2710,9.867094612121582,/global/scratch/users/sergiomar10/models/ESMC_Pretrain/HLAB2710/ESMMASK_epitope_FT_15_0.0001_5e-05_AUG_3_B2710_2.pt,epitope
ESMMASK_HLA_FT_25_1e-05_1e-06_AUG_4_A2603_2_per_token_metrics.csv,A2603,9.956745192714152,/global/scratch/users/sergiomar10/models/ESMC_Pretrain/HLAA2603/ESMMASK_HLA_FT_25_1e-05_1e-06_AUG_4_A2603_2.pt,HLA
ESMMASK_epitope_FT_15_1e-05_5e-05_AUG_3_B4501_2_per_token_metrics.csv,B4501,10.002399113356393,/global/scratch/users/sergiomar10/models/ESMC_Pretrain/HLAB4501/ESMMASK_epitope_FT_15_1e-05_5e-05_AUG_3_B4501_2.pt,epitope
ESMMASK_HLA_FT_15_1e-05_1e-05_AUG_1_B5201_1_per_token_metrics.csv,B5201,10.006502626789862,/global/scratch/users/sergiomar10/models/ESMC_Pretrain/HLAB5201/ESMMASK_HLA_FT_15_1e-05_1e-05_AUG_1_B5201_1.pt,HLA
ESMMASK_epitope_FT_15_1e-05_5e-05_AUG_4_C0801_2_per_token_metrics.csv,C0801,10.071963466531868,/global/scratch/users/sergiomar10/models/ESMC_Pretrain/HLAC0801/ESMMASK_epitope_FT_15_1e-05_5e-05_AUG_4_C0801_2.pt,epitope
ESMMASK_epitope_FT_15_0.0001_5e-05_AUG_3_B4013_1_per_token_metrics.csv,B4013,10.122554194927215,/global/scratch/users/sergiomar10/models/ESMC_Pretrain/HLAB4013/ESMMASK_epitope_FT_15_0.0001_5e-05_AUG_3_B4013_1.pt,epitope
ESMMASK_HLA_FT_20_0.001_1e-06_AUG_4_B1509_1_per_token_metrics.csv,B1509,10.136562189366668,/global/scratch/users/sergiomar10/models/ESMC_Pretrain/HLAB1509/ESMMASK_HLA_FT_20_0.001_1e-06_AUG_4_B1509_1.pt,HLA
ESMMASK_epitope_FT_20_0.0001_5e-05_AUG_4_B3909_2_per_token_metrics.csv,B3909,10.186916605702484,/global/scratch/users/sergiomar10/models/ESMC_Pretrain/HLAB3909/ESMMASK_epitope_FT_20_0.0001_5e-05_AUG_4_B3909_2.pt,epitope
ESMMASK_HLA_FT_15_0.0001_1e-05_AUG_1_A6823_1_per_token_metrics.csv,A6823,10.19776415426231,/global/scratch/users/sergiomar10/models/ESMC_Pretrain/HLAA6823/ESMMASK_HLA_FT_15_0.0001_1e-05_AUG_1_A6823_1.pt,HLA
ESMMASK_HLA_FT_15_1e-05_1e-06_AUG_1_A6901_1_per_token_metrics.csv,A6901,10.226872448444729,/global/scratch/users/sergiomar10/models/ESMC_Pretrain/HLAA6901/ESMMASK_HLA_FT_15_1e-05_1e-06_AUG_1_A6901_1.pt,HLA
ESMMASK_epitope_FT_15_1e-05_5e-05_AUG_3_B4601_2_per_token_metrics.csv,B4601,10.267710183221535,/global/scratch/users/sergiomar10/models/ESMC_Pretrain/HLAB4601/ESMMASK_epitope_FT_15_1e-05_5e-05_AUG_3_B4601_2.pt,epitope
ESMMASK_epitope_FT_25_0.0001_1e-05_AUG_4_A3215_2_per_token_metrics.csv,A3215,10.388574732553328,/global/scratch/users/sergiomar10/models/ESMC_Pretrain/HLAA3215/ESMMASK_epitope_FT_25_0.0001_1e-05_AUG_4_A3215_2.pt,epitope
ESMMASK_HLA_FT_20_1e-05_1e-06_AUG_3_B2704_1_per_token_metrics.csv,B2704,10.428465418043938,/global/scratch/users/sergiomar10/models/ESMC_Pretrain/HLAB2704/ESMMASK_HLA_FT_20_1e-05_1e-06_AUG_3_B2704_1.pt,HLA
ESMMASK_HLA_FT_15_0.0001_1e-05_AUG_1_A3207_2_per_token_metrics.csv,A3207,10.540545827844957,/global/scratch/users/sergiomar10/models/ESMC_Pretrain/HLAA3207/ESMMASK_HLA_FT_15_0.0001_1e-05_AUG_1_A3207_2.pt,HLA
ESMMASK_HLA_FT_25_1e-05_1e-05_AUG_1_B2703_1_per_token_metrics.csv,B2703,10.62729620306048,/global/scratch/users/sergiomar10/models/ESMC_Pretrain/HLAB2703/ESMMASK_HLA_FT_25_1e-05_1e-05_AUG_1_B2703_1.pt,HLA
ESMMASK_HLA_FT_20_1e-05_1e-06_AUG_1_B5401_1_per_token_metrics.csv,B5401,10.664778038097833,/global/scratch/users/sergiomar10/models/ESMC_Pretrain/HLAB5401/ESMMASK_HLA_FT_20_1e-05_1e-06_AUG_1_B5401_1.pt,HLA
ESMMASK_epitope_FT_20_0.0001_1e-05_AUG_4_A2603_1_per_token_metrics.csv,A2603,10.723267272114754,/global/scratch/users/sergiomar10/models/ESMC_Pretrain/HLAA2603/ESMMASK_epitope_FT_20_0.0001_1e-05_AUG_4_A2603_1.pt,epitope
ESMMASK_HLA_FT_15_0.0001_1e-05_AUG_1_A2603_2_per_token_metrics.csv,A2603,10.783460579812527,/global/scratch/users/sergiomar10/models/ESMC_Pretrain/HLAA2603/ESMMASK_HLA_FT_15_0.0001_1e-05_AUG_1_A2603_2.pt,HLA
ESMMASK_epitope_FT_20_0.0001_5e-05_AUG_1_B4013_2_per_token_metrics.csv,B4013,10.800936562726358,/global/scratch/users/sergiomar10/models/ESMC_Pretrain/HLAB4013/ESMMASK_epitope_FT_20_0.0001_5e-05_AUG_1_B4013_2.pt,epitope
ESMMASK_epitope_FT_25_0.0001_5e-05_AUG_4_B2710_2_per_token_metrics.csv,B2710,10.854016542434692,/global/scratch/users/sergiomar10/models/ESMC_Pretrain/HLAB2710/ESMMASK_epitope_FT_25_0.0001_5e-05_AUG_4_B2710_2.pt,epitope
ESMMASK_epitope_FT_20_1e-05_5e-05_AUG_4_B5201_2_per_token_metrics.csv,B5201,10.863443239183198,/global/scratch/users/sergiomar10/models/ESMC_Pretrain/HLAB5201/ESMMASK_epitope_FT_20_1e-05_5e-05_AUG_4_B5201_2.pt,epitope
ESMMASK_epitope_FT_25_0.0001_1e-06_AUG_1_B1509_1_per_token_metrics.csv,B1509,10.928806185722351,/global/scratch/users/sergiomar10/models/ESMC_Pretrain/HLAB1509/ESMMASK_epitope_FT_25_0.0001_1e-06_AUG_1_B1509_1.pt,epitope
ESMMASK_epitope_FT_20_0.001_5e-05_AUG_4_A2603_2_per_token_metrics.csv,A2603,10.935293077099278,/global/scratch/users/sergiomar10/models/ESMC_Pretrain/HLAA2603/ESMMASK_epitope_FT_20_0.001_5e-05_AUG_4_A2603_2.pt,epitope
ESMMASK_epitope_FT_25_0.0001_5e-05_AUG_4_B3909_1_per_token_metrics.csv,B3909,10.976649927903782,/global/scratch/users/sergiomar10/models/ESMC_Pretrain/HLAB3909/ESMMASK_epitope_FT_25_0.0001_5e-05_AUG_4_B3909_1.pt,epitope
ESMMASK_HLA_FT_15_0.001_1e-05_AUG_3_B4013_1_per_token_metrics.csv,B4013,10.999202587661179,/global/scratch/users/sergiomar10/models/ESMC_Pretrain/HLAB4013/ESMMASK_HLA_FT_15_0.001_1e-05_AUG_3_B4013_1.pt,HLA
ESMMASK_epitope_FT_15_0.0001_1e-06_AUG_4_B3909_1_per_token_metrics.csv,B3909,11.063179401059946,/global/scratch/users/sergiomar10/models/ESMC_Pretrain/HLAB3909/ESMMASK_epitope_FT_15_0.0001_1e-06_AUG_4_B3909_1.pt,epitope
ESMMASK_epitope_FT_25_0.0001_1e-05_AUG_4_B2710_2_per_token_metrics.csv,B2710,11.091678423186144,/global/scratch/users/sergiomar10/models/ESMC_Pretrain/HLAB2710/ESMMASK_epitope_FT_25_0.0001_1e-05_AUG_4_B2710_2.pt,epitope
ESMMASK_epitope_FT_25_1e-05_5e-05_AUG_4_B5501_1_per_token_metrics.csv,B5501,11.226694491661732,/global/scratch/users/sergiomar10/models/ESMC_Pretrain/HLAB5501/ESMMASK_epitope_FT_25_1e-05_5e-05_AUG_4_B5501_1.pt,epitope
ESMMASK_HLA_FT_25_0.0001_1e-06_AUG_1_A3207_1_per_token_metrics.csv,A3207,11.310387895413477,/global/scratch/users/sergiomar10/models/ESMC_Pretrain/HLAA3207/ESMMASK_HLA_FT_25_0.0001_1e-06_AUG_1_A3207_1.pt,HLA
ESMMASK_epitope_FT_25_1e-05_1e-05_AUG_4_C0401_2_per_token_metrics.csv,C0401,11.350351155963232,/global/scratch/users/sergiomar10/models/ESMC_Pretrain/HLAC0401/ESMMASK_epitope_FT_25_1e-05_1e-05_AUG_4_C0401_2.pt,epitope
ESMMASK_epitope_FT_25_0.0001_1e-06_AUG_1_B4801_2_per_token_metrics.csv,B4801,11.43136637031282,/global/scratch/users/sergiomar10/models/ESMC_Pretrain/HLAB4801/ESMMASK_epitope_FT_25_0.0001_1e-06_AUG_1_B4801_2.pt,epitope
ESMMASK_epitope_FT_20_0.0001_1e-06_AUG_3_B4013_2_per_token_metrics.csv,B4013,11.472516360269351,/global/scratch/users/sergiomar10/models/ESMC_Pretrain/HLAB4013/ESMMASK_epitope_FT_20_0.0001_1e-06_AUG_3_B4013_2.pt,epitope
ESMMASK_epitope_FT_15_1e-05_5e-05_AUG_1_C1203_2_per_token_metrics.csv,C1203,11.482037919805292,/global/scratch/users/sergiomar10/models/ESMC_Pretrain/HLAC1203/ESMMASK_epitope_FT_15_1e-05_5e-05_AUG_1_C1203_2.pt,epitope
ESMMASK_epitope_FT_15_1e-05_1e-05_AUG_4_C1402_2_per_token_metrics.csv,C1402,11.605614363735523,/global/scratch/users/sergiomar10/models/ESMC_Pretrain/HLAC1402/ESMMASK_epitope_FT_15_1e-05_1e-05_AUG_4_C1402_2.pt,epitope
ESMMASK_epitope_FT_20_0.0001_1e-06_AUG_4_B3906_1_per_token_metrics.csv,B3906,11.628617823457413,/global/scratch/users/sergiomar10/models/ESMC_Pretrain/HLAB3906/ESMMASK_epitope_FT_20_0.0001_1e-06_AUG_4_B3906_1.pt,epitope
ESMMASK_HLA_FT_20_1e-05_1e-06_AUG_1_B2703_1_per_token_metrics.csv,B2703,11.738068348400708,/global/scratch/users/sergiomar10/models/ESMC_Pretrain/HLAB2703/ESMMASK_HLA_FT_20_1e-05_1e-06_AUG_1_B2703_1.pt,HLA
ESMMASK_epitope_FT_20_0.0001_5e-05_AUG_1_B4801_1_per_token_metrics.csv,B4801,11.772246792349405,/global/scratch/users/sergiomar10/models/ESMC_Pretrain/HLAB4801/ESMMASK_epitope_FT_20_0.0001_5e-05_AUG_1_B4801_1.pt,epitope
ESMMASK_epitope_FT_25_0.001_1e-05_AUG_4_B4013_2_per_token_metrics.csv,B4013,11.817890184266227,/global/scratch/users/sergiomar10/models/ESMC_Pretrain/HLAB4013/ESMMASK_epitope_FT_25_0.001_1e-05_AUG_4_B4013_2.pt,epitope
ESMMASK_HLA_FT_15_0.0001_1e-06_AUG_1_B4013_2_per_token_metrics.csv,B4013,11.907779735105578,/global/scratch/users/sergiomar10/models/ESMC_Pretrain/HLAB4013/ESMMASK_HLA_FT_15_0.0001_1e-06_AUG_1_B4013_2.pt,HLA
ESMMASK_epitope_FT_25_0.001_5e-05_AUG_1_B8301_2_per_token_metrics.csv,B8301,11.909818931127942,/global/scratch/users/sergiomar10/models/ESMC_Pretrain/HLAB8301/ESMMASK_epitope_FT_25_0.001_5e-05_AUG_1_B8301_2.pt,epitope
ESMMASK_HLA_FT_25_0.0001_5e-05_AUG_1_A3215_2_per_token_metrics.csv,A3215,11.985158486360367,/global/scratch/users/sergiomar10/models/ESMC_Pretrain/HLAA3215/ESMMASK_HLA_FT_25_0.0001_5e-05_AUG_1_A3215_2.pt,HLA
ESMMASK_HLA_FT_20_0.001_5e-05_AUG_3_B4013_1_per_token_metrics.csv,B4013,12.043640523321098,/global/scratch/users/sergiomar10/models/ESMC_Pretrain/HLAB4013/ESMMASK_HLA_FT_20_0.001_5e-05_AUG_3_B4013_1.pt,HLA
ESMMASK_epitope_FT_15_1e-05_1e-05_AUG_4_A0206_1_per_token_metrics.csv,A0206,12.05174186125187,/global/scratch/users/sergiomar10/models/ESMC_Pretrain/HLAA0206/ESMMASK_epitope_FT_15_1e-05_1e-05_AUG_4_A0206_1.pt,epitope
ESMMASK_HLA_FT_15_0.001_5e-05_AUG_4_A0219_2_per_token_metrics.csv,A0219,12.101553035133024,/global/scratch/users/sergiomar10/models/ESMC_Pretrain/HLAA0219/ESMMASK_HLA_FT_15_0.001_5e-05_AUG_4_A0219_2.pt,HLA
ESMMASK_epitope_FT_20_1e-05_5e-05_AUG_4_A6901_2_per_token_metrics.csv,A6901,12.159409932993002,/global/scratch/users/sergiomar10/models/ESMC_Pretrain/HLAA6901/ESMMASK_epitope_FT_20_1e-05_5e-05_AUG_4_A6901_2.pt,epitope
ESMMASK_epitope_FT_25_1e-05_1e-05_AUG_1_A2402_2_per_token_metrics.csv,A2402,12.184323721667296,/global/scratch/users/sergiomar10/models/ESMC_Pretrain/HLAA2402/ESMMASK_epitope_FT_25_1e-05_1e-05_AUG_1_A2402_2.pt,epitope
ESMMASK_epitope_FT_25_1e-05_1e-05_AUG_1_C0501_1_per_token_metrics.csv,C0501,12.18489646729856,/global/scratch/users/sergiomar10/models/ESMC_Pretrain/HLAC0501/ESMMASK_epitope_FT_25_1e-05_1e-05_AUG_1_C0501_1.pt,epitope
ESMMASK_epitope_FT_25_1e-05_1e-05_AUG_4_A2601_2_per_token_metrics.csv,A2601,12.268488291962596,/global/scratch/users/sergiomar10/models/ESMC_Pretrain/HLAA2601/ESMMASK_epitope_FT_25_1e-05_1e-05_AUG_4_A2601_2.pt,epitope
ESMMASK_epitope_FT_15_1e-05_1e-05_AUG_4_A2501_2_per_token_metrics.csv,A2501,12.282548696846273,/global/scratch/users/sergiomar10/models/ESMC_Pretrain/HLAA2501/ESMMASK_epitope_FT_15_1e-05_1e-05_AUG_4_A2501_2.pt,epitope
ESMMASK_epitope_FT_25_0.0001_5e-05_AUG_1_B1509_1_per_token_metrics.csv,B1509,12.388129519093228,/global/scratch/users/sergiomar10/models/ESMC_Pretrain/HLAB1509/ESMMASK_epitope_FT_25_0.0001_5e-05_AUG_1_B1509_1.pt,epitope
ESMMASK_epitope_FT_20_1e-05_1e-05_AUG_4_C0102_2_per_token_metrics.csv,C0102,12.588867427414582,/global/scratch/users/sergiomar10/models/ESMC_Pretrain/HLAC0102/ESMMASK_epitope_FT_20_1e-05_1e-05_AUG_4_C0102_2.pt,epitope
ESMMASK_epitope_FT_20_0.0001_5e-05_AUG_3_B3906_2_per_token_metrics.csv,B3906,12.624050855636595,/global/scratch/users/sergiomar10/models/ESMC_Pretrain/HLAB3906/ESMMASK_epitope_FT_20_0.0001_5e-05_AUG_3_B3906_2.pt,epitope
ESMMASK_epitope_FT_15_1e-05_5e-05_AUG_3_B2706_2_per_token_metrics.csv,B2706,12.77568203303843,/global/scratch/users/sergiomar10/models/ESMC_Pretrain/HLAB2706/ESMMASK_epitope_FT_15_1e-05_5e-05_AUG_3_B2706_2.pt,epitope
ESMMASK_HLA_FT_20_0.001_5e-05_AUG_3_A2602_1_per_token_metrics.csv,A2602,12.861009811368426,/global/scratch/users/sergiomar10/models/ESMC_Pretrain/HLAA2602/ESMMASK_HLA_FT_20_0.001_5e-05_AUG_3_A2602_1.pt,HLA
ESMMASK_epitope_FT_15_0.001_1e-05_AUG_4_B3906_2_per_token_metrics.csv,B3906,13.089615479111671,/global/scratch/users/sergiomar10/models/ESMC_Pretrain/HLAB3906/ESMMASK_epitope_FT_15_0.001_1e-05_AUG_4_B3906_2.pt,epitope
ESMMASK_epitope_FT_25_0.0001_5e-05_AUG_1_B3909_1_per_token_metrics.csv,B3909,13.129678092896938,/global/scratch/users/sergiomar10/models/ESMC_Pretrain/HLAB3909/ESMMASK_epitope_FT_25_0.0001_5e-05_AUG_1_B3909_1.pt,epitope
ESMMASK_HLA_FT_20_1e-05_1e-06_AUG_3_B1542_2_per_token_metrics.csv,B1542,13.173893397981248,/global/scratch/users/sergiomar10/models/ESMC_Pretrain/HLAB1542/ESMMASK_HLA_FT_20_1e-05_1e-06_AUG_3_B1542_2.pt,HLA
ESMMASK_epitope_FT_15_1e-05_1e-05_AUG_3_C1502_2_per_token_metrics.csv,C1502,13.206040148455193,/global/scratch/users/sergiomar10/models/ESMC_Pretrain/HLAC1502/ESMMASK_epitope_FT_15_1e-05_1e-05_AUG_3_C1502_2.pt,epitope
ESMMASK_epitope_FT_25_0.0001_5e-05_AUG_4_B4013_2_per_token_metrics.csv,B4013,13.384758264478297,/global/scratch/users/sergiomar10/models/ESMC_Pretrain/HLAB4013/ESMMASK_epitope_FT_25_0.0001_5e-05_AUG_4_B4013_2.pt,epitope
ESMMASK_HLA_FT_20_1e-05_1e-05_AUG_3_B4801_2_per_token_metrics.csv,B4801,13.393982542232228,/global/scratch/users/sergiomar10/models/ESMC_Pretrain/HLAB4801/ESMMASK_HLA_FT_20_1e-05_1e-05_AUG_3_B4801_2.pt,HLA
ESMMASK_epitope_FT_20_0.001_1e-06_AUG_3_A3215_2_per_token_metrics.csv,A3215,13.535836297452823,/global/scratch/users/sergiomar10/models/ESMC_Pretrain/HLAA3215/ESMMASK_epitope_FT_20_0.001_1e-06_AUG_3_A3215_2.pt,epitope
ESMMASK_HLA_FT_20_0.0001_1e-05_AUG_1_B3906_1_per_token_metrics.csv,B3906,13.537797609965006,/global/scratch/users/sergiomar10/models/ESMC_Pretrain/HLAB3906/ESMMASK_HLA_FT_20_0.0001_1e-05_AUG_1_B3906_1.pt,HLA
ESMMASK_epitope_FT_20_0.001_1e-05_AUG_3_A8001_1_per_token_metrics.csv,A8001,13.548370963420235,/global/scratch/users/sergiomar10/models/ESMC_Pretrain/HLAA8001/ESMMASK_epitope_FT_20_0.001_1e-05_AUG_3_A8001_1.pt,epitope
ESMMASK_epitope_FT_25_1e-05_1e-05_AUG_4_A3002_2_per_token_metrics.csv,A3002,13.630449666525132,/global/scratch/users/sergiomar10/models/ESMC_Pretrain/HLAA3002/ESMMASK_epitope_FT_25_1e-05_1e-05_AUG_4_A3002_2.pt,epitope
ESMMASK_epitope_FT_15_0.001_1e-06_AUG_3_B4013_1_per_token_metrics.csv,B4013,13.722084447742077,/global/scratch/users/sergiomar10/models/ESMC_Pretrain/HLAB4013/ESMMASK_epitope_FT_15_0.001_1e-06_AUG_3_B4013_1.pt,epitope
ESMMASK_HLA_FT_20_0.001_1e-06_AUG_4_B0802_1_per_token_metrics.csv,B0802,13.971666704710515,/global/scratch/users/sergiomar10/models/ESMC_Pretrain/HLAB0802/ESMMASK_HLA_FT_20_0.001_1e-06_AUG_4_B0802_1.pt,HLA
ESMMASK_epitope_FT_15_1e-05_5e-05_AUG_1_C0303_2_per_token_metrics.csv,C0303,13.992379924100412,/global/scratch/users/sergiomar10/models/ESMC_Pretrain/HLAC0303/ESMMASK_epitope_FT_15_1e-05_5e-05_AUG_1_C0303_2.pt,epitope
ESMMASK_epitope_FT_20_1e-05_1e-05_AUG_4_A1102_2_per_token_metrics.csv,A1102,14.038795839092332,/global/scratch/users/sergiomar10/models/ESMC_Pretrain/HLAA1102/ESMMASK_epitope_FT_20_1e-05_1e-05_AUG_4_A1102_2.pt,epitope
ESMMASK_HLA_FT_15_1e-05_1e-06_AUG_1_B2703_1_per_token_metrics.csv,B2703,14.11732588954639,/global/scratch/users/sergiomar10/models/ESMC_Pretrain/HLAB2703/ESMMASK_HLA_FT_15_1e-05_1e-06_AUG_1_B2703_1.pt,HLA
ESMMASK_epitope_FT_15_0.0001_5e-05_AUG_4_B4013_1_per_token_metrics.csv,B4013,14.297023378312588,/global/scratch/users/sergiomar10/models/ESMC_Pretrain/HLAB4013/ESMMASK_epitope_FT_15_0.0001_5e-05_AUG_4_B4013_1.pt,epitope
ESMMASK_HLA_FT_15_0.001_5e-05_AUG_1_B8301_2_per_token_metrics.csv,B8301,14.337506202763304,/global/scratch/users/sergiomar10/models/ESMC_Pretrain/HLAB8301/ESMMASK_HLA_FT_15_0.001_5e-05_AUG_1_B8301_2.pt,HLA
ESMMASK_epitope_FT_20_1e-05_1e-05_AUG_4_A3002_1_per_token_metrics.csv,A3002,14.4816739345367,/global/scratch/users/sergiomar10/models/ESMC_Pretrain/HLAA3002/ESMMASK_epitope_FT_20_1e-05_1e-05_AUG_4_A3002_1.pt,epitope
ESMMASK_epitope_FT_15_0.001_5e-05_AUG_3_B4013_2_per_token_metrics.csv,B4013,14.5265174976417,/global/scratch/users/sergiomar10/models/ESMC_Pretrain/HLAB4013/ESMMASK_epitope_FT_15_0.001_5e-05_AUG_3_B4013_2.pt,epitope
ESMMASK_epitope_FT_20_0.001_1e-06_AUG_4_A3207_1_per_token_metrics.csv,A3207,14.642173184288872,/global/scratch/users/sergiomar10/models/ESMC_Pretrain/HLAA3207/ESMMASK_epitope_FT_20_0.001_1e-06_AUG_4_A3207_1.pt,epitope
ESMMASK_HLA_FT_20_1e-05_5e-05_AUG_3_B7301_2_per_token_metrics.csv,B7301,14.65443081948447,/global/scratch/users/sergiomar10/models/ESMC_Pretrain/HLAB7301/ESMMASK_HLA_FT_20_1e-05_5e-05_AUG_3_B7301_2.pt,HLA
ESMMASK_epitope_FT_15_0.0001_5e-05_AUG_3_B2710_1_per_token_metrics.csv,B2710,14.683318376576608,/global/scratch/users/sergiomar10/models/ESMC_Pretrain/HLAB2710/ESMMASK_epitope_FT_15_0.0001_5e-05_AUG_3_B2710_1.pt,epitope
ESMMASK_HLA_FT_20_1e-05_1e-06_AUG_3_B8301_2_per_token_metrics.csv,B8301,14.782869609876647,/global/scratch/users/sergiomar10/models/ESMC_Pretrain/HLAB8301/ESMMASK_HLA_FT_20_1e-05_1e-06_AUG_3_B8301_2.pt,HLA
ESMMASK_epitope_FT_20_0.0001_1e-06_AUG_1_B4013_1_per_token_metrics.csv,B4013,14.887442302703857,/global/scratch/users/sergiomar10/models/ESMC_Pretrain/HLAB4013/ESMMASK_epitope_FT_20_0.0001_1e-06_AUG_1_B4013_1.pt,epitope
ESMMASK_epitope_FT_20_1e-05_1e-05_AUG_4_B2704_1_per_token_metrics.csv,B2704,14.961214611764321,/global/scratch/users/sergiomar10/models/ESMC_Pretrain/HLAB2704/ESMMASK_epitope_FT_20_1e-05_1e-05_AUG_4_B2704_1.pt,epitope
ESMMASK_epitope_FT_20_1e-05_5e-05_AUG_1_B5301_1_per_token_metrics.csv,B5301,15.004696067863508,/global/scratch/users/sergiomar10/models/ESMC_Pretrain/HLAB5301/ESMMASK_epitope_FT_20_1e-05_5e-05_AUG_1_B5301_1.pt,epitope
ESMMASK_epitope_FT_20_1e-05_1e-05_AUG_3_C0702_1_per_token_metrics.csv,C0702,15.081370459713078,/global/scratch/users/sergiomar10/models/ESMC_Pretrain/HLAC0702/ESMMASK_epitope_FT_20_1e-05_1e-05_AUG_3_C0702_1.pt,epitope
ESMMASK_HLA_FT_20_0.001_1e-06_AUG_1_A0219_1_per_token_metrics.csv,A0219,15.115080632563485,/global/scratch/users/sergiomar10/models/ESMC_Pretrain/HLAA0219/ESMMASK_HLA_FT_20_0.001_1e-06_AUG_1_A0219_1.pt,HLA
ESMMASK_epitope_FT_15_0.001_5e-05_AUG_1_A2602_1_per_token_metrics.csv,A2602,15.41151816301677,/global/scratch/users/sergiomar10/models/ESMC_Pretrain/HLAA2602/ESMMASK_epitope_FT_15_0.001_5e-05_AUG_1_A2602_1.pt,epitope
ESMMASK_HLA_FT_15_1e-05_1e-06_AUG_4_B8301_2_per_token_metrics.csv,B8301,15.429223385585294,/global/scratch/users/sergiomar10/models/ESMC_Pretrain/HLAB8301/ESMMASK_HLA_FT_15_1e-05_1e-06_AUG_4_B8301_2.pt,HLA
ESMMASK_HLA_FT_15_0.0001_1e-05_AUG_4_A6812_1_per_token_metrics.csv,A6812,15.582001179457109,/global/scratch/users/sergiomar10/models/ESMC_Pretrain/HLAA6812/ESMMASK_HLA_FT_15_0.0001_1e-05_AUG_4_A6812_1.pt,HLA
ESMMASK_epitope_FT_25_0.001_1e-06_AUG_3_A6812_1_per_token_metrics.csv,A6812,15.90237045288086,/global/scratch/users/sergiomar10/models/ESMC_Pretrain/HLAA6812/ESMMASK_epitope_FT_25_0.001_1e-06_AUG_3_A6812_1.pt,epitope
ESMMASK_HLA_FT_15_1e-05_1e-06_AUG_3_B8301_1_per_token_metrics.csv,B8301,15.908649614821611,/global/scratch/users/sergiomar10/models/ESMC_Pretrain/HLAB8301/ESMMASK_HLA_FT_15_1e-05_1e-06_AUG_3_B8301_1.pt,HLA
ESMMASK_HLA_FT_20_1e-05_5e-05_AUG_3_A8001_1_per_token_metrics.csv,A8001,15.944155432093924,/global/scratch/users/sergiomar10/models/ESMC_Pretrain/HLAA8001/ESMMASK_HLA_FT_20_1e-05_5e-05_AUG_3_A8001_1.pt,HLA
ESMMASK_HLA_FT_20_0.0001_1e-05_AUG_1_B4013_2_per_token_metrics.csv,B4013,16.468382318814594,/global/scratch/users/sergiomar10/models/ESMC_Pretrain/HLAB4013/ESMMASK_HLA_FT_20_0.0001_1e-05_AUG_1_B4013_2.pt,HLA
ESMMASK_epitope_FT_15_1e-05_1e-05_AUG_4_C0801_2_per_token_metrics.csv,C0801,16.565944354623873,/global/scratch/users/sergiomar10/models/ESMC_Pretrain/HLAC0801/ESMMASK_epitope_FT_15_1e-05_1e-05_AUG_4_C0801_2.pt,epitope
ESMMASK_HLA_FT_20_1e-05_5e-05_AUG_4_A3207_1_per_token_metrics.csv,A3207,16.589727929871255,/global/scratch/users/sergiomar10/models/ESMC_Pretrain/HLAA3207/ESMMASK_HLA_FT_20_1e-05_5e-05_AUG_4_A3207_1.pt,HLA
ESMMASK_epitope_FT_15_0.001_1e-05_AUG_1_A2602_1_per_token_metrics.csv,A2602,16.673678448889405,/global/scratch/users/sergiomar10/models/ESMC_Pretrain/HLAA2602/ESMMASK_epitope_FT_15_0.001_1e-05_AUG_1_A2602_1.pt,epitope
ESMMASK_epitope_FT_20_0.001_5e-05_AUG_3_B2720_2_per_token_metrics.csv,B2720,16.94144268675397,/global/scratch/users/sergiomar10/models/ESMC_Pretrain/HLAB2720/ESMMASK_epitope_FT_20_0.001_5e-05_AUG_3_B2720_2.pt,epitope
ESMMASK_epitope_FT_15_0.001_1e-06_AUG_4_B4013_2_per_token_metrics.csv,B4013,16.961164676227256,/global/scratch/users/sergiomar10/models/ESMC_Pretrain/HLAB4013/ESMMASK_epitope_FT_15_0.001_1e-06_AUG_4_B4013_2.pt,epitope
ESMMASK_epitope_FT_25_0.001_1e-05_AUG_1_A0219_2_per_token_metrics.csv,A0219,17.293428731461393,/global/scratch/users/sergiomar10/models/ESMC_Pretrain/HLAA0219/ESMMASK_epitope_FT_25_0.001_1e-05_AUG_1_A0219_2.pt,epitope
ESMMASK_epitope_FT_20_1e-05_1e-05_AUG_3_B1517_1_per_token_metrics.csv,B1517,17.36416715734486,/global/scratch/users/sergiomar10/models/ESMC_Pretrain/HLAB1517/ESMMASK_epitope_FT_20_1e-05_1e-05_AUG_3_B1517_1.pt,epitope
ESMMASK_epitope_FT_15_0.0001_1e-05_AUG_4_B3909_1_per_token_metrics.csv,B3909,17.427149087190628,/global/scratch/users/sergiomar10/models/ESMC_Pretrain/HLAB3909/ESMMASK_epitope_FT_15_0.0001_1e-05_AUG_4_B3909_1.pt,epitope
ESMMASK_HLA_FT_25_1e-05_1e-05_AUG_4_B4801_2_per_token_metrics.csv,B4801,17.430163888240177,/global/scratch/users/sergiomar10/models/ESMC_Pretrain/HLAB4801/ESMMASK_HLA_FT_25_1e-05_1e-05_AUG_4_B4801_2.pt,HLA
ESMMASK_HLA_FT_15_1e-05_5e-05_AUG_4_A0216_1_per_token_metrics.csv,A0216,17.531751808221088,/global/scratch/users/sergiomar10/models/ESMC_Pretrain/HLAA0216/ESMMASK_HLA_FT_15_1e-05_5e-05_AUG_4_A0216_1.pt,HLA
ESMMASK_HLA_FT_25_0.0001_5e-05_AUG_1_B3909_1_per_token_metrics.csv,B3909,17.570278593472075,/global/scratch/users/sergiomar10/models/ESMC_Pretrain/HLAB3909/ESMMASK_HLA_FT_25_0.0001_5e-05_AUG_1_B3909_1.pt,HLA
ESMMASK_epitope_FT_25_0.001_5e-05_AUG_1_A3215_1_per_token_metrics.csv,A3215,17.813597493367112,/global/scratch/users/sergiomar10/models/ESMC_Pretrain/HLAA3215/ESMMASK_epitope_FT_25_0.001_5e-05_AUG_1_A3215_1.pt,epitope
ESMMASK_HLA_FT_20_1e-05_5e-05_AUG_3_B3909_2_per_token_metrics.csv,B3909,17.91534600258128,/global/scratch/users/sergiomar10/models/ESMC_Pretrain/HLAB3909/ESMMASK_HLA_FT_20_1e-05_5e-05_AUG_3_B3909_2.pt,HLA
ESMMASK_epitope_FT_25_0.0001_1e-06_AUG_1_A3207_1_per_token_metrics.csv,A3207,18.189450052049455,/global/scratch/users/sergiomar10/models/ESMC_Pretrain/HLAA3207/ESMMASK_epitope_FT_25_0.0001_1e-06_AUG_1_A3207_1.pt,epitope
ESMMASK_HLA_FT_15_0.001_1e-05_AUG_4_B4013_2_per_token_metrics.csv,B4013,18.194926579810424,/global/scratch/users/sergiomar10/models/ESMC_Pretrain/HLAB4013/ESMMASK_HLA_FT_15_0.001_1e-05_AUG_4_B4013_2.pt,HLA
ESMMASK_HLA_FT_15_0.0001_1e-05_AUG_3_A6812_1_per_token_metrics.csv,A6812,18.200507640838623,/global/scratch/users/sergiomar10/models/ESMC_Pretrain/HLAA6812/ESMMASK_HLA_FT_15_0.0001_1e-05_AUG_3_A6812_1.pt,HLA
ESMMASK_epitope_FT_15_0.001_1e-05_AUG_4_B2710_1_per_token_metrics.csv,B2710,18.2025218044364,/global/scratch/users/sergiomar10/models/ESMC_Pretrain/HLAB2710/ESMMASK_epitope_FT_15_0.001_1e-05_AUG_4_B2710_1.pt,epitope
ESMMASK_epitope_FT_20_0.001_1e-06_AUG_4_B4013_2_per_token_metrics.csv,B4013,18.268948070704937,/global/scratch/users/sergiomar10/models/ESMC_Pretrain/HLAB4013/ESMMASK_epitope_FT_20_0.001_1e-06_AUG_4_B4013_2.pt,epitope
ESMMASK_HLA_FT_20_1e-05_5e-05_AUG_1_A2403_2_per_token_metrics.csv,A2403,18.278103997977375,/global/scratch/users/sergiomar10/models/ESMC_Pretrain/HLAA2403/ESMMASK_HLA_FT_20_1e-05_5e-05_AUG_1_A2403_2.pt,HLA
ESMMASK_HLA_FT_15_0.001_5e-05_AUG_3_B3909_2_per_token_metrics.csv,B3909,18.500633813534023,/global/scratch/users/sergiomar10/models/ESMC_Pretrain/HLAB3909/ESMMASK_HLA_FT_15_0.001_5e-05_AUG_3_B3909_2.pt,HLA
ESMMASK_HLA_FT_20_0.001_5e-05_AUG_4_B2720_2_per_token_metrics.csv,B2720,18.66875715668513,/global/scratch/users/sergiomar10/models/ESMC_Pretrain/HLAB2720/ESMMASK_HLA_FT_20_0.001_5e-05_AUG_4_B2720_2.pt,HLA
ESMMASK_HLA_FT_25_0.0001_5e-05_AUG_3_B0802_2_per_token_metrics.csv,B0802,18.97826278219218,/global/scratch/users/sergiomar10/models/ESMC_Pretrain/HLAB0802/ESMMASK_HLA_FT_25_0.0001_5e-05_AUG_3_B0802_2.pt,HLA
ESMMASK_HLA_FT_20_0.001_5e-05_AUG_3_B3909_2_per_token_metrics.csv,B3909,19.12892214457194,/global/scratch/users/sergiomar10/models/ESMC_Pretrain/HLAB3909/ESMMASK_HLA_FT_20_0.001_5e-05_AUG_3_B3909_2.pt,HLA
ESMMASK_HLA_FT_25_1e-05_5e-05_AUG_4_A3207_2_per_token_metrics.csv,A3207,19.31392400267523,/global/scratch/users/sergiomar10/models/ESMC_Pretrain/HLAA3207/ESMMASK_HLA_FT_25_1e-05_5e-05_AUG_4_A3207_2.pt,HLA
ESMMASK_HLA_FT_15_0.001_1e-06_AUG_3_B4013_2_per_token_metrics.csv,B4013,19.530639327457173,/global/scratch/users/sergiomar10/models/ESMC_Pretrain/HLAB4013/ESMMASK_HLA_FT_15_0.001_1e-06_AUG_3_B4013_2.pt,HLA
ESMMASK_epitope_FT_20_0.001_5e-05_AUG_3_B4013_1_per_token_metrics.csv,B4013,20.152128219604492,/global/scratch/users/sergiomar10/models/ESMC_Pretrain/HLAB4013/ESMMASK_epitope_FT_20_0.001_5e-05_AUG_3_B4013_1.pt,epitope
ESMMASK_HLA_FT_20_1e-05_1e-06_AUG_3_A0212_1_per_token_metrics.csv,A0212,20.198685807829236,/global/scratch/users/sergiomar10/models/ESMC_Pretrain/HLAA0212/ESMMASK_HLA_FT_20_1e-05_1e-06_AUG_3_A0212_1.pt,HLA
ESMMASK_epitope_FT_15_0.001_1e-05_AUG_1_A6823_1_per_token_metrics.csv,A6823,20.40632860792376,/global/scratch/users/sergiomar10/models/ESMC_Pretrain/HLAA6823/ESMMASK_epitope_FT_15_0.001_1e-05_AUG_1_A6823_1.pt,epitope
ESMMASK_HLA_FT_25_0.001_5e-05_AUG_1_B1542_2_per_token_metrics.csv,B1542,21.17077482727198,/global/scratch/users/sergiomar10/models/ESMC_Pretrain/HLAB1542/ESMMASK_HLA_FT_25_0.001_5e-05_AUG_1_B1542_2.pt,HLA
ESMMASK_epitope_FT_20_1e-05_1e-05_AUG_3_B3508_1_per_token_metrics.csv,B3508,21.291159190708978,/global/scratch/users/sergiomar10/models/ESMC_Pretrain/HLAB3508/ESMMASK_epitope_FT_20_1e-05_1e-05_AUG_3_B3508_1.pt,epitope
ESMMASK_epitope_FT_25_0.001_5e-05_AUG_3_B3909_2_per_token_metrics.csv,B3909,21.445925295352936,/global/scratch/users/sergiomar10/models/ESMC_Pretrain/HLAB3909/ESMMASK_epitope_FT_25_0.001_5e-05_AUG_3_B3909_2.pt,epitope
ESMMASK_HLA_FT_25_0.001_1e-06_AUG_3_B3909_2_per_token_metrics.csv,B3909,21.506034284830406,/global/scratch/users/sergiomar10/models/ESMC_Pretrain/HLAB3909/ESMMASK_HLA_FT_25_0.001_1e-06_AUG_3_B3909_2.pt,HLA
ESMMASK_HLA_FT_20_0.0001_1e-05_AUG_4_A6812_2_per_token_metrics.csv,A6812,21.906754970550537,/global/scratch/users/sergiomar10/models/ESMC_Pretrain/HLAA6812/ESMMASK_HLA_FT_20_0.0001_1e-05_AUG_4_A6812_2.pt,HLA
ESMMASK_HLA_FT_25_1e-05_1e-05_AUG_1_A2403_2_per_token_metrics.csv,A2403,22.180028872194182,/global/scratch/users/sergiomar10/models/ESMC_Pretrain/HLAA2403/ESMMASK_HLA_FT_25_1e-05_1e-05_AUG_1_A2403_2.pt,HLA
ESMMASK_HLA_FT_15_1e-05_5e-05_AUG_1_A3207_2_per_token_metrics.csv,A3207,22.27574860059167,/global/scratch/users/sergiomar10/models/ESMC_Pretrain/HLAA3207/ESMMASK_HLA_FT_15_1e-05_5e-05_AUG_1_A3207_2.pt,HLA
ESMMASK_epitope_FT_20_1e-05_5e-05_AUG_1_B2703_1_per_token_metrics.csv,B2703,22.41531280590247,/global/scratch/users/sergiomar10/models/ESMC_Pretrain/HLAB2703/ESMMASK_epitope_FT_20_1e-05_5e-05_AUG_1_B2703_1.pt,epitope
ESMMASK_epitope_FT_20_1e-05_1e-06_AUG_4_A0204_1_per_token_metrics.csv,A0204,23.06150428526616,/global/scratch/users/sergiomar10/models/ESMC_Pretrain/HLAA0204/ESMMASK_epitope_FT_20_1e-05_1e-06_AUG_4_A0204_1.pt,epitope
ESMMASK_HLA_FT_20_1e-05_1e-05_AUG_3_A2603_1_per_token_metrics.csv,A2603,23.10313226282601,/global/scratch/users/sergiomar10/models/ESMC_Pretrain/HLAA2603/ESMMASK_HLA_FT_20_1e-05_1e-05_AUG_3_A2603_1.pt,HLA
ESMMASK_epitope_FT_15_1e-05_5e-05_AUG_3_A2403_1_per_token_metrics.csv,A2403,23.20481967868881,/global/scratch/users/sergiomar10/models/ESMC_Pretrain/HLAA2403/ESMMASK_epitope_FT_15_1e-05_5e-05_AUG_3_A2403_1.pt,epitope
ESMMASK_epitope_FT_15_1e-05_5e-05_AUG_4_B1542_1_per_token_metrics.csv,B1542,23.335794770851244,/global/scratch/users/sergiomar10/models/ESMC_Pretrain/HLAB1542/ESMMASK_epitope_FT_15_1e-05_5e-05_AUG_4_B1542_1.pt,epitope
ESMMASK_HLA_FT_15_0.001_1e-06_AUG_4_B3909_1_per_token_metrics.csv,B3909,23.391454458236694,/global/scratch/users/sergiomar10/models/ESMC_Pretrain/HLAB3909/ESMMASK_HLA_FT_15_0.001_1e-06_AUG_4_B3909_1.pt,HLA
ESMMASK_epitope_FT_25_0.001_1e-05_AUG_1_A0219_1_per_token_metrics.csv,A0219,24.37771739864548,/global/scratch/users/sergiomar10/models/ESMC_Pretrain/HLAA0219/ESMMASK_epitope_FT_25_0.001_1e-05_AUG_1_A0219_1.pt,epitope
ESMMASK_epitope_FT_25_1e-05_5e-05_AUG_3_A0219_2_per_token_metrics.csv,A0219,24.396202668040882,/global/scratch/users/sergiomar10/models/ESMC_Pretrain/HLAA0219/ESMMASK_epitope_FT_25_1e-05_5e-05_AUG_3_A0219_2.pt,epitope
ESMMASK_epitope_FT_20_0.001_1e-06_AUG_4_B2710_1_per_token_metrics.csv,B2710,24.52358418206374,/global/scratch/users/sergiomar10/models/ESMC_Pretrain/HLAB2710/ESMMASK_epitope_FT_20_0.001_1e-06_AUG_4_B2710_1.pt,epitope
ESMMASK_epitope_FT_20_1e-05_1e-05_AUG_3_B2710_2_per_token_metrics.csv,B2710,24.61518859863281,/global/scratch/users/sergiomar10/models/ESMC_Pretrain/HLAB2710/ESMMASK_epitope_FT_20_1e-05_1e-05_AUG_3_B2710_2.pt,epitope
ESMMASK_HLA_FT_15_1e-05_5e-05_AUG_3_A3207_1_per_token_metrics.csv,A3207,24.673767837860478,/global/scratch/users/sergiomar10/models/ESMC_Pretrain/HLAA3207/ESMMASK_HLA_FT_15_1e-05_5e-05_AUG_3_A3207_1.pt,HLA
ESMMASK_HLA_FT_20_1e-05_5e-05_AUG_1_A0219_2_per_token_metrics.csv,A0219,24.779139706253797,/global/scratch/users/sergiomar10/models/ESMC_Pretrain/HLAA0219/ESMMASK_HLA_FT_20_1e-05_5e-05_AUG_1_A0219_2.pt,HLA
ESMMASK_epitope_FT_25_0.001_1e-05_AUG_1_B8301_2_per_token_metrics.csv,B8301,24.883012589272262,/global/scratch/users/sergiomar10/models/ESMC_Pretrain/HLAB8301/ESMMASK_epitope_FT_25_0.001_1e-05_AUG_1_B8301_2.pt,epitope
ESMMASK_HLA_FT_25_0.001_1e-05_AUG_1_B7301_2_per_token_metrics.csv,B7301,24.92058393134122,/global/scratch/users/sergiomar10/models/ESMC_Pretrain/HLAB7301/ESMMASK_HLA_FT_25_0.001_1e-05_AUG_1_B7301_2.pt,HLA
ESMMASK_epitope_FT_15_0.001_1e-05_AUG_4_B3909_1_per_token_metrics.csv,B3909,25.163023597845395,/global/scratch/users/sergiomar10/models/ESMC_Pretrain/HLAB3909/ESMMASK_epitope_FT_15_0.001_1e-05_AUG_4_B3909_1.pt,epitope
ESMMASK_epitope_FT_25_0.0001_1e-05_AUG_1_B4013_2_per_token_metrics.csv,B4013,25.39779772077288,/global/scratch/users/sergiomar10/models/ESMC_Pretrain/HLAB4013/ESMMASK_epitope_FT_25_0.0001_1e-05_AUG_1_B4013_2.pt,epitope
ESMMASK_epitope_FT_20_0.0001_1e-06_AUG_3_B3909_1_per_token_metrics.csv,B3909,25.503489358084543,/global/scratch/users/sergiomar10/models/ESMC_Pretrain/HLAB3909/ESMMASK_epitope_FT_20_0.0001_1e-06_AUG_3_B3909_1.pt,epitope
ESMMASK_HLA_FT_25_0.0001_1e-05_AUG_1_B3909_2_per_token_metrics.csv,B3909,25.852873921394348,/global/scratch/users/sergiomar10/models/ESMC_Pretrain/HLAB3909/ESMMASK_HLA_FT_25_0.0001_1e-05_AUG_1_B3909_2.pt,HLA
ESMMASK_HLA_FT_25_1e-05_5e-05_AUG_3_A3207_1_per_token_metrics.csv,A3207,25.89099413273236,/global/scratch/users/sergiomar10/models/ESMC_Pretrain/HLAA3207/ESMMASK_HLA_FT_25_1e-05_5e-05_AUG_3_A3207_1.pt,HLA
ESMMASK_epitope_FT_25_0.0001_1e-05_AUG_1_B4013_1_per_token_metrics.csv,B4013,25.933544918894786,/global/scratch/users/sergiomar10/models/ESMC_Pretrain/HLAB4013/ESMMASK_epitope_FT_25_0.0001_1e-05_AUG_1_B4013_1.pt,epitope
ESMMASK_HLA_FT_20_1e-05_5e-05_AUG_1_A3207_2_per_token_metrics.csv,A3207,26.548299594358966,/global/scratch/users/sergiomar10/models/ESMC_Pretrain/HLAA3207/ESMMASK_HLA_FT_20_1e-05_5e-05_AUG_1_A3207_2.pt,HLA
ESMMASK_epitope_FT_15_0.001_1e-06_AUG_3_B4013_2_per_token_metrics.csv,B4013,26.592218922928442,/global/scratch/users/sergiomar10/models/ESMC_Pretrain/HLAB4013/ESMMASK_epitope_FT_15_0.001_1e-06_AUG_3_B4013_2.pt,epitope
ESMMASK_HLA_FT_15_0.001_5e-05_AUG_1_A0216_1_per_token_metrics.csv,A0216,26.831874408412506,/global/scratch/users/sergiomar10/models/ESMC_Pretrain/HLAA0216/ESMMASK_HLA_FT_15_0.001_5e-05_AUG_1_A0216_1.pt,HLA
ESMMASK_HLA_FT_20_0.001_1e-06_AUG_3_B2710_2_per_token_metrics.csv,B2710,29.838272094726562,/global/scratch/users/sergiomar10/models/ESMC_Pretrain/HLAB2710/ESMMASK_HLA_FT_20_0.001_1e-06_AUG_3_B2710_2.pt,HLA
ESMMASK_epitope_FT_20_0.001_5e-05_AUG_1_B4013_1_per_token_metrics.csv,B4013,29.861850159863632,/global/scratch/users/sergiomar10/models/ESMC_Pretrain/HLAB4013/ESMMASK_epitope_FT_20_0.001_5e-05_AUG_1_B4013_1.pt,epitope
ESMMASK_epitope_FT_20_1e-05_1e-05_AUG_1_B4013_2_per_token_metrics.csv,B4013,30.833885105734225,/global/scratch/users/sergiomar10/models/ESMC_Pretrain/HLAB4013/ESMMASK_epitope_FT_20_1e-05_1e-05_AUG_1_B4013_2.pt,epitope
ESMMASK_epitope_FT_25_0.0001_5e-05_AUG_1_B0802_2_per_token_metrics.csv,B0802,31.044894218444824,/global/scratch/users/sergiomar10/models/ESMC_Pretrain/HLAB0802/ESMMASK_epitope_FT_25_0.0001_5e-05_AUG_1_B0802_2.pt,epitope
ESMMASK_epitope_FT_15_0.001_5e-05_AUG_4_B3906_1_per_token_metrics.csv,B3906,31.632579275587755,/global/scratch/users/sergiomar10/models/ESMC_Pretrain/HLAB3906/ESMMASK_epitope_FT_15_0.001_5e-05_AUG_4_B3906_1.pt,epitope
ESMMASK_epitope_FT_20_0.001_1e-05_AUG_4_B3906_1_per_token_metrics.csv,B3906,31.908069975674152,/global/scratch/users/sergiomar10/models/ESMC_Pretrain/HLAB3906/ESMMASK_epitope_FT_20_0.001_1e-05_AUG_4_B3906_1.pt,epitope
ESMMASK_HLA_FT_20_1e-05_1e-05_AUG_4_A3215_1_per_token_metrics.csv,A3215,32.569763054211585,/global/scratch/users/sergiomar10/models/ESMC_Pretrain/HLAA3215/ESMMASK_HLA_FT_20_1e-05_1e-05_AUG_4_A3215_1.pt,HLA
ESMMASK_HLA_FT_25_0.001_5e-05_AUG_3_A2603_1_per_token_metrics.csv,A2603,32.83575448989868,/global/scratch/users/sergiomar10/models/ESMC_Pretrain/HLAA2603/ESMMASK_HLA_FT_25_0.001_5e-05_AUG_3_A2603_1.pt,HLA
ESMMASK_HLA_FT_15_1e-05_1e-06_AUG_4_A6823_2_per_token_metrics.csv,A6823,34.138386994600296,/global/scratch/users/sergiomar10/models/ESMC_Pretrain/HLAA6823/ESMMASK_HLA_FT_15_1e-05_1e-06_AUG_4_A6823_2.pt,HLA
ESMMASK_HLA_FT_15_0.001_1e-06_AUG_4_B0802_1_per_token_metrics.csv,B0802,34.14417235825677,/global/scratch/users/sergiomar10/models/ESMC_Pretrain/HLAB0802/ESMMASK_HLA_FT_15_0.001_1e-06_AUG_4_B0802_1.pt,HLA
ESMMASK_epitope_FT_15_1e-05_1e-05_AUG_4_A8001_1_per_token_metrics.csv,A8001,35.30941459486882,/global/scratch/users/sergiomar10/models/ESMC_Pretrain/HLAA8001/ESMMASK_epitope_FT_15_1e-05_1e-05_AUG_4_A8001_1.pt,epitope
ESMMASK_HLA_FT_15_1e-05_1e-05_AUG_3_A2603_1_per_token_metrics.csv,A2603,35.743328084548345,/global/scratch/users/sergiomar10/models/ESMC_Pretrain/HLAA2603/ESMMASK_HLA_FT_15_1e-05_1e-05_AUG_3_A2603_1.pt,HLA
ESMMASK_HLA_FT_20_0.001_1e-06_AUG_3_B4013_1_per_token_metrics.csv,B4013,36.13143718971488,/global/scratch/users/sergiomar10/models/ESMC_Pretrain/HLAB4013/ESMMASK_HLA_FT_20_0.001_1e-06_AUG_3_B4013_1.pt,HLA
ESMMASK_HLA_FT_20_1e-05_1e-06_AUG_1_A2602_1_per_token_metrics.csv,A2602,36.44791185925025,/global/scratch/users/sergiomar10/models/ESMC_Pretrain/HLAA2602/ESMMASK_HLA_FT_20_1e-05_1e-06_AUG_1_A2602_1.pt,HLA
ESMMASK_HLA_FT_15_1e-05_1e-05_AUG_4_B4013_2_per_token_metrics.csv,B4013,36.479360580444336,/global/scratch/users/sergiomar10/models/ESMC_Pretrain/HLAB4013/ESMMASK_HLA_FT_15_1e-05_1e-05_AUG_4_B4013_2.pt,HLA
ESMMASK_epitope_FT_20_0.001_1e-05_AUG_1_A3215_1_per_token_metrics.csv,A3215,36.73796096869877,/global/scratch/users/sergiomar10/models/ESMC_Pretrain/HLAA3215/ESMMASK_epitope_FT_20_0.001_1e-05_AUG_1_A3215_1.pt,epitope
ESMMASK_HLA_FT_20_1e-05_1e-06_AUG_3_B4013_1_per_token_metrics.csv,B4013,36.94494480556912,/global/scratch/users/sergiomar10/models/ESMC_Pretrain/HLAB4013/ESMMASK_HLA_FT_20_1e-05_1e-06_AUG_3_B4013_1.pt,HLA
ESMMASK_HLA_FT_20_0.001_1e-05_AUG_1_B2720_2_per_token_metrics.csv,B2720,37.20272215207418,/global/scratch/users/sergiomar10/models/ESMC_Pretrain/HLAB2720/ESMMASK_HLA_FT_20_0.001_1e-05_AUG_1_B2720_2.pt,HLA
ESMMASK_epitope_FT_15_0.001_1e-05_AUG_1_B4013_2_per_token_metrics.csv,B4013,37.205187956492104,/global/scratch/users/sergiomar10/models/ESMC_Pretrain/HLAB4013/ESMMASK_epitope_FT_15_0.001_1e-05_AUG_1_B4013_2.pt,epitope
ESMMASK_HLA_FT_20_1e-05_1e-05_AUG_4_B3906_2_per_token_metrics.csv,B3906,37.32879166222281,/global/scratch/users/sergiomar10/models/ESMC_Pretrain/HLAB3906/ESMMASK_HLA_FT_20_1e-05_1e-05_AUG_4_B3906_2.pt,HLA
ESMMASK_epitope_FT_20_1e-05_5e-05_AUG_4_A6823_2_per_token_metrics.csv,A6823,37.87429079277949,/global/scratch/users/sergiomar10/models/ESMC_Pretrain/HLAA6823/ESMMASK_epitope_FT_20_1e-05_5e-05_AUG_4_A6823_2.pt,epitope
ESMMASK_HLA_FT_25_1e-05_1e-06_AUG_4_B3906_1_per_token_metrics.csv,B3906,38.1801399230957,/global/scratch/users/sergiomar10/models/ESMC_Pretrain/HLAB3906/ESMMASK_HLA_FT_25_1e-05_1e-06_AUG_4_B3906_1.pt,HLA
ESMMASK_epitope_FT_20_1e-05_5e-05_AUG_3_A2602_1_per_token_metrics.csv,A2602,38.318950762351385,/global/scratch/users/sergiomar10/models/ESMC_Pretrain/HLAA2602/ESMMASK_epitope_FT_20_1e-05_5e-05_AUG_3_A2602_1.pt,epitope
ESMMASK_epitope_FT_15_0.0001_1e-06_AUG_1_B3909_2_per_token_metrics.csv,B3909,38.577469249644004,/global/scratch/users/sergiomar10/models/ESMC_Pretrain/HLAB3909/ESMMASK_epitope_FT_15_0.0001_1e-06_AUG_1_B3909_2.pt,epitope
ESMMASK_HLA_FT_20_0.001_5e-05_AUG_4_B3906_1_per_token_metrics.csv,B3906,39.29242277145386,/global/scratch/users/sergiomar10/models/ESMC_Pretrain/HLAB3906/ESMMASK_HLA_FT_20_0.001_5e-05_AUG_4_B3906_1.pt,HLA
ESMMASK_HLA_FT_25_1e-05_5e-05_AUG_4_A6812_1_per_token_metrics.csv,A6812,44.727685610453285,/global/scratch/users/sergiomar10/models/ESMC_Pretrain/HLAA6812/ESMMASK_HLA_FT_25_1e-05_5e-05_AUG_4_A6812_1.pt,HLA
ESMMASK_HLA_FT_15_1e-05_1e-06_AUG_3_B3909_1_per_token_metrics.csv,B3909,46.15834013621012,/global/scratch/users/sergiomar10/models/ESMC_Pretrain/HLAB3909/ESMMASK_HLA_FT_15_1e-05_1e-06_AUG_3_B3909_1.pt,HLA
ESMMASK_epitope_FT_15_1e-05_1e-05_AUG_4_B1509_2_per_token_metrics.csv,B1509,51.739658077557884,/global/scratch/users/sergiomar10/models/ESMC_Pretrain/HLAB1509/ESMMASK_epitope_FT_15_1e-05_1e-05_AUG_4_B1509_2.pt,epitope
ESMMASK_HLA_FT_25_1e-05_1e-06_AUG_3_B3909_2_per_token_metrics.csv,B3909,52.366329511006676,/global/scratch/users/sergiomar10/models/ESMC_Pretrain/HLAB3909/ESMMASK_HLA_FT_25_1e-05_1e-06_AUG_3_B3909_2.pt,HLA
ESMMASK_epitope_FT_20_1e-05_5e-05_AUG_3_A6812_2_per_token_metrics.csv,A6812,54.99967829386393,/global/scratch/users/sergiomar10/models/ESMC_Pretrain/HLAA6812/ESMMASK_epitope_FT_20_1e-05_5e-05_AUG_3_A6812_2.pt,epitope
ESMMASK_HLA_FT_25_1e-05_1e-06_AUG_4_A6812_1_per_token_metrics.csv,A6812,58.963162104288735,/global/scratch/users/sergiomar10/models/ESMC_Pretrain/HLAA6812/ESMMASK_HLA_FT_25_1e-05_1e-06_AUG_4_A6812_1.pt,HLA
ESMMASK_HLA_FT_20_1e-05_5e-05_AUG_1_B3909_1_per_token_metrics.csv,B3909,59.42726440429688,/global/scratch/users/sergiomar10/models/ESMC_Pretrain/HLAB3909/ESMMASK_HLA_FT_20_1e-05_5e-05_AUG_1_B3909_1.pt,HLA
ESMMASK_HLA_FT_20_1e-05_5e-05_AUG_1_B4013_2_per_token_metrics.csv,B4013,60.5893028866161,/global/scratch/users/sergiomar10/models/ESMC_Pretrain/HLAB4013/ESMMASK_HLA_FT_20_1e-05_5e-05_AUG_1_B4013_2.pt,HLA
ESMMASK_HLA_FT_15_1e-05_1e-05_AUG_4_B3909_2_per_token_metrics.csv,B3909,66.01412963867188,/global/scratch/users/sergiomar10/models/ESMC_Pretrain/HLAB3909/ESMMASK_HLA_FT_15_1e-05_1e-05_AUG_4_B3909_2.pt,HLA
ESMMASK_HLA_FT_25_1e-05_1e-05_AUG_4_A6812_1_per_token_metrics.csv,A6812,68.86533546447754,/global/scratch/users/sergiomar10/models/ESMC_Pretrain/HLAA6812/ESMMASK_HLA_FT_25_1e-05_1e-05_AUG_4_A6812_1.pt,HLA
ESMMASK_HLA_FT_15_1e-05_1e-05_AUG_1_A6812_2_per_token_metrics.csv,A6812,71.87898635864258,/global/scratch/users/sergiomar10/models/ESMC_Pretrain/HLAA6812/ESMMASK_HLA_FT_15_1e-05_1e-05_AUG_1_A6812_2.pt,HLA
ESMMASK_HLA_FT_15_1e-05_1e-05_AUG_3_A6812_2_per_token_metrics.csv,A6812,72.058349609375,/global/scratch/users/sergiomar10/models/ESMC_Pretrain/HLAA6812/ESMMASK_HLA_FT_15_1e-05_1e-05_AUG_3_A6812_2.pt,HLA
ESMMASK_HLA_FT_25_1e-05_5e-05_AUG_1_B3906_1_per_token_metrics.csv,B3906,73.32357788085938,/global/scratch/users/sergiomar10/models/ESMC_Pretrain/HLAB3906/ESMMASK_HLA_FT_25_1e-05_5e-05_AUG_1_B3906_1.pt,HLA
ESMMASK_HLA_FT_15_0.001_5e-05_AUG_1_B3909_1_per_token_metrics.csv,B3909,inf,/global/scratch/users/sergiomar10/models/ESMC_Pretrain/HLAB3909/ESMMASK_HLA_FT_15_0.001_5e-05_AUG_1_B3909_1.pt,HLA
ESMMASK_epitope_FT_20_0.001_5e-05_AUG_3_A3301_2_per_token_metrics.csv,A3301,inf,/global/scratch/users/sergiomar10/models/ESMC_Pretrain/HLAA3301/ESMMASK_epitope_FT_20_0.001_5e-05_AUG_3_A3301_2.pt,epitope
ESMMASK_epitope_FT_25_1e-05_5e-05_AUG_1_B1402_1_per_token_metrics.csv,B1402,inf,/global/scratch/users/sergiomar10/models/ESMC_Pretrain/HLAB1402/ESMMASK_epitope_FT_25_1e-05_5e-05_AUG_1_B1402_1.pt,epitope
ESMMASK_HLA_FT_15_1e-05_5e-05_AUG_1_B3909_2_per_token_metrics.csv,B3909,inf,/global/scratch/users/sergiomar10/models/ESMC_Pretrain/HLAB3909/ESMMASK_HLA_FT_15_1e-05_5e-05_AUG_1_B3909_2.pt,HLA
ESMMASK_HLA_FT_15_0.001_5e-05_AUG_1_B3909_2_per_token_metrics.csv,B3909,inf,/global/scratch/users/sergiomar10/models/ESMC_Pretrain/HLAB3909/ESMMASK_HLA_FT_15_0.001_5e-05_AUG_1_B3909_2.pt,HLA
ESMMASK_epitope_FT_25_0.001_1e-06_AUG_3_B3909_2_per_token_metrics.csv,B3909,inf,/global/scratch/users/sergiomar10/models/ESMC_Pretrain/HLAB3909/ESMMASK_epitope_FT_25_0.001_1e-06_AUG_3_B3909_2.pt,epitope
ESMMASK_epitope_FT_25_1e-05_5e-05_AUG_3_B3909_1_per_token_metrics.csv,B3909,inf,/global/scratch/users/sergiomar10/models/ESMC_Pretrain/HLAB3909/ESMMASK_epitope_FT_25_1e-05_5e-05_AUG_3_B3909_1.pt,epitope
ESMMASK_epitope_FT_25_1e-05_5e-05_AUG_3_B3909_2_per_token_metrics.csv,B3909,inf,/global/scratch/users/sergiomar10/models/ESMC_Pretrain/HLAB3909/ESMMASK_epitope_FT_25_1e-05_5e-05_AUG_3_B3909_2.pt,epitope
ESMMASK_HLA_FT_25_0.001_1e-06_AUG_1_A2603_1_per_token_metrics.csv,A2603,inf,/global/scratch/users/sergiomar10/models/ESMC_Pretrain/HLAA2603/ESMMASK_HLA_FT_25_0.001_1e-06_AUG_1_A2603_1.pt,HLA
ESMMASK_HLA_FT_25_1e-05_1e-06_AUG_1_A2603_2_per_token_metrics.csv,A2603,inf,/global/scratch/users/sergiomar10/models/ESMC_Pretrain/HLAA2603/ESMMASK_HLA_FT_25_1e-05_1e-06_AUG_1_A2603_2.pt,HLA
ESMMASK_HLA_FT_20_0.001_1e-06_AUG_1_B3909_1_per_token_metrics.csv,B3909,inf,/global/scratch/users/sergiomar10/models/ESMC_Pretrain/HLAB3909/ESMMASK_HLA_FT_20_0.001_1e-06_AUG_1_B3909_1.pt,HLA
ESMMASK_HLA_FT_20_0.001_1e-06_AUG_1_B3909_2_per_token_metrics.csv,B3909,inf,/global/scratch/users/sergiomar10/models/ESMC_Pretrain/HLAB3909/ESMMASK_HLA_FT_20_0.001_1e-06_AUG_1_B3909_2.pt,HLA
ESMMASK_HLA_FT_20_1e-05_1e-05_AUG_4_B3909_1_per_token_metrics.csv,B3909,inf,/global/scratch/users/sergiomar10/models/ESMC_Pretrain/HLAB3909/ESMMASK_HLA_FT_20_1e-05_1e-05_AUG_4_B3909_1.pt,HLA
ESMMASK_HLA_FT_20_1e-05_1e-06_AUG_1_B3909_2_per_token_metrics.csv,B3909,inf,/global/scratch/users/sergiomar10/models/ESMC_Pretrain/HLAB3909/ESMMASK_HLA_FT_20_1e-05_1e-06_AUG_1_B3909_2.pt,HLA
ESMMASK_HLA_FT_25_0.001_1e-06_AUG_1_B3909_2_per_token_metrics.csv,B3909,inf,/global/scratch/users/sergiomar10/models/ESMC_Pretrain/HLAB3909/ESMMASK_HLA_FT_25_0.001_1e-06_AUG_1_B3909_2.pt,HLA
ESMMASK_HLA_FT_25_1e-05_1e-06_AUG_1_B3909_1_per_token_metrics.csv,B3909,inf,/global/scratch/users/sergiomar10/models/ESMC_Pretrain/HLAB3909/ESMMASK_HLA_FT_25_1e-05_1e-06_AUG_1_B3909_1.pt,HLA
ESMMASK_HLA_FT_25_1e-05_5e-05_AUG_1_B3909_2_per_token_metrics.csv,B3909,inf,/global/scratch/users/sergiomar10/models/ESMC_Pretrain/HLAB3909/ESMMASK_HLA_FT_25_1e-05_5e-05_AUG_1_B3909_2.pt,HLA
ESMMASK_epitope_FT_15_0.0001_1e-05_AUG_3_B3909_2_per_token_metrics.csv,B3909,inf,/global/scratch/users/sergiomar10/models/ESMC_Pretrain/HLAB3909/ESMMASK_epitope_FT_15_0.0001_1e-05_AUG_3_B3909_2.pt,epitope
ESMMASK_epitope_FT_15_0.001_1e-06_AUG_1_B3909_2_per_token_metrics.csv,B3909,inf,/global/scratch/users/sergiomar10/models/ESMC_Pretrain/HLAB3909/ESMMASK_epitope_FT_15_0.001_1e-06_AUG_1_B3909_2.pt,epitope
ESMMASK_epitope_FT_15_1e-05_1e-05_AUG_3_B3909_1_per_token_metrics.csv,B3909,inf,/global/scratch/users/sergiomar10/models/ESMC_Pretrain/HLAB3909/ESMMASK_epitope_FT_15_1e-05_1e-05_AUG_3_B3909_1.pt,epitope
ESMMASK_epitope_FT_20_0.001_1e-05_AUG_1_B3909_2_per_token_metrics.csv,B3909,inf,/global/scratch/users/sergiomar10/models/ESMC_Pretrain/HLAB3909/ESMMASK_epitope_FT_20_0.001_1e-05_AUG_1_B3909_2.pt,epitope
ESMMASK_epitope_FT_20_1e-05_1e-06_AUG_1_B3909_1_per_token_metrics.csv,B3909,inf,/global/scratch/users/sergiomar10/models/ESMC_Pretrain/HLAB3909/ESMMASK_epitope_FT_20_1e-05_1e-06_AUG_1_B3909_1.pt,epitope
ESMMASK_epitope_FT_20_1e-05_1e-06_AUG_1_B3909_2_per_token_metrics.csv,B3909,inf,/global/scratch/users/sergiomar10/models/ESMC_Pretrain/HLAB3909/ESMMASK_epitope_FT_20_1e-05_1e-06_AUG_1_B3909_2.pt,epitope
ESMMASK_epitope_FT_20_1e-05_1e-06_AUG_3_B3909_1_per_token_metrics.csv,B3909,inf,/global/scratch/users/sergiomar10/models/ESMC_Pretrain/HLAB3909/ESMMASK_epitope_FT_20_1e-05_1e-06_AUG_3_B3909_1.pt,epitope
ESMMASK_epitope_FT_20_1e-05_5e-05_AUG_1_B3909_2_per_token_metrics.csv,B3909,inf,/global/scratch/users/sergiomar10/models/ESMC_Pretrain/HLAB3909/ESMMASK_epitope_FT_20_1e-05_5e-05_AUG_1_B3909_2.pt,epitope
ESMMASK_HLA_FT_15_1e-05_1e-05_AUG_1_B4013_1_per_token_metrics.csv,B4013,inf,/global/scratch/users/sergiomar10/models/ESMC_Pretrain/HLAB4013/ESMMASK_HLA_FT_15_1e-05_1e-05_AUG_1_B4013_1.pt,HLA
ESMMASK_HLA_FT_15_1e-05_1e-05_AUG_1_B4013_2_per_token_metrics.csv,B4013,inf,/global/scratch/users/sergiomar10/models/ESMC_Pretrain/HLAB4013/ESMMASK_HLA_FT_15_1e-05_1e-05_AUG_1_B4013_2.pt,HLA
ESMMASK_HLA_FT_20_0.001_1e-05_AUG_1_B4013_2_per_token_metrics.csv,B4013,inf,/global/scratch/users/sergiomar10/models/ESMC_Pretrain/HLAB4013/ESMMASK_HLA_FT_20_0.001_1e-05_AUG_1_B4013_2.pt,HLA
ESMMASK_HLA_FT_20_0.001_1e-06_AUG_3_B4013_2_per_token_metrics.csv,B4013,inf,/global/scratch/users/sergiomar10/models/ESMC_Pretrain/HLAB4013/ESMMASK_HLA_FT_20_0.001_1e-06_AUG_3_B4013_2.pt,HLA
ESMMASK_HLA_FT_20_1e-05_1e-05_AUG_1_B4013_2_per_token_metrics.csv,B4013,inf,/global/scratch/users/sergiomar10/models/ESMC_Pretrain/HLAB4013/ESMMASK_HLA_FT_20_1e-05_1e-05_AUG_1_B4013_2.pt,HLA
ESMMASK_HLA_FT_20_1e-05_1e-05_AUG_3_B4013_1_per_token_metrics.csv,B4013,inf,/global/scratch/users/sergiomar10/models/ESMC_Pretrain/HLAB4013/ESMMASK_HLA_FT_20_1e-05_1e-05_AUG_3_B4013_1.pt,HLA
ESMMASK_HLA_FT_15_0.001_1e-06_AUG_1_B4013_1_per_token_metrics.csv,B4013,inf,/global/scratch/users/sergiomar10/models/ESMC_Pretrain/HLAB4013/ESMMASK_HLA_FT_15_0.001_1e-06_AUG_1_B4013_1.pt,HLA
ESMMASK_HLA_FT_25_0.001_1e-05_AUG_1_B4013_1_per_token_metrics.csv,B4013,inf,/global/scratch/users/sergiomar10/models/ESMC_Pretrain/HLAB4013/ESMMASK_HLA_FT_25_0.001_1e-05_AUG_1_B4013_1.pt,HLA
ESMMASK_HLA_FT_25_1e-05_1e-05_AUG_1_B4013_2_per_token_metrics.csv,B4013,inf,/global/scratch/users/sergiomar10/models/ESMC_Pretrain/HLAB4013/ESMMASK_HLA_FT_25_1e-05_1e-05_AUG_1_B4013_2.pt,HLA
ESMMASK_HLA_FT_25_1e-05_1e-05_AUG_3_B4013_2_per_token_metrics.csv,B4013,inf,/global/scratch/users/sergiomar10/models/ESMC_Pretrain/HLAB4013/ESMMASK_HLA_FT_25_1e-05_1e-05_AUG_3_B4013_2.pt,HLA
ESMMASK_HLA_FT_25_1e-05_5e-05_AUG_1_B4013_1_per_token_metrics.csv,B4013,inf,/global/scratch/users/sergiomar10/models/ESMC_Pretrain/HLAB4013/ESMMASK_HLA_FT_25_1e-05_5e-05_AUG_1_B4013_1.pt,HLA
ESMMASK_epitope_FT_15_1e-05_1e-06_AUG_3_B5501_2_per_token_metrics.csv,B5501,inf,/global/scratch/users/sergiomar10/models/ESMC_Pretrain/HLAB5501/ESMMASK_epitope_FT_15_1e-05_1e-06_AUG_3_B5501_2.pt,epitope
ESMMASK_epitope_FT_25_1e-05_5e-05_AUG_3_B5501_1_per_token_metrics.csv,B5501,inf,/global/scratch/users/sergiomar10/models/ESMC_Pretrain/HLAB5501/ESMMASK_epitope_FT_25_1e-05_5e-05_AUG_3_B5501_1.pt,epitope
ESMMASK_epitope_FT_25_1e-05_1e-05_AUG_4_A0204_2_per_token_metrics.csv,A0204,inf,/global/scratch/users/sergiomar10/models/ESMC_Pretrain/HLAA0204/ESMMASK_epitope_FT_25_1e-05_1e-05_AUG_4_A0204_2.pt,epitope
ESMMASK_epitope_FT_15_1e-05_1e-06_AUG_3_B4013_2_per_token_metrics.csv,B4013,inf,/global/scratch/users/sergiomar10/models/ESMC_Pretrain/HLAB4013/ESMMASK_epitope_FT_15_1e-05_1e-06_AUG_3_B4013_2.pt,epitope
ESMMASK_epitope_FT_15_1e-05_1e-06_AUG_4_B4013_1_per_token_metrics.csv,B4013,inf,/global/scratch/users/sergiomar10/models/ESMC_Pretrain/HLAB4013/ESMMASK_epitope_FT_15_1e-05_1e-06_AUG_4_B4013_1.pt,epitope
ESMMASK_epitope_FT_15_1e-05_5e-05_AUG_1_B4013_2_per_token_metrics.csv,B4013,inf,/global/scratch/users/sergiomar10/models/ESMC_Pretrain/HLAB4013/ESMMASK_epitope_FT_15_1e-05_5e-05_AUG_1_B4013_2.pt,epitope
ESMMASK_epitope_FT_20_1e-05_5e-05_AUG_1_B4013_2_per_token_metrics.csv,B4013,inf,/global/scratch/users/sergiomar10/models/ESMC_Pretrain/HLAB4013/ESMMASK_epitope_FT_20_1e-05_5e-05_AUG_1_B4013_2.pt,epitope
ESMMASK_epitope_FT_25_1e-05_1e-05_AUG_3_A1101_1_per_token_metrics.csv,A1101,inf,/global/scratch/users/sergiomar10/models/ESMC_Pretrain/HLAA1101/ESMMASK_epitope_FT_25_1e-05_1e-05_AUG_3_A1101_1.pt,epitope
ESMMASK_epitope_FT_20_0.001_5e-05_AUG_1_HLAA1101_1_per_token_metrics.csv,A1101,inf,/global/scratch/users/sergiomar10/models/ESMC_Pretrain/HLAA1101/ESMMASK_epitope_FT_20_0.001_5e-05_AUG_1_HLAA1101_1.pt,epitope
ESMMASK_epitope_FT_20_1e-05_1e-05_AUG_1_A1101_2_per_token_metrics.csv,A1101,inf,/global/scratch/users/sergiomar10/models/ESMC_Pretrain/HLAA1101/ESMMASK_epitope_FT_20_1e-05_1e-05_AUG_1_A1101_2.pt,epitope
ESMMASK_epitope_FT_20_1e-05_1e-05_AUG_3_A1101_2_per_token_metrics.csv,A1101,inf,/global/scratch/users/sergiomar10/models/ESMC_Pretrain/HLAA1101/ESMMASK_epitope_FT_20_1e-05_1e-05_AUG_3_A1101_2.pt,epitope
ESMMASK_epitope_FT_20_1e-05_1e-06_AUG_4_A1101_2_per_token_metrics.csv,A1101,inf,/global/scratch/users/sergiomar10/models/ESMC_Pretrain/HLAA1101/ESMMASK_epitope_FT_20_1e-05_1e-06_AUG_4_A1101_2.pt,epitope
ESMMASK_epitope_FT_15_1e-05_1e-05_AUG_3_A1101_1_per_token_metrics.csv,A1101,inf,/global/scratch/users/sergiomar10/models/ESMC_Pretrain/HLAA1101/ESMMASK_epitope_FT_15_1e-05_1e-05_AUG_3_A1101_1.pt,epitope
ESMMASK_HLA_FT_20_0.001_1e-05_AUG_1_A3215_1_per_token_metrics.csv,A3215,inf,/global/scratch/users/sergiomar10/models/ESMC_Pretrain/HLAA3215/ESMMASK_HLA_FT_20_0.001_1e-05_AUG_1_A3215_1.pt,HLA
ESMMASK_HLA_FT_20_1e-05_1e-06_AUG_1_A0212_2_per_token_metrics.csv,A0212,inf,/global/scratch/users/sergiomar10/models/ESMC_Pretrain/HLAA0212/ESMMASK_HLA_FT_20_1e-05_1e-06_AUG_1_A0212_2.pt,HLA
ESMMASK_epitope_FT_15_1e-05_1e-06_AUG_4_A0212_2_per_token_metrics.csv,A0212,inf,/global/scratch/users/sergiomar10/models/ESMC_Pretrain/HLAA0212/ESMMASK_epitope_FT_15_1e-05_1e-06_AUG_4_A0212_2.pt,epitope
ESMMASK_epitope_FT_15_1e-05_5e-05_AUG_1_A3215_2_per_token_metrics.csv,A3215,inf,/global/scratch/users/sergiomar10/models/ESMC_Pretrain/HLAA3215/ESMMASK_epitope_FT_15_1e-05_5e-05_AUG_1_A3215_2.pt,epitope
ESMMASK_epitope_FT_15_1e-05_1e-06_AUG_1_B0702_2_per_token_metrics.csv,B0702,inf,/global/scratch/users/sergiomar10/models/ESMC_Pretrain/HLAB0702/ESMMASK_epitope_FT_15_1e-05_1e-06_AUG_1_B0702_2.pt,epitope
ESMMASK_epitope_FT_15_1e-05_1e-05_AUG_1_A1101_2_per_token_metrics.csv,A1101,inf,/global/scratch/users/sergiomar10/models/ESMC_Pretrain/HLAA1101/ESMMASK_epitope_FT_15_1e-05_1e-05_AUG_1_A1101_2.pt,epitope
ESMMASK_epitope_FT_25_1e-05_1e-06_AUG_4_A3002_1_per_token_metrics.csv,A3002,inf,/global/scratch/users/sergiomar10/models/ESMC_Pretrain/HLAA3002/ESMMASK_epitope_FT_25_1e-05_1e-06_AUG_4_A3002_1.pt,epitope
ESMMASK_HLA_FT_20_1e-05_1e-06_AUG_1_A0101_2_per_token_metrics.csv,A0101,inf,/global/scratch/users/sergiomar10/models/ESMC_Pretrain/HLAA0101/ESMMASK_HLA_FT_20_1e-05_1e-06_AUG_1_A0101_2.pt,HLA
ESMMASK_epitope_FT_15_1e-05_1e-05_AUG_3_B3901_2_per_token_metrics.csv,B3901,inf,/global/scratch/users/sergiomar10/models/ESMC_Pretrain/HLAB3901/ESMMASK_epitope_FT_15_1e-05_1e-05_AUG_3_B3901_2.pt,epitope
ESMMASK_epitope_FT_20_1e-05_1e-06_AUG_1_B3901_2_per_token_metrics.csv,B3901,inf,/global/scratch/users/sergiomar10/models/ESMC_Pretrain/HLAB3901/ESMMASK_epitope_FT_20_1e-05_1e-06_AUG_1_B3901_2.pt,epitope
ESMMASK_epitope_FT_25_1e-05_1e-05_AUG_3_B4801_2_per_token_metrics.csv,B4801,inf,/global/scratch/users/sergiomar10/models/ESMC_Pretrain/HLAB4801/ESMMASK_epitope_FT_25_1e-05_1e-05_AUG_3_B4801_2.pt,epitope
ESMMASK_epitope_FT_25_1e-05_1e-06_AUG_3_B4801_1_per_token_metrics.csv,B4801,inf,/global/scratch/users/sergiomar10/models/ESMC_Pretrain/HLAB4801/ESMMASK_epitope_FT_25_1e-05_1e-06_AUG_3_B4801_1.pt,epitope
ESMMASK_epitope_FT_25_1e-05_1e-06_AUG_3_A0101_2_per_token_metrics.csv,A0101,inf,/global/scratch/users/sergiomar10/models/ESMC_Pretrain/HLAA0101/ESMMASK_epitope_FT_25_1e-05_1e-06_AUG_3_A0101_2.pt,epitope
ESMMASK_HLA_FT_15_0.001_1e-05_AUG_1_B4801_1_per_token_metrics.csv,B4801,inf,/global/scratch/users/sergiomar10/models/ESMC_Pretrain/HLAB4801/ESMMASK_HLA_FT_15_0.001_1e-05_AUG_1_B4801_1.pt,HLA
ESMMASK_epitope_FT_25_1e-05_1e-06_AUG_3_B4403_1_per_token_metrics.csv,B4403,inf,/global/scratch/users/sergiomar10/models/ESMC_Pretrain/HLAB4403/ESMMASK_epitope_FT_25_1e-05_1e-06_AUG_3_B4403_1.pt,epitope
ESMMASK_epitope_FT_15_1e-05_1e-05_AUG_3_B5802_2_per_token_metrics.csv,B5802,inf,/global/scratch/users/sergiomar10/models/ESMC_Pretrain/HLAB5802/ESMMASK_epitope_FT_15_1e-05_1e-05_AUG_3_B5802_2.pt,epitope
ESMMASK_epitope_FT_25_1e-05_1e-05_AUG_1_B4013_1_per_token_metrics.csv,B4013,inf,/global/scratch/users/sergiomar10/models/ESMC_Pretrain/HLAB4013/ESMMASK_epitope_FT_25_1e-05_1e-05_AUG_1_B4013_1.pt,epitope
ESMMASK_epitope_FT_25_1e-05_1e-05_AUG_3_B4013_2_per_token_metrics.csv,B4013,inf,/global/scratch/users/sergiomar10/models/ESMC_Pretrain/HLAB4013/ESMMASK_epitope_FT_25_1e-05_1e-05_AUG_3_B4013_2.pt,epitope
ESMMASK_epitope_FT_25_1e-05_1e-06_AUG_1_B4013_1_per_token_metrics.csv,B4013,inf,/global/scratch/users/sergiomar10/models/ESMC_Pretrain/HLAB4013/ESMMASK_epitope_FT_25_1e-05_1e-06_AUG_1_B4013_1.pt,epitope
ESMMASK_epitope_FT_15_1e-05_1e-06_AUG_3_B5301_1_per_token_metrics.csv,B5301,inf,/global/scratch/users/sergiomar10/models/ESMC_Pretrain/HLAB5301/ESMMASK_epitope_FT_15_1e-05_1e-06_AUG_3_B5301_1.pt,epitope
ESMMASK_epitope_FT_20_0.001_5e-05_AUG_1_C0702_2_per_token_metrics.csv,C0702,inf,/global/scratch/users/sergiomar10/models/ESMC_Pretrain/HLAC0702/ESMMASK_epitope_FT_20_0.001_5e-05_AUG_1_C0702_2.pt,epitope
ESMMASK_epitope_FT_15_1e-05_5e-05_AUG_1_C0702_2_per_token_metrics.csv,C0702,inf,/global/scratch/users/sergiomar10/models/ESMC_Pretrain/HLAC0702/ESMMASK_epitope_FT_15_1e-05_5e-05_AUG_1_C0702_2.pt,epitope
ESMMASK_epitope_FT_25_1e-05_1e-06_AUG_4_C0303_2_per_token_metrics.csv,C0303,inf,/global/scratch/users/sergiomar10/models/ESMC_Pretrain/HLAC0303/ESMMASK_epitope_FT_25_1e-05_1e-06_AUG_4_C0303_2.pt,epitope
ESMMASK_epitope_FT_25_1e-05_1e-06_AUG_3_A0202_2_per_token_metrics.csv,A0202,inf,/global/scratch/users/sergiomar10/models/ESMC_Pretrain/HLAA0202/ESMMASK_epitope_FT_25_1e-05_1e-06_AUG_3_A0202_2.pt,epitope
ESMMASK_epitope_FT_15_1e-05_1e-06_AUG_4_B5101_1_per_token_metrics.csv,B5101,inf,/global/scratch/users/sergiomar10/models/ESMC_Pretrain/HLAB5101/ESMMASK_epitope_FT_15_1e-05_1e-06_AUG_4_B5101_1.pt,epitope
ESMMASK_HLA_FT_20_1e-05_1e-06_AUG_4_B5101_2_per_token_metrics.csv,B5101,inf,/global/scratch/users/sergiomar10/models/ESMC_Pretrain/HLAB5101/ESMMASK_HLA_FT_20_1e-05_1e-06_AUG_4_B5101_2.pt,HLA
ESMMASK_epitope_FT_25_1e-05_1e-06_AUG_4_C0501_2_per_token_metrics.csv,C0501,inf,/global/scratch/users/sergiomar10/models/ESMC_Pretrain/HLAC0501/ESMMASK_epitope_FT_25_1e-05_1e-06_AUG_4_C0501_2.pt,epitope
ESMMASK_epitope_FT_20_1e-05_1e-06_AUG_1_A3001_2_per_token_metrics.csv,A3001,inf,/global/scratch/users/sergiomar10/models/ESMC_Pretrain/HLAA3001/ESMMASK_epitope_FT_20_1e-05_1e-06_AUG_1_A3001_2.pt,epitope
ESMMASK_epitope_FT_25_1e-05_1e-05_AUG_1_A3001_1_per_token_metrics.csv,A3001,inf,/global/scratch/users/sergiomar10/models/ESMC_Pretrain/HLAA3001/ESMMASK_epitope_FT_25_1e-05_1e-05_AUG_1_A3001_1.pt,epitope
ESMMASK_epitope_FT_20_1e-05_1e-05_AUG_1_B5101_1_per_token_metrics.csv,B5101,inf,/global/scratch/users/sergiomar10/models/ESMC_Pretrain/HLAB5101/ESMMASK_epitope_FT_20_1e-05_1e-05_AUG_1_B5101_1.pt,epitope
ESMMASK_epitope_FT_20_1e-05_1e-06_AUG_1_B5101_2_per_token_metrics.csv,B5101,inf,/global/scratch/users/sergiomar10/models/ESMC_Pretrain/HLAB5101/ESMMASK_epitope_FT_20_1e-05_1e-06_AUG_1_B5101_2.pt,epitope
ESMMASK_epitope_FT_15_1e-05_1e-06_AUG_3_A1101_1_per_token_metrics.csv,A1101,inf,/global/scratch/users/sergiomar10/models/ESMC_Pretrain/HLAA1101/ESMMASK_epitope_FT_15_1e-05_1e-06_AUG_3_A1101_1.pt,epitope
ESMMASK_epitope_FT_25_1e-05_1e-05_AUG_3_B4201_2_per_token_metrics.csv,B4201,inf,/global/scratch/users/sergiomar10/models/ESMC_Pretrain/HLAB4201/ESMMASK_epitope_FT_25_1e-05_1e-05_AUG_3_B4201_2.pt,epitope
ESMMASK_epitope_FT_25_1e-05_1e-06_AUG_1_B4201_2_per_token_metrics.csv,B4201,inf,/global/scratch/users/sergiomar10/models/ESMC_Pretrain/HLAB4201/ESMMASK_epitope_FT_25_1e-05_1e-06_AUG_1_B4201_2.pt,epitope
ESMMASK_HLA_FT_15_0.001_5e-05_AUG_1_A0212_2_per_token_metrics.csv,A0212,inf,/global/scratch/users/sergiomar10/models/ESMC_Pretrain/HLAA0212/ESMMASK_HLA_FT_15_0.001_5e-05_AUG_1_A0212_2.pt,HLA
ESMMASK_epitope_FT_25_1e-05_1e-05_AUG_1_B5101_2_per_token_metrics.csv,B5101,inf,/global/scratch/users/sergiomar10/models/ESMC_Pretrain/HLAB5101/ESMMASK_epitope_FT_25_1e-05_1e-05_AUG_1_B5101_2.pt,epitope
ESMMASK_epitope_FT_25_1e-05_1e-05_AUG_3_B5101_1_per_token_metrics.csv,B5101,inf,/global/scratch/users/sergiomar10/models/ESMC_Pretrain/HLAB5101/ESMMASK_epitope_FT_25_1e-05_1e-05_AUG_3_B5101_1.pt,epitope
ESMMASK_epitope_FT_20_1e-05_1e-05_AUG_1_B7301_2_per_token_metrics.csv,B7301,inf,/global/scratch/users/sergiomar10/models/ESMC_Pretrain/HLAB7301/ESMMASK_epitope_FT_20_1e-05_1e-05_AUG_1_B7301_2.pt,epitope
ESMMASK_epitope_FT_25_1e-05_1e-05_AUG_3_C0303_1_per_token_metrics.csv,C0303,inf,/global/scratch/users/sergiomar10/models/ESMC_Pretrain/HLAC0303/ESMMASK_epitope_FT_25_1e-05_1e-05_AUG_3_C0303_1.pt,epitope
ESMMASK_epitope_FT_25_1e-05_1e-05_AUG_1_B7301_2_per_token_metrics.csv,B7301,inf,/global/scratch/users/sergiomar10/models/ESMC_Pretrain/HLAB7301/ESMMASK_epitope_FT_25_1e-05_1e-05_AUG_1_B7301_2.pt,epitope
ESMMASK_epitope_FT_25_1e-05_5e-05_AUG_1_B7301_1_per_token_metrics.csv,B7301,inf,/global/scratch/users/sergiomar10/models/ESMC_Pretrain/HLAB7301/ESMMASK_epitope_FT_25_1e-05_5e-05_AUG_1_B7301_1.pt,epitope
ESMMASK_epitope_FT_20_1e-05_1e-05_AUG_3_C1502_2_per_token_metrics.csv,C1502,inf,/global/scratch/users/sergiomar10/models/ESMC_Pretrain/HLAC1502/ESMMASK_epitope_FT_20_1e-05_1e-05_AUG_3_C1502_2.pt,epitope
ESMMASK_epitope_FT_20_1e-05_1e-06_AUG_4_C1502_2_per_token_metrics.csv,C1502,inf,/global/scratch/users/sergiomar10/models/ESMC_Pretrain/HLAC1502/ESMMASK_epitope_FT_20_1e-05_1e-06_AUG_4_C1502_2.pt,epitope
ESMMASK_epitope_FT_15_1e-05_1e-05_AUG_1_B2702_1_per_token_metrics.csv,B2702,inf,/global/scratch/users/sergiomar10/models/ESMC_Pretrain/HLAB2702/ESMMASK_epitope_FT_15_1e-05_1e-05_AUG_1_B2702_1.pt,epitope
ESMMASK_epitope_FT_20_1e-05_1e-06_AUG_3_A6823_2_per_token_metrics.csv,A6823,inf,/global/scratch/users/sergiomar10/models/ESMC_Pretrain/HLAA6823/ESMMASK_epitope_FT_20_1e-05_1e-06_AUG_3_A6823_2.pt,epitope
ESMMASK_epitope_FT_20_1e-05_1e-06_AUG_4_C0401_1_per_token_metrics.csv,C0401,inf,/global/scratch/users/sergiomar10/models/ESMC_Pretrain/HLAC0401/ESMMASK_epitope_FT_20_1e-05_1e-06_AUG_4_C0401_1.pt,epitope
ESMMASK_epitope_FT_15_1e-05_1e-06_AUG_3_B2702_1_per_token_metrics.csv,B2702,inf,/global/scratch/users/sergiomar10/models/ESMC_Pretrain/HLAB2702/ESMMASK_epitope_FT_15_1e-05_1e-06_AUG_3_B2702_1.pt,epitope
ESMMASK_epitope_FT_15_1e-05_1e-05_AUG_1_A1101_2_per_token_metrics.csv,A1101,inf,/global/scratch/users/sergiomar10/models/ESMC_Pretrain/HLAA1101/ESMMASK_epitope_FT_15_1e-05_1e-05_AUG_1_A1101_2.pt,epitope
ESMMASK_epitope_FT_15_1e-05_1e-05_AUG_3_A1101_1_per_token_metrics.csv,A1101,inf,/global/scratch/users/sergiomar10/models/ESMC_Pretrain/HLAA1101/ESMMASK_epitope_FT_15_1e-05_1e-05_AUG_3_A1101_1.pt,epitope
ESMMASK_epitope_FT_15_1e-05_1e-06_AUG_3_A1101_1_per_token_metrics.csv,A1101,inf,/global/scratch/users/sergiomar10/models/ESMC_Pretrain/HLAA1101/ESMMASK_epitope_FT_15_1e-05_1e-06_AUG_3_A1101_1.pt,epitope
ESMMASK_epitope_FT_25_1e-05_1e-06_AUG_1_C0401_1_per_token_metrics.csv,C0401,inf,/global/scratch/users/sergiomar10/models/ESMC_Pretrain/HLAC0401/ESMMASK_epitope_FT_25_1e-05_1e-06_AUG_1_C0401_1.pt,epitope
ESMMASK_HLA_FT_15_1e-05_5e-05_AUG_1_A0202_1_per_token_metrics.csv,A0202,inf,/global/scratch/users/sergiomar10/models/ESMC_Pretrain/HLAA0202/ESMMASK_HLA_FT_15_1e-05_5e-05_AUG_1_A0202_1.pt,HLA
ESMMASK_epitope_FT_15_1e-05_1e-06_AUG_4_C0401_2_per_token_metrics.csv,C0401,inf,/global/scratch/users/sergiomar10/models/ESMC_Pretrain/HLAC0401/ESMMASK_epitope_FT_15_1e-05_1e-06_AUG_4_C0401_2.pt,epitope
ESMMASK_HLA_FT_20_1e-05_1e-06_AUG_4_B1501_2_per_token_metrics.csv,B1501,inf,/global/scratch/users/sergiomar10/models/ESMC_Pretrain/HLAB1501/ESMMASK_HLA_FT_20_1e-05_1e-06_AUG_4_B1501_2.pt,HLA
ESMMASK_HLA_FT_25_1e-05_1e-06_AUG_1_B1501_1_per_token_metrics.csv,B1501,inf,/global/scratch/users/sergiomar10/models/ESMC_Pretrain/HLAB1501/ESMMASK_HLA_FT_25_1e-05_1e-06_AUG_1_B1501_1.pt,HLA
ESMMASK_epitope_FT_25_1e-05_1e-05_AUG_3_A1101_1_per_token_metrics.csv,A1101,inf,/global/scratch/users/sergiomar10/models/ESMC_Pretrain/HLAA1101/ESMMASK_epitope_FT_25_1e-05_1e-05_AUG_3_A1101_1.pt,epitope
ESMMASK_epitope_FT_20_1e-05_1e-06_AUG_4_A1101_2_per_token_metrics.csv,A1101,inf,/global/scratch/users/sergiomar10/models/ESMC_Pretrain/HLAA1101/ESMMASK_epitope_FT_20_1e-05_1e-06_AUG_4_A1101_2.pt,epitope
ESMMASK_epitope_FT_20_0.001_5e-05_AUG_1_HLAA1101_1_per_token_metrics.csv,A1101,inf,/global/scratch/users/sergiomar10/models/ESMC_Pretrain/HLAA1101/ESMMASK_epitope_FT_20_0.001_5e-05_AUG_1_HLAA1101_1.pt,epitope
ESMMASK_epitope_FT_20_1e-05_1e-05_AUG_1_A1101_2_per_token_metrics.csv,A1101,inf,/global/scratch/users/sergiomar10/models/ESMC_Pretrain/HLAA1101/ESMMASK_epitope_FT_20_1e-05_1e-05_AUG_1_A1101_2.pt,epitope
ESMMASK_epitope_FT_20_1e-05_1e-05_AUG_3_A1101_2_per_token_metrics.csv,A1101,inf,/global/scratch/users/sergiomar10/models/ESMC_Pretrain/HLAA1101/ESMMASK_epitope_FT_20_1e-05_1e-05_AUG_3_A1101_2.pt,epitope
ESMMASK_HLA_FT_20_1e-05_1e-06_AUG_1_A2501_2_per_token_metrics.csv,A2501,inf,/global/scratch/users/sergiomar10/models/ESMC_Pretrain/HLAA2501/ESMMASK_HLA_FT_20_1e-05_1e-06_AUG_1_A2501_2.pt,HLA
ESMMASK_epitope_FT_15_1e-05_5e-05_AUG_1_B1501_2_per_token_metrics.csv,B1501,inf,/global/scratch/users/sergiomar10/models/ESMC_Pretrain/HLAB1501/ESMMASK_epitope_FT_15_1e-05_5e-05_AUG_1_B1501_2.pt,epitope
ESMMASK_epitope_FT_25_1e-05_1e-06_AUG_4_B1501_2_per_token_metrics.csv,B1501,inf,/global/scratch/users/sergiomar10/models/ESMC_Pretrain/HLAB1501/ESMMASK_epitope_FT_25_1e-05_1e-06_AUG_4_B1501_2.pt,epitope
ESMMASK_epitope_FT_20_1e-05_1e-05_AUG_1_A0301_2_per_token_metrics.csv,A0301,inf,/global/scratch/users/sergiomar10/models/ESMC_Pretrain/HLAA0301/ESMMASK_epitope_FT_20_1e-05_1e-05_AUG_1_A0301_2.pt,epitope
ESMMASK_epitope_FT_25_1e-05_1e-06_AUG_1_A0301_2_per_token_metrics.csv,A0301,inf,/global/scratch/users/sergiomar10/models/ESMC_Pretrain/HLAA0301/ESMMASK_epitope_FT_25_1e-05_1e-06_AUG_1_A0301_2.pt,epitope
ESMMASK_epitope_FT_20_1e-05_1e-05_AUG_3_A0216_2_per_token_metrics.csv,A0216,inf,/global/scratch/users/sergiomar10/models/ESMC_Pretrain/HLAA0216/ESMMASK_epitope_FT_20_1e-05_1e-05_AUG_3_A0216_2.pt,epitope
ESMMASK_epitope_FT_25_1e-05_1e-05_AUG_1_A0216_1_per_token_metrics.csv,A0216,inf,/global/scratch/users/sergiomar10/models/ESMC_Pretrain/HLAA0216/ESMMASK_epitope_FT_25_1e-05_1e-05_AUG_1_A0216_1.pt,epitope
ESMMASK_HLA_FT_15_1e-05_1e-06_AUG_4_B2720_1_per_token_metrics.csv,B2720,inf,/global/scratch/users/sergiomar10/models/ESMC_Pretrain/HLAB2720/ESMMASK_HLA_FT_15_1e-05_1e-06_AUG_4_B2720_1.pt,HLA
ESMMASK_epitope_FT_20_0.001_1e-05_AUG_1_B2720_2_per_token_metrics.csv,B2720,inf,/global/scratch/users/sergiomar10/models/ESMC_Pretrain/HLAB2720/ESMMASK_epitope_FT_20_0.001_1e-05_AUG_1_B2720_2.pt,epitope
ESMMASK_epitope_FT_25_1e-05_1e-05_AUG_3_B2720_2_per_token_metrics.csv,B2720,inf,/global/scratch/users/sergiomar10/models/ESMC_Pretrain/HLAB2720/ESMMASK_epitope_FT_25_1e-05_1e-05_AUG_3_B2720_2.pt,epitope
ESMMASK_epitope_FT_20_0.001_5e-05_AUG_1_A0216_2_per_token_metrics.csv,A0216,inf,/global/scratch/users/sergiomar10/models/ESMC_Pretrain/HLAA0216/ESMMASK_epitope_FT_20_0.001_5e-05_AUG_1_A0216_2.pt,epitope
ESMMASK_epitope_FT_25_1e-05_1e-05_AUG_1_B1542_1_per_token_metrics.csv,B1542,inf,/global/scratch/users/sergiomar10/models/ESMC_Pretrain/HLAB1542/ESMMASK_epitope_FT_25_1e-05_1e-05_AUG_1_B1542_1.pt,epitope
ESMMASK_HLA_FT_25_0.001_1e-06_AUG_4_B0802_2_per_token_metrics.csv,B0802,inf,/global/scratch/users/sergiomar10/models/ESMC_Pretrain/HLAB0802/ESMMASK_HLA_FT_25_0.001_1e-06_AUG_4_B0802_2.pt,HLA
ESMMASK_HLA_FT_25_0.001_5e-05_AUG_4_B0802_2_per_token_metrics.csv,B0802,inf,/global/scratch/users/sergiomar10/models/ESMC_Pretrain/HLAB0802/ESMMASK_HLA_FT_25_0.001_5e-05_AUG_4_B0802_2.pt,HLA
ESMMASK_epitope_FT_20_0.001_5e-05_AUG_4_B2710_1_per_token_metrics.csv,B2710,inf,/global/scratch/users/sergiomar10/models/ESMC_Pretrain/HLAB2710/ESMMASK_epitope_FT_20_0.001_5e-05_AUG_4_B2710_1.pt,epitope
ESMMASK_HLA_FT_15_0.0001_5e-05_AUG_1_A3001_1_per_token_metrics.csv,A3001,inf,/global/scratch/users/sergiomar10/models/ESMC_Pretrain/HLAA3001/ESMMASK_HLA_FT_15_0.0001_5e-05_AUG_1_A3001_1.pt,HLA
ESMMASK_HLA_FT_15_0.001_5e-05_AUG_3_A6812_1_per_token_metrics.csv,A6812,inf,/global/scratch/users/sergiomar10/models/ESMC_Pretrain/HLAA6812/ESMMASK_HLA_FT_15_0.001_5e-05_AUG_3_A6812_1.pt,HLA
ESMMASK_HLA_FT_20_0.001_1e-06_AUG_3_A6812_1_per_token_metrics.csv,A6812,inf,/global/scratch/users/sergiomar10/models/ESMC_Pretrain/HLAA6812/ESMMASK_HLA_FT_20_0.001_1e-06_AUG_3_A6812_1.pt,HLA
ESMMASK_epitope_FT_20_1e-05_1e-06_AUG_1_A6601_1_per_token_metrics.csv,A6601,inf,/global/scratch/users/sergiomar10/models/ESMC_Pretrain/HLAA6601/ESMMASK_epitope_FT_20_1e-05_1e-06_AUG_1_A6601_1.pt,epitope
ESMMASK_epitope_FT_20_1e-05_1e-06_AUG_4_A6601_2_per_token_metrics.csv,A6601,inf,/global/scratch/users/sergiomar10/models/ESMC_Pretrain/HLAA6601/ESMMASK_epitope_FT_20_1e-05_1e-06_AUG_4_A6601_2.pt,epitope
ESMMASK_epitope_FT_25_0.001_1e-05_AUG_4_A6812_1_per_token_metrics.csv,A6812,inf,/global/scratch/users/sergiomar10/models/ESMC_Pretrain/HLAA6812/ESMMASK_epitope_FT_25_0.001_1e-05_AUG_4_A6812_1.pt,epitope
ESMMASK_epitope_FT_25_1e-05_1e-05_AUG_1_C0602_1_per_token_metrics.csv,C0602,inf,/global/scratch/users/sergiomar10/models/ESMC_Pretrain/HLAC0602/ESMMASK_epitope_FT_25_1e-05_1e-05_AUG_1_C0602_1.pt,epitope
ESMMASK_epitope_FT_25_1e-05_1e-06_AUG_1_C0602_1_per_token_metrics.csv,C0602,inf,/global/scratch/users/sergiomar10/models/ESMC_Pretrain/HLAC0602/ESMMASK_epitope_FT_25_1e-05_1e-06_AUG_1_C0602_1.pt,epitope
ESMMASK_epitope_FT_20_1e-05_1e-05_AUG_3_A3303_1_per_token_metrics.csv,A3303,inf,/global/scratch/users/sergiomar10/models/ESMC_Pretrain/HLAA3303/ESMMASK_epitope_FT_20_1e-05_1e-05_AUG_3_A3303_1.pt,epitope
ESMMASK_epitope_FT_25_1e-05_1e-06_AUG_4_A6801_1_per_token_metrics.csv,A6801,inf,/global/scratch/users/sergiomar10/models/ESMC_Pretrain/HLAA6801/ESMMASK_epitope_FT_25_1e-05_1e-06_AUG_4_A6801_1.pt,epitope
ESMMASK_epitope_FT_25_1e-05_1e-05_AUG_4_B1509_1_per_token_metrics.csv,B1509,inf,/global/scratch/users/sergiomar10/models/ESMC_Pretrain/HLAB1509/ESMMASK_epitope_FT_25_1e-05_1e-05_AUG_4_B1509_1.pt,epitope
ESMMASK_epitope_FT_20_1e-05_1e-06_AUG_1_B1509_2_per_token_metrics.csv,B1509,inf,/global/scratch/users/sergiomar10/models/ESMC_Pretrain/HLAB1509/ESMMASK_epitope_FT_20_1e-05_1e-06_AUG_1_B1509_2.pt,epitope
ESMMASK_epitope_FT_15_1e-05_1e-06_AUG_4_B4001_2_per_token_metrics.csv,B4001,inf,/global/scratch/users/sergiomar10/models/ESMC_Pretrain/HLAB4001/ESMMASK_epitope_FT_15_1e-05_1e-06_AUG_4_B4001_2.pt,epitope
ESMMASK_epitope_FT_25_1e-05_1e-06_AUG_3_A2601_2_per_token_metrics.csv,A2601,inf,/global/scratch/users/sergiomar10/models/ESMC_Pretrain/HLAA2601/ESMMASK_epitope_FT_25_1e-05_1e-06_AUG_3_A2601_2.pt,epitope
ESMMASK_epitope_FT_25_1e-05_1e-05_AUG_1_B5701_1_per_token_metrics.csv,B5701,inf,/global/scratch/users/sergiomar10/models/ESMC_Pretrain/HLAB5701/ESMMASK_epitope_FT_25_1e-05_1e-05_AUG_1_B5701_1.pt,epitope
ESMMASK_HLA_FT_15_0.0001_5e-05_AUG_1_B2710_2_per_token_metrics.csv,B2710,inf,/global/scratch/users/sergiomar10/models/ESMC_Pretrain/HLAB2710/ESMMASK_HLA_FT_15_0.0001_5e-05_AUG_1_B2710_2.pt,HLA
ESMMASK_epitope_FT_15_1e-05_1e-06_AUG_4_B4601_1_per_token_metrics.csv,B4601,inf,/global/scratch/users/sergiomar10/models/ESMC_Pretrain/HLAB4601/ESMMASK_epitope_FT_15_1e-05_1e-06_AUG_4_B4601_1.pt,epitope
ESMMASK_HLA_FT_25_0.001_1e-05_AUG_4_B2710_2_per_token_metrics.csv,B2710,inf,/global/scratch/users/sergiomar10/models/ESMC_Pretrain/HLAB2710/ESMMASK_HLA_FT_25_0.001_1e-05_AUG_4_B2710_2.pt,HLA
ESMMASK_HLA_FT_25_0.001_5e-05_AUG_4_B2710_1_per_token_metrics.csv,B2710,inf,/global/scratch/users/sergiomar10/models/ESMC_Pretrain/HLAB2710/ESMMASK_HLA_FT_25_0.001_5e-05_AUG_4_B2710_1.pt,HLA
ESMMASK_HLA_FT_25_1e-05_5e-05_AUG_1_B2710_1_per_token_metrics.csv,B2710,inf,/global/scratch/users/sergiomar10/models/ESMC_Pretrain/HLAB2710/ESMMASK_HLA_FT_25_1e-05_5e-05_AUG_1_B2710_1.pt,HLA
ESMMASK_epitope_FT_20_0.001_5e-05_AUG_1_B0802_2_per_token_metrics.csv,B0802,inf,/global/scratch/users/sergiomar10/models/ESMC_Pretrain/HLAB0802/ESMMASK_epitope_FT_20_0.001_5e-05_AUG_1_B0802_2.pt,epitope
ESMMASK_HLA_FT_20_0.001_5e-05_AUG_1_B0802_2_per_token_metrics.csv,B0802,inf,/global/scratch/users/sergiomar10/models/ESMC_Pretrain/HLAB0802/ESMMASK_HLA_FT_20_0.001_5e-05_AUG_1_B0802_2.pt,HLA
ESMMASK_HLA_FT_20_1e-05_1e-05_AUG_4_B0802_2_per_token_metrics.csv,B0802,inf,/global/scratch/users/sergiomar10/models/ESMC_Pretrain/HLAB0802/ESMMASK_HLA_FT_20_1e-05_1e-05_AUG_4_B0802_2.pt,HLA
ESMMASK_HLA_FT_20_1e-05_1e-06_AUG_4_B0802_1_per_token_metrics.csv,B0802,inf,/global/scratch/users/sergiomar10/models/ESMC_Pretrain/HLAB0802/ESMMASK_HLA_FT_20_1e-05_1e-06_AUG_4_B0802_1.pt,HLA
ESMMASK_epitope_FT_15_1e-05_1e-06_AUG_3_B1517_1_per_token_metrics.csv,B1517,inf,/global/scratch/users/sergiomar10/models/ESMC_Pretrain/HLAB1517/ESMMASK_epitope_FT_15_1e-05_1e-06_AUG_3_B1517_1.pt,epitope
ESMMASK_epitope_FT_25_1e-05_1e-05_AUG_3_B3503_2_per_token_metrics.csv,B3503,inf,/global/scratch/users/sergiomar10/models/ESMC_Pretrain/HLAB3503/ESMMASK_epitope_FT_25_1e-05_1e-05_AUG_3_B3503_2.pt,epitope
ESMMASK_epitope_FT_25_1e-05_5e-05_AUG_1_B3503_2_per_token_metrics.csv,B3503,inf,/global/scratch/users/sergiomar10/models/ESMC_Pretrain/HLAB3503/ESMMASK_epitope_FT_25_1e-05_5e-05_AUG_1_B3503_2.pt,epitope
ESMMASK_epitope_FT_25_1e-05_1e-05_AUG_1_C1402_2_per_token_metrics.csv,C1402,inf,/global/scratch/users/sergiomar10/models/ESMC_Pretrain/HLAC1402/ESMMASK_epitope_FT_25_1e-05_1e-05_AUG_1_C1402_2.pt,epitope
ESMMASK_epitope_FT_25_1e-05_1e-06_AUG_3_B4501_2_per_token_metrics.csv,B4501,inf,/global/scratch/users/sergiomar10/models/ESMC_Pretrain/HLAB4501/ESMMASK_epitope_FT_25_1e-05_1e-06_AUG_3_B4501_2.pt,epitope
ESMMASK_epitope_FT_20_1e-05_1e-06_AUG_1_B1517_2_per_token_metrics.csv,B1517,inf,/global/scratch/users/sergiomar10/models/ESMC_Pretrain/HLAB1517/ESMMASK_epitope_FT_20_1e-05_1e-06_AUG_1_B1517_2.pt,epitope
ESMMASK_epitope_FT_25_1e-05_1e-06_AUG_1_B1517_2_per_token_metrics.csv,B1517,inf,/global/scratch/users/sergiomar10/models/ESMC_Pretrain/HLAB1517/ESMMASK_epitope_FT_25_1e-05_1e-06_AUG_1_B1517_2.pt,epitope
ESMMASK_HLA_FT_15_1e-05_1e-06_AUG_1_B2705_1_per_token_metrics.csv,B2705,inf,/global/scratch/users/sergiomar10/models/ESMC_Pretrain/HLAB2705/ESMMASK_HLA_FT_15_1e-05_1e-06_AUG_1_B2705_1.pt,HLA
ESMMASK_HLA_FT_15_1e-05_1e-06_AUG_1_B2705_2_per_token_metrics.csv,B2705,inf,/global/scratch/users/sergiomar10/models/ESMC_Pretrain/HLAB2705/ESMMASK_HLA_FT_15_1e-05_1e-06_AUG_1_B2705_2.pt,HLA
ESMMASK_HLA_FT_20_1e-05_1e-05_AUG_1_B2705_2_per_token_metrics.csv,B2705,inf,/global/scratch/users/sergiomar10/models/ESMC_Pretrain/HLAB2705/ESMMASK_HLA_FT_20_1e-05_1e-05_AUG_1_B2705_2.pt,HLA
ESMMASK_epitope_FT_15_1e-05_5e-05_AUG_3_A0219_2_per_token_metrics.csv,A0219,inf,/global/scratch/users/sergiomar10/models/ESMC_Pretrain/HLAA0219/ESMMASK_epitope_FT_15_1e-05_5e-05_AUG_3_A0219_2.pt,epitope
ESMMASK_epitope_FT_15_1e-05_1e-06_AUG_1_B5201_1_per_token_metrics.csv,B5201,inf,/global/scratch/users/sergiomar10/models/ESMC_Pretrain/HLAB5201/ESMMASK_epitope_FT_15_1e-05_1e-06_AUG_1_B5201_1.pt,epitope
ESMMASK_epitope_FT_25_1e-05_1e-06_AUG_3_B1801_1_per_token_metrics.csv,B1801,inf,/global/scratch/users/sergiomar10/models/ESMC_Pretrain/HLAB1801/ESMMASK_epitope_FT_25_1e-05_1e-06_AUG_3_B1801_1.pt,epitope
ESMMASK_epitope_FT_20_1e-05_1e-06_AUG_4_B3501_2_per_token_metrics.csv,B3501,inf,/global/scratch/users/sergiomar10/models/ESMC_Pretrain/HLAB3501/ESMMASK_epitope_FT_20_1e-05_1e-06_AUG_4_B3501_2.pt,epitope
ESMMASK_HLA_FT_20_1e-05_5e-05_AUG_3_B1801_1_per_token_metrics.csv,B1801,inf,/global/scratch/users/sergiomar10/models/ESMC_Pretrain/HLAB1801/ESMMASK_HLA_FT_20_1e-05_5e-05_AUG_3_B1801_1.pt,HLA
ESMMASK_epitope_FT_25_1e-05_1e-05_AUG_3_C0701_2_per_token_metrics.csv,C0701,inf,/global/scratch/users/sergiomar10/models/ESMC_Pretrain/HLAC0701/ESMMASK_epitope_FT_25_1e-05_1e-05_AUG_3_C0701_2.pt,epitope
ESMMASK_HLA_FT_15_1e-05_1e-06_AUG_4_B3906_2_per_token_metrics.csv,B3906,inf,/global/scratch/users/sergiomar10/models/ESMC_Pretrain/HLAB3906/ESMMASK_HLA_FT_15_1e-05_1e-06_AUG_4_B3906_2.pt,HLA
ESMMASK_epitope_FT_15_1e-05_1e-06_AUG_3_B1801_1_per_token_metrics.csv,B1801,inf,/global/scratch/users/sergiomar10/models/ESMC_Pretrain/HLAB1801/ESMMASK_epitope_FT_15_1e-05_1e-06_AUG_3_B1801_1.pt,epitope
ESMMASK_epitope_FT_20_1e-05_1e-05_AUG_4_B1801_1_per_token_metrics.csv,B1801,inf,/global/scratch/users/sergiomar10/models/ESMC_Pretrain/HLAB1801/ESMMASK_epitope_FT_20_1e-05_1e-05_AUG_4_B1801_1.pt,epitope
ESMMASK_epitope_FT_25_1e-05_1e-06_AUG_4_B3906_1_per_token_metrics.csv,B3906,inf,/global/scratch/users/sergiomar10/models/ESMC_Pretrain/HLAB3906/ESMMASK_epitope_FT_25_1e-05_1e-06_AUG_4_B3906_1.pt,epitope
ESMMASK_epitope_FT_25_1e-05_1e-05_AUG_1_B4402_2_per_token_metrics.csv,B4402,inf,/global/scratch/users/sergiomar10/models/ESMC_Pretrain/HLAB4402/ESMMASK_epitope_FT_25_1e-05_1e-05_AUG_1_B4402_2.pt,epitope
ESMMASK_epitope_FT_25_1e-05_1e-06_AUG_3_B4402_2_per_token_metrics.csv,B4402,inf,/global/scratch/users/sergiomar10/models/ESMC_Pretrain/HLAB4402/ESMMASK_epitope_FT_25_1e-05_1e-06_AUG_3_B4402_2.pt,epitope
ESMMASK_epitope_FT_15_1e-05_1e-05_AUG_1_B4402_1_per_token_metrics.csv,B4402,inf,/global/scratch/users/sergiomar10/models/ESMC_Pretrain/HLAB4402/ESMMASK_epitope_FT_15_1e-05_1e-05_AUG_1_B4402_1.pt,epitope
ESMMASK_epitope_FT_15_1e-05_1e-06_AUG_1_B4402_1_per_token_metrics.csv,B4402,inf,/global/scratch/users/sergiomar10/models/ESMC_Pretrain/HLAB4402/ESMMASK_epitope_FT_15_1e-05_1e-06_AUG_1_B4402_1.pt,epitope
ESMMASK_epitope_FT_25_0.0001_5e-05_AUG_1_A2603_2_per_token_metrics.csv,A2603,inf,/global/scratch/users/sergiomar10/models/ESMC_Pretrain/HLAA2603/ESMMASK_epitope_FT_25_0.0001_5e-05_AUG_1_A2603_2.pt,epitope
ESMMASK_epitope_FT_15_1e-05_1e-06_AUG_3_A8001_2_per_token_metrics.csv,A8001,inf,/global/scratch/users/sergiomar10/models/ESMC_Pretrain/HLAA8001/ESMMASK_epitope_FT_15_1e-05_1e-06_AUG_3_A8001_2.pt,epitope
ESMMASK_epitope_FT_25_1e-05_1e-06_AUG_4_B1510_1_per_token_metrics.csv,B1510,inf,/global/scratch/users/sergiomar10/models/ESMC_Pretrain/HLAB1510/ESMMASK_epitope_FT_25_1e-05_1e-06_AUG_4_B1510_1.pt,epitope
ESMMASK_epitope_FT_15_1e-05_5e-05_AUG_1_B3701_2_per_token_metrics.csv,B3701,inf,/global/scratch/users/sergiomar10/models/ESMC_Pretrain/HLAB3701/ESMMASK_epitope_FT_15_1e-05_5e-05_AUG_1_B3701_2.pt,epitope
ESMMASK_HLA_FT_20_0.0001_1e-06_AUG_4_B5801_1_per_token_metrics.csv,B5801,inf,/global/scratch/users/sergiomar10/models/ESMC_Pretrain/HLAB5801/ESMMASK_HLA_FT_20_0.0001_1e-06_AUG_4_B5801_1.pt,HLA
ESMMASK_epitope_FT_15_1e-05_1e-05_AUG_4_A2403_2_per_token_metrics.csv,A2403,inf,/global/scratch/users/sergiomar10/models/ESMC_Pretrain/HLAA2403/ESMMASK_epitope_FT_15_1e-05_1e-05_AUG_4_A2403_2.pt,epitope
ESMMASK_epitope_FT_20_1e-05_1e-05_AUG_1_B5801_1_per_token_metrics.csv,B5801,inf,/global/scratch/users/sergiomar10/models/ESMC_Pretrain/HLAB5801/ESMMASK_epitope_FT_20_1e-05_1e-05_AUG_1_B5801_1.pt,epitope
ESMMASK_epitope_FT_15_1e-05_5e-05_AUG_1_C0801_2_per_token_metrics.csv,C0801,inf,/global/scratch/users/sergiomar10/models/ESMC_Pretrain/HLAC0801/ESMMASK_epitope_FT_15_1e-05_5e-05_AUG_1_C0801_2.pt,epitope
ESMMASK_epitope_FT_20_1e-05_1e-05_AUG_3_A2902_2_per_token_metrics.csv,A2902,inf,/global/scratch/users/sergiomar10/models/ESMC_Pretrain/HLAA2902/ESMMASK_epitope_FT_20_1e-05_1e-05_AUG_3_A2902_2.pt,epitope
ESMMASK_epitope_FT_20_1e-05_1e-06_AUG_1_A0201_2_per_token_metrics.csv,A0201,inf,/global/scratch/users/sergiomar10/models/ESMC_Pretrain/HLAA0201/ESMMASK_epitope_FT_20_1e-05_1e-06_AUG_1_A0201_2.pt,epitope
ESMMASK_HLA_FT_15_1e-05_1e-05_AUG_1_A0201_2_per_token_metrics.csv,A0201,inf,/global/scratch/users/sergiomar10/models/ESMC_Pretrain/HLAA0201/ESMMASK_HLA_FT_15_1e-05_1e-05_AUG_1_A0201_2.pt,HLA
ESMMASK_epitope_FT_15_1e-05_1e-06_AUG_3_A0211_1_per_token_metrics.csv,A0211,inf,/global/scratch/users/sergiomar10/models/ESMC_Pretrain/HLAA0211/ESMMASK_epitope_FT_15_1e-05_1e-06_AUG_3_A0211_1.pt,epitope
ESMMASK_epitope_FT_25_1e-05_1e-06_AUG_3_A0201_1_per_token_metrics.csv,A0201,inf,/global/scratch/users/sergiomar10/models/ESMC_Pretrain/HLAA0201/ESMMASK_epitope_FT_25_1e-05_1e-06_AUG_3_A0201_1.pt,epitope
ESMMASK_epitope_FT_25_1e-05_1e-06_AUG_1_A0201_1_per_token_metrics.csv,A0201,inf,/global/scratch/users/sergiomar10/models/ESMC_Pretrain/HLAA0201/ESMMASK_epitope_FT_25_1e-05_1e-06_AUG_1_A0201_1.pt,epitope
ESMMASK_epitope_FT_25_1e-05_1e-06_AUG_1_A0201_2_per_token_metrics.csv,A0201,inf,/global/scratch/users/sergiomar10/models/ESMC_Pretrain/HLAA0201/ESMMASK_epitope_FT_25_1e-05_1e-06_AUG_1_A0201_2.pt,epitope
ESMMASK_epitope_FT_20_1e-05_1e-06_AUG_1_A0201_1_per_token_metrics.csv,A0201,inf,/global/scratch/users/sergiomar10/models/ESMC_Pretrain/HLAA0201/ESMMASK_epitope_FT_20_1e-05_1e-06_AUG_1_A0201_1.pt,epitope
ESMMASK_epitope_FT_15_1e-05_1e-06_AUG_1_A0201_1_per_token_metrics.csv,A0201,inf,/global/scratch/users/sergiomar10/models/ESMC_Pretrain/HLAA0201/ESMMASK_epitope_FT_15_1e-05_1e-06_AUG_1_A0201_1.pt,epitope
ESMMASK_epitope_FT_15_1e-05_1e-06_AUG_1_A0201_2_per_token_metrics.csv,A0201,inf,/global/scratch/users/sergiomar10/models/ESMC_Pretrain/HLAA0201/ESMMASK_epitope_FT_15_1e-05_1e-06_AUG_1_A0201_2.pt,epitope
ESMMASK_epitope_FT_15_1e-05_1e-06_AUG_4_A0201_2_per_token_metrics.csv,A0201,inf,/global/scratch/users/sergiomar10/models/ESMC_Pretrain/HLAA0201/ESMMASK_epitope_FT_15_1e-05_1e-06_AUG_4_A0201_2.pt,epitope
ESMMASK_HLA_FT_20_1e-05_1e-05_AUG_1_A0201_2_per_token_metrics.csv,A0201,inf,/global/scratch/users/sergiomar10/models/ESMC_Pretrain/HLAA0201/ESMMASK_HLA_FT_20_1e-05_1e-05_AUG_1_A0201_2.pt,HLA
ESMMASK_epitope_FT_20_1e-05_1e-06_AUG_1_B8301_2_per_token_metrics.csv,B8301,inf,/global/scratch/users/sergiomar10/models/ESMC_Pretrain/HLAB8301/ESMMASK_epitope_FT_20_1e-05_1e-06_AUG_1_B8301_2.pt,epitope
ESMMASK_epitope_FT_25_1e-05_1e-05_AUG_1_B4002_2_per_token_metrics.csv,B4002,inf,/global/scratch/users/sergiomar10/models/ESMC_Pretrain/HLAB4002/ESMMASK_epitope_FT_25_1e-05_1e-05_AUG_1_B4002_2.pt,epitope
ESMMASK_epitope_FT_15_1e-05_1e-06_AUG_4_B8301_2_per_token_metrics.csv,B8301,inf,/global/scratch/users/sergiomar10/models/ESMC_Pretrain/HLAB8301/ESMMASK_epitope_FT_15_1e-05_1e-06_AUG_4_B8301_2.pt,epitope
ESMMASK_epitope_FT_15_1e-05_1e-05_AUG_3_B3801_2_per_token_metrics.csv,B3801,inf,/global/scratch/users/sergiomar10/models/ESMC_Pretrain/HLAB3801/ESMMASK_epitope_FT_15_1e-05_1e-05_AUG_3_B3801_2.pt,epitope
